-- phpMyAdmin SQL Dump
-- version 4.8.3
-- https://www.phpmyadmin.net/
--
-- Host: localhost:3306
-- Generation Time: Jan 25, 2020 at 11:22 PM
-- Server version: 5.6.46-cll-lve
-- PHP Version: 7.2.7

SET SQL_MODE = "NO_AUTO_VALUE_ON_ZERO";
SET AUTOCOMMIT = 0;
START TRANSACTION;
SET time_zone = "+00:00";


/*!40101 SET @OLD_CHARACTER_SET_CLIENT=@@CHARACTER_SET_CLIENT */;
/*!40101 SET @OLD_CHARACTER_SET_RESULTS=@@CHARACTER_SET_RESULTS */;
/*!40101 SET @OLD_COLLATION_CONNECTION=@@COLLATION_CONNECTION */;
/*!40101 SET NAMES utf8mb4 */;

--
-- Database: `challenge_mal`
--

-- --------------------------------------------------------

--
-- Table structure for table `admin_forgot`
--

CREATE TABLE `admin_forgot` (
  `id` int(8) NOT NULL,
  `user_id` int(8) NOT NULL,
  `otp` varchar(33) COLLATE utf8_unicode_ci NOT NULL,
  `active` int(8) NOT NULL,
  `dated` datetime NOT NULL
) ENGINE=InnoDB DEFAULT CHARSET=utf8 COLLATE=utf8_unicode_ci;

-- --------------------------------------------------------

--
-- Table structure for table `auth`
--

CREATE TABLE `auth` (
  `id` int(8) NOT NULL,
  `user_id` int(8) NOT NULL,
  `fcm` varchar(100) NOT NULL,
  `device_id` varchar(100) NOT NULL,
  `auth_key` varchar(100) NOT NULL,
  `dated` datetime NOT NULL,
  `active` int(1) NOT NULL
) ENGINE=InnoDB DEFAULT CHARSET=utf8;

--
-- Dumping data for table `auth`
--

INSERT INTO `auth` (`id`, `user_id`, `fcm`, `device_id`, `auth_key`, `dated`, `active`) VALUES
(1, 1, '', '', 'baf0352a7c4a56cd3d22fa3647e54322', '2020-01-03 09:25:57', 0),
(2, 2, '', '', 'db7f8ee16ccc24180a0537dffc0f3043', '2020-01-03 09:25:50', 0),
(3, 3, '', '', '463091bc93ab31613282f3ec2417ae61', '2020-01-02 18:26:49', 0),
(4, 4, '', '', '5b09a9c542bf6b9aec5a511bb5a76597', '2020-01-19 13:51:30', 0),
(5, 1, '', '', 'b2a7c18e26095b1b8c98cc1070f93057', '2020-01-03 09:25:57', 0),
(6, 2, '', '', '8593fae1506be70836041ed4e29d517f', '2020-01-03 09:25:50', 0),
(7, 1, '', '', '3ff18b06752268364b2d54548909ea2f', '2020-01-03 09:25:57', 0),
(8, 5, '', '', '7d53a7321ef9321e5c51c4e180f4c620', '2020-01-03 09:25:44', 0),
(9, 5, '', '', '7d53a7321ef9321e5c51c4e180f4c620', '2020-01-03 09:25:44', 0),
(10, 4, '', '', '5b09a9c542bf6b9aec5a511bb5a76597', '2020-01-19 13:51:30', 0),
(11, 3, '', '', '5de8ea01c30ad8922e7cbfcd6c8234aa', '2020-01-02 22:08:51', 1),
(12, 5, '', '', '045efce2283c3595b1032861e9eba016', '2020-01-03 09:25:44', 0),
(13, 2, '', '', '811e658b63ff47363c0cc00e430e17dc', '2020-01-03 09:25:50', 0),
(14, 1, '', '', '7c337d898be6872bf135e83572f3c6c6', '2020-01-03 09:25:57', 0),
(15, 5, '', '', 'ea5c0c8214088a78b2f6048958561366', '2020-01-03 09:25:44', 0),
(16, 6, '', '', '39945a770ed7cf5c55522a508cd371dd', '2020-01-03 20:18:07', 0),
(17, 7, '', '', '43f89e389428fc46857e76630c594835', '2020-01-03 20:18:12', 0),
(18, 8, '', '', 'fcfc3a098fae0ded91bd47440703d1e4', '2020-01-04 19:53:04', 0),
(19, 6, '', '', '780490ff3ea4c3c62a2e774c03fcf108', '2020-01-03 20:18:07', 0),
(20, 8, '', '', 'fcfc3a098fae0ded91bd47440703d1e4', '2020-01-04 19:53:04', 0),
(21, 6, '', '', 'fd1c9a1a5cb222bbb823de9ba99917c9', '2020-01-03 20:18:07', 0),
(22, 9, '', '', '0bc829468bc4aefc3b17614e16d3bf98', '2020-01-04 19:53:10', 0),
(23, 8, '', '', 'fcfc3a098fae0ded91bd47440703d1e4', '2020-01-04 19:53:04', 0),
(24, 6, '', '', 'a65e1c473264027f55ffccc53d8298ac', '2020-01-03 20:18:07', 0),
(25, 8, '', '', 'fcfc3a098fae0ded91bd47440703d1e4', '2020-01-04 19:53:04', 0),
(26, 9, '', '', '89a376e286c3632e4bdc1e785e984720', '2020-01-04 19:53:10', 0),
(27, 6, '', '', 'a2a1f6713d9f5fac4497019a03fa942b', '2020-01-03 20:18:07', 0),
(28, 6, '', '', 'a00bab154491caa2627354663d839aac', '2020-01-03 20:18:07', 0),
(29, 10, '', '', '4f9f0b41708b07744772be187af1e497', '2020-01-04 19:53:16', 0),
(30, 10, '', '', '3cd73b00c038157da4cc123f0c4a5e0f', '2020-01-04 19:53:16', 0),
(31, 8, '', '', 'fcfc3a098fae0ded91bd47440703d1e4', '2020-01-04 19:53:04', 0),
(32, 9, '', '', '1127b2b9cac2e4cb80db827d8b8e1a58', '2020-01-04 19:53:10', 0),
(33, 8, '', '', 'fcfc3a098fae0ded91bd47440703d1e4', '2020-01-04 19:53:04', 0),
(34, 9, '', '', 'badcf5678820bdd14301225d5289b991', '2020-01-04 19:53:10', 0),
(35, 10, '', '', '6b2180312ffbe93f00f66a83a3e2a399', '2020-01-04 19:53:16', 0),
(36, 11, '', '', '03b36140733c371fa0076d7ed808ce11', '2020-01-23 21:56:20', 0),
(37, 8, '', '', 'fcfc3a098fae0ded91bd47440703d1e4', '2020-01-04 19:53:04', 0),
(38, 9, '', '', 'a5b122ea1e425c132411b6d0cc1ab535', '2020-01-04 19:53:10', 0),
(39, 12, '', '', '000ad66d780f3a840448d97958f36976', '2020-01-04 08:11:41', 1),
(40, 8, '', '', 'fcfc3a098fae0ded91bd47440703d1e4', '2020-01-04 19:53:04', 0),
(41, 13, '', '', '2d8317a3f81c626f0cc4adb4231551b2', '2020-01-04 11:18:28', 1),
(42, 9, '', '', '0e89d3b6ead81d45bb4e287b4092f278', '2020-01-04 19:53:10', 0),
(43, 10, '', '', '555a57be99aa18c00c23087bc0db9af8', '2020-01-04 19:53:16', 0),
(44, 9, '', '', '7fe96233a333ddb6ca13d026aa30fdee', '2020-01-04 19:53:10', 0),
(45, 10, '', '', '4277372f92845d57144a76961dd4714d', '2020-01-04 19:53:16', 0),
(46, 8, '', '', 'e70b8db72c2a43e81590ec23c68eee32', '2020-01-04 19:53:04', 0),
(47, 9, '', '', '4062ba9d48c838e0b3e21e9aec9348ae', '2020-01-04 19:53:10', 0),
(48, 14, '', '', '4403ba60ff66bd49cfd655ade4dfd379', '2020-01-21 08:36:08', 0),
(49, 15, '', '', 'e93545956f5782ead8cad790ae84bfcb', '2020-01-12 13:33:42', 0),
(50, 15, '', '', 'e93545956f5782ead8cad790ae84bfcb', '2020-01-12 13:33:42', 0),
(51, 14, '', '', '4403ba60ff66bd49cfd655ade4dfd379', '2020-01-21 08:36:08', 0),
(52, 16, '', '', '9c0d90be987e6e2e4b1be3c3e54dab70', '2020-01-23 21:55:58', 0),
(53, 17, '', '', '76219f06353cdcb9ae22df990ce8de8a', '2020-01-23 21:55:33', 0),
(54, 18, '', '', 'c081de484347f971153d09b99edc34f7', '2020-01-05 11:41:59', 1),
(55, 19, '', '', '5b04459b7b658d5958c8b4519e6284f3', '2020-01-18 10:48:22', 0),
(56, 15, '', '', 'e93545956f5782ead8cad790ae84bfcb', '2020-01-12 13:33:42', 0),
(57, 14, '', '', '4403ba60ff66bd49cfd655ade4dfd379', '2020-01-21 08:36:08', 0),
(58, 20, '', '', 'e1a37db15bd883d9e0be4756c264e64b', '2020-01-05 22:18:12', 0),
(59, 21, '', '', '2157e5eddac205b363056211b91bb153', '2020-01-11 08:07:05', 0),
(60, 22, '', '', '040fe67786acd41a8ec8723f299282db', '2020-01-07 11:27:19', 1),
(61, 23, '', '', '2ab73725948017eb6b6b1ae2aae32661', '2020-01-07 13:15:13', 1),
(62, 24, '', '', '6ad0b7eeab355ea9521c75f62ba2ce69', '2020-01-07 13:19:05', 1),
(63, 14, '', '', '4403ba60ff66bd49cfd655ade4dfd379', '2020-01-21 08:36:08', 0),
(64, 25, '', '', '30e20c4e88242e0ace7adc5c61103c26', '2020-01-07 22:30:40', 0),
(65, 19, '', '', '5b04459b7b658d5958c8b4519e6284f3', '2020-01-18 10:48:22', 0),
(66, 26, '', '', '1c741ab57d50eada69d0cf5db9486d9f', '2020-01-07 22:36:27', 1),
(67, 19, '', '', '5b04459b7b658d5958c8b4519e6284f3', '2020-01-18 10:48:22', 0),
(68, 27, '', '', 'ab0e3ae8198d78468c0edcd4f366181f', '2020-01-07 22:42:26', 1),
(69, 19, '', '', '5b04459b7b658d5958c8b4519e6284f3', '2020-01-18 10:48:22', 1),
(70, 28, '', '', 'fe9916e2b054a85ef0302853bf169795', '2020-01-08 06:35:20', 0),
(71, 29, '', '', '06efffa9814ec6da4242018a9899759a', '2020-01-08 06:52:10', 1),
(72, 30, '', '', '3810a850e08dac77f00c4b59158b9bac', '2020-01-08 10:44:56', 1),
(73, 15, '', '', 'e93545956f5782ead8cad790ae84bfcb', '2020-01-12 13:33:42', 0),
(74, 31, '', '', '04bccc19a05864f933e547ad0340da7a', '2020-01-08 13:47:28', 1),
(75, 32, '', '', '49a33e345da7ccc34a1c0435acbf1151', '2020-01-08 17:33:00', 0),
(76, 33, '', '', 'ec30852b64fdf8641d918ed5752feaa8', '2020-01-08 17:33:27', 0),
(77, 33, '', '', '429b6ef7f9cf3b6d4a10e2a360988176', '2020-01-08 17:39:14', 1),
(78, 14, '', '', '4403ba60ff66bd49cfd655ade4dfd379', '2020-01-21 08:36:08', 0),
(79, 34, '', '', 'c100b83873c6b7fa59e5a81a9747a2f8', '2020-01-09 21:19:00', 1),
(80, 14, '', '', '4403ba60ff66bd49cfd655ade4dfd379', '2020-01-21 08:36:08', 0),
(81, 21, '', '', '2157e5eddac205b363056211b91bb153', '2020-01-11 08:07:05', 0),
(82, 14, '', '', '4403ba60ff66bd49cfd655ade4dfd379', '2020-01-21 08:36:08', 0),
(83, 35, '', '', 'de9a41990fcd7397a7be2d58b150576c', '2020-01-11 10:56:12', 0),
(84, 36, '', '', '7f796b723c7059ecebe63e18e3ac2d1d', '2020-01-11 17:47:45', 1),
(85, 37, '', '', 'b48d036e81fd9280ab9ba7929bee708e', '2020-01-11 18:11:38', 1),
(86, 38, '', '', '047ab0fa4ceb05abe6a4840cbaeac8a5', '2020-01-11 18:14:34', 1),
(87, 39, '', '', '4160e7c773a8d4215b5198edb766ee54', '2020-01-11 18:17:19', 1),
(88, 40, '', '', 'f2072a92cf4f0c2ab61e5b25fdcf5857', '2020-01-12 12:21:44', 0),
(89, 41, '', '', 'b30f814e24527758f2f214e4406f2b78', '2020-01-11 18:19:47', 1),
(90, 42, '', '', 'a2149931cab9c4dbe512b12320ab68da', '2020-01-11 18:28:50', 1),
(91, 43, '', '', '83a3e87643bc83927ea5f1f25c34c795', '2020-01-11 18:29:00', 1),
(92, 44, '', '', '4f67ce7eff7d760e1f0b5eb049b3bb81', '2020-01-11 20:33:58', 1),
(93, 15, '', '', 'a8d57a3f6d4850d66e48b3e74006d12e', '2020-01-12 13:33:42', 0),
(94, 45, '', '', 'd60a969c1d2a1e5d53a35802785a6e44', '2020-01-12 11:50:04', 1),
(95, 46, '', '', '4316ec1345ed365052ae6f7f6fde8266', '2020-01-12 11:50:25', 1),
(96, 47, '', '', 'b2bf1c5e5e1675595187370e2e8e0a7a', '2020-01-12 11:51:23', 1),
(97, 48, '', '', '893ef7064e68522383d842e2c05260d7', '2020-01-12 13:44:28', 0),
(98, 49, '', '', 'af5f7d5934269e19211aa4d1d4169cb9', '2020-01-12 13:32:37', 0),
(99, 50, '', '', '2646138644caec9765f6c6af5cbc0bd5', '2020-01-12 13:32:24', 0),
(100, 51, '', '', 'c5c4b106ed08e7d2fda775688520edf3', '2020-01-12 11:55:48', 1),
(101, 52, '', '', 'd63f6e876420517cbcbdc23dc4258c22', '2020-01-12 13:32:09', 0),
(102, 48, '', '', '5da659f3e6e571d6fe8f5e8c8ac8577c', '2020-01-12 13:44:28', 0),
(103, 14, '', '', '4403ba60ff66bd49cfd655ade4dfd379', '2020-01-21 08:36:08', 0),
(104, 48, '', '', '068776da7cc0b077d7808df679e2108f', '2020-01-12 13:44:28', 0),
(105, 35, '', '', 'c0827def537032bcdb429f92bce8d7fd', '2020-01-12 12:21:16', 0),
(106, 52, '', '', 'cbf273631ad007a8647e88ec7a99ffc7', '2020-01-12 13:32:09', 0),
(107, 14, '', '', '4403ba60ff66bd49cfd655ade4dfd379', '2020-01-21 08:36:08', 0),
(108, 53, '', '', '165e6383fe6ebc220ab75453dd3c0acd', '2020-01-12 12:54:03', 0),
(109, 49, '', '', 'af5f7d5934269e19211aa4d1d4169cb9', '2020-01-12 13:32:37', 0),
(110, 48, '', '', 'e77f91f12aeff2cf7ac7cc3845c2f086', '2020-01-12 13:44:28', 0),
(111, 54, '', '', 'f1fcfae85de2463cc7035dbd753ea68b', '2020-01-12 13:19:12', 0),
(112, 55, '', '', '392beaaf7263e373f3e2a3b4f09216cf', '2020-01-12 14:26:13', 0),
(113, 56, '', '', 'b0306ac34d9e4abf5fa9af3b77273a1a', '2020-01-12 13:31:25', 0),
(114, 57, '', '', 'bb6e15f339948ea8df3e28c7f7143080', '2020-01-16 21:02:30', 0),
(115, 48, '', '', '61e37658aca0d0911be25e9c14801f77', '2020-01-12 13:44:28', 0),
(116, 58, '', '', '03e72e5434f363a19b1bf74fa4640437', '2020-01-21 11:41:19', 0),
(117, 14, '', '', '4403ba60ff66bd49cfd655ade4dfd379', '2020-01-21 08:36:08', 0),
(118, 57, '', '', 'bb6e15f339948ea8df3e28c7f7143080', '2020-01-16 21:02:30', 0),
(119, 56, '', '', 'adba50d5b89211f818c7072b4159d944', '2020-01-12 13:52:54', 0),
(120, 55, '', '', '392beaaf7263e373f3e2a3b4f09216cf', '2020-01-12 14:26:13', 0),
(121, 55, '', '', 'e87d8cfadaf8519dc921b41e313cb2b2', '2020-01-12 14:30:55', 1),
(122, 59, '', '', '8c9f786e741c242692b6bc2fb1207091', '2020-01-15 20:44:30', 0),
(123, 14, '', '', '4403ba60ff66bd49cfd655ade4dfd379', '2020-01-21 08:36:08', 0),
(124, 60, '', '', 'f446ff160f435380ea9da7c76240196e', '2020-01-13 17:49:52', 1),
(125, 61, '', '', 'b4667258f318322b5521f6205aa00f43', '2020-01-13 19:26:41', 0),
(126, 61, '', '', '65cae34a15253e80d3c609ae1f5a9fae', '2020-01-13 19:27:38', 0),
(127, 62, '', '', '790e8ffe61b9bed43848757c4e8471bf', '2020-01-13 21:48:13', 0),
(128, 58, '', '', '03e72e5434f363a19b1bf74fa4640437', '2020-01-21 11:41:19', 0),
(129, 62, '', '', 'affdba5d690a6cda324d0a1854b033d3', '2020-01-13 22:21:47', 0),
(130, 58, '', '', '03e72e5434f363a19b1bf74fa4640437', '2020-01-21 11:41:19', 0),
(131, 62, '', '', '45df1cf28dbac925a52cefbac38a6ba9', '2020-01-14 15:27:23', 0),
(132, 63, '', '', '90936da5dbfd78c4c458899b0f149f2c', '2020-01-15 07:08:21', 0),
(133, 58, '', '', '03e72e5434f363a19b1bf74fa4640437', '2020-01-21 11:41:19', 0),
(134, 57, '', '', 'bb6e15f339948ea8df3e28c7f7143080', '2020-01-16 21:02:30', 0),
(135, 61, '', '', 'fedd2f2b01e65cc5377549905d195530', '2020-01-15 09:18:31', 0),
(136, 61, '', '', 'fe73e0d0b9fa957bf788c56028a54875', '2020-01-15 09:22:03', 0),
(137, 57, '', '', 'bb6e15f339948ea8df3e28c7f7143080', '2020-01-16 21:02:30', 0),
(138, 4, '', '', '5b09a9c542bf6b9aec5a511bb5a76597', '2020-01-19 13:51:30', 0),
(139, 14, '', '', '4403ba60ff66bd49cfd655ade4dfd379', '2020-01-21 08:36:08', 0),
(140, 4, '', '', '5b09a9c542bf6b9aec5a511bb5a76597', '2020-01-19 13:51:30', 1),
(141, 64, '', '', '914ab9a35ba85a77ffc55816648eac53', '2020-01-16 21:02:53', 0),
(142, 65, '', '', '0750936363b2e797cf46cfea7918baa8', '2020-01-15 22:04:32', 1),
(143, 66, '', '', '5640de859cb2289650100c3c31e17dc7', '2020-01-15 22:05:43', 1),
(144, 63, '', '', '41b32334dc28c72f9cb31e4bbbfad196', '2020-01-16 11:22:18', 1),
(145, 67, '', '', '6409e51f4de6d38db2e13cc6992e681a', '2020-01-16 13:14:39', 0),
(146, 68, '', '', 'd94f040994f8e046a789ec42c843d91e', '2020-01-16 13:15:29', 0),
(147, 69, '', '', '941fe296d004e7de2b6176108d573b4a', '2020-01-19 18:31:30', 0),
(148, 70, '', '', '02add3c4023293a24140a430478b4500', '2020-01-16 13:15:43', 0),
(149, 71, '', '', '6cf36ac5a8bf6baa19e4cd77aafde4b0', '2020-01-16 21:09:22', 0),
(150, 72, '', '', '8ffd6a7b3cd128b8afb125a36a82ab6c', '2020-01-16 21:09:41', 0),
(151, 73, '', '', '1d362ed11b1c68cd8ce4b6116b639ad9', '2020-01-19 18:30:07', 0),
(152, 58, '', '', '03e72e5434f363a19b1bf74fa4640437', '2020-01-21 11:41:19', 0),
(153, 70, '', '', 'a87c3cabc28b6513d1162af4522458a7', '2020-01-16 17:17:51', 0),
(154, 21, '', '', 'acc22dc7cb3f1d033eff96a17daa44e7', '2020-01-16 18:06:35', 1),
(155, 58, '', '', '03e72e5434f363a19b1bf74fa4640437', '2020-01-21 11:41:19', 0),
(156, 14, '', '', '4403ba60ff66bd49cfd655ade4dfd379', '2020-01-21 08:36:08', 0),
(157, 56, '', '', '0b12ec4482f3c843d8d244ede023e640', '2020-01-16 21:02:16', 0),
(158, 62, '', '', 'd49d316000b79e13667d03d15e5b62cc', '2020-01-16 21:03:18', 0),
(159, 67, '', '', '5bf42d085c898af595000f1fe047b53c', '2020-01-16 21:03:38', 0),
(160, 68, '', '', '899789068a4322f484ee01f248481420', '2020-01-16 21:06:55', 0),
(161, 70, '', '', 'dcb385d33dd532b7ef2dfb63af6ce0a9', '2020-01-16 21:07:15', 0),
(162, 73, '', '', '5b2c701a9d3275e9f38fb6cd0b9a2f2d', '2020-01-19 18:30:07', 0),
(163, 67, '', '', 'eb833839297b0d98ba7bfa0b47caf0a4', '2020-01-16 21:10:17', 0),
(164, 70, '', '', '415ddbaff7e80dfd4783e147ea8c5edd', '2020-01-16 21:10:29', 0),
(165, 72, '', '', '29c3d69d111516b0274953f342b0c0c2', '2020-01-16 21:11:09', 0),
(166, 74, '', '', '3e572aab1d4371e31855de00fc817588', '2020-01-19 21:02:29', 0),
(167, 75, '', '', '51ce59f482af51a7920e9540a05971d5', '2020-01-19 18:30:02', 0),
(168, 76, '', '', '4e8ee5d34e241340bdce83692e063e8a', '2020-01-19 18:29:53', 0),
(169, 75, '', '', '22fcb8de8c9af4ffa755fe0f228d693b', '2020-01-19 18:30:02', 0),
(170, 74, '', '', '3e572aab1d4371e31855de00fc817588', '2020-01-19 21:02:29', 0),
(171, 73, '', '', '50f00788134e7fb73248fc7dc8c41fa6', '2020-01-19 18:30:07', 0),
(172, 69, '', '', '95c157cf726fab0063265bad7041c34b', '2020-01-19 18:31:30', 0),
(173, 62, '', '', '8784b7d64061ca4e1a179257c5ec93ef', '2020-01-16 21:32:29', 0),
(174, 64, '', '', 'c5fa7425d0d4cec69a3fc22dd01f408f', '2020-01-16 21:33:12', 0),
(175, 58, '', '', '03e72e5434f363a19b1bf74fa4640437', '2020-01-21 11:41:19', 0),
(176, 14, '', '', '4403ba60ff66bd49cfd655ade4dfd379', '2020-01-21 08:36:08', 0),
(177, 57, '', '', '99f64474324d1c2715900b5d3c6e604b', '2020-01-16 21:34:35', 0),
(178, 56, '', '', 'c59b0d4d86489658443661b50e1febda', '2020-01-16 21:35:03', 0),
(179, 62, '', '', 'b90c05d2cc72491a4f261178acdee772', '2020-01-17 08:22:56', 0),
(180, 14, '', '', '4403ba60ff66bd49cfd655ade4dfd379', '2020-01-21 08:36:08', 0),
(181, 57, '', '', 'd2786eb0e54b9ac9cc3a32768eb44f69', '2020-01-17 10:01:15', 0),
(182, 58, '', '', '03e72e5434f363a19b1bf74fa4640437', '2020-01-21 11:41:19', 0),
(183, 56, '', '', 'e337cf706522e9ab2685dfcde35dd04c', '2020-01-17 10:03:18', 0),
(184, 74, '', '', '3e572aab1d4371e31855de00fc817588', '2020-01-19 21:02:29', 0),
(185, 77, '', '', '9b881eb47439fefc36735bb303f714b4', '2020-01-17 11:48:55', 1),
(186, 14, '', '', '4403ba60ff66bd49cfd655ade4dfd379', '2020-01-21 08:36:08', 0),
(187, 58, '', '', '03e72e5434f363a19b1bf74fa4640437', '2020-01-21 11:41:19', 0),
(188, 57, '', '', 'adac13474c4460760f4fe24667045d0a', '2020-01-19 08:34:58', 1),
(189, 61, '', '', '9738f68ab0295331099aaf5cdfa049e7', '2020-01-19 11:18:25', 0),
(190, 74, '', '', '3e572aab1d4371e31855de00fc817588', '2020-01-19 21:02:29', 0),
(191, 78, '', '', '9f613be830318e8602a7f4daab238055', '2020-01-19 18:38:43', 0),
(192, 79, '', '', 'f716a8b8de0faeeac5bb918b57493438', '2020-01-19 18:35:32', 0),
(193, 80, '', '', '2ea46dc64f1625261f42ff9a160b032f', '2020-01-19 22:21:10', 0),
(194, 74, '', '', '3e572aab1d4371e31855de00fc817588', '2020-01-19 21:02:29', 0),
(195, 74, '', '', '3e572aab1d4371e31855de00fc817588', '2020-01-19 21:02:29', 0),
(196, 78, '', '', '86cd414c1354153db917fff9b51ac592', '2020-01-19 18:42:59', 0),
(197, 74, '', '', '3e572aab1d4371e31855de00fc817588', '2020-01-19 21:02:29', 0),
(198, 78, '', '', '971530a895077942dda202cf1e12b199', '2020-01-19 18:46:28', 0),
(199, 74, '', '', '3e572aab1d4371e31855de00fc817588', '2020-01-19 21:02:29', 0),
(200, 74, '', '', '3e572aab1d4371e31855de00fc817588', '2020-01-19 21:02:29', 0),
(201, 78, '', '', '2192c99a19eb48084f89d0da263fba2f', '2020-01-19 21:04:55', 0),
(202, 74, '', '', 'c89a54478e0ce880cc1a0a26bf4770c4', '2020-01-19 22:18:34', 0),
(203, 74, '', '', '98334a97cfd64e2a3d1795f73d9478d2', '2020-01-19 22:21:40', 0),
(204, 74, '', '', 'a43907574631c91e54179b6b856ad961', '2020-01-19 22:23:30', 0),
(205, 81, '', '', '94229e826f324f4f17da176ccec81f7c', '2020-01-19 22:25:19', 0),
(206, 74, '', '', '06275e8d00973285e2576dca30af7c03', '2020-01-19 22:26:56', 0),
(207, 81, '', '', '50aa39cea6a5a9cbb7ba709370b95e6b', '2020-01-19 22:27:42', 0),
(208, 78, '', '', '03808045f76a07e8385b5dee3a7434e4', '2020-01-19 22:28:02', 0),
(209, 82, '', '', '2cc8f151f40720c3675eaf5c62689085', '2020-01-19 22:29:13', 0),
(210, 14, '', '', '4403ba60ff66bd49cfd655ade4dfd379', '2020-01-21 08:36:08', 0),
(211, 14, '', '', '4403ba60ff66bd49cfd655ade4dfd379', '2020-01-21 08:36:08', 0),
(212, 83, '', '', 'bf418d80bbaa26583301c18e9e946ec6', '2020-01-21 20:10:42', 1),
(213, 84, '', '', '8ec7164d6a7b03089647502ad866be4f', '2020-01-22 19:05:30', 1),
(214, 62, '', '', '9cf9e941ee93439f5b257a9f40651ffa', '2020-01-23 09:36:21', 0),
(215, 58, '', '', '617611ecb2629b69136fd8db1c358150', '2020-01-23 15:43:30', 1),
(216, 85, '', '', '2fb33411416175b6540dd31621468f8f', '2020-01-23 22:11:29', 1),
(217, 86, '', '', '5473bd068626548de4f8a7b7937adb49', '2020-01-25 21:17:08', 1);

-- --------------------------------------------------------

--
-- Table structure for table `chapter`
--

CREATE TABLE `chapter` (
  `id` int(8) NOT NULL,
  `class_id` int(8) NOT NULL,
  `subject_id` int(8) NOT NULL,
  `month_id` int(8) NOT NULL,
  `chapter_name` varchar(5000) NOT NULL,
  `modified` datetime NOT NULL,
  `status` int(8) NOT NULL
) ENGINE=InnoDB DEFAULT CHARSET=utf8;

--
-- Dumping data for table `chapter`
--

INSERT INTO `chapter` (`id`, `class_id`, `subject_id`, `month_id`, `chapter_name`, `modified`, `status`) VALUES
(1, 1, 1, 1, 'à¤¶à¥à¤°à¤® à¤µà¤¿à¤­à¤¾à¤œà¤¨ à¤”à¤° à¤œà¤¾à¤¤à¤¿ à¤ªà¥à¤°à¤¥à¤¾ ', '2020-01-03 09:27:24', 0),
(2, 4, 2, 1, 'à¤¶à¥à¤°à¤® à¤µà¤¿à¤­à¤¾à¤œà¤¨ à¤”à¤° à¤œà¤¾à¤¤à¤¿ à¤ªà¥à¤°à¤¥à¤¾ ', '2020-01-03 11:21:23', 0),
(3, 4, 3, 1, 'à¤¶à¥à¤°à¤® à¤µà¤¿à¤­à¤¾à¤œà¤¨ à¤”à¤° à¤œà¤¾à¤¤à¤¿ à¤ªà¥à¤°à¤¥à¤¾ ', '2020-01-04 19:50:38', 0),
(4, 7, 4, 2, 'à¤•à¤¾à¤°à¤• ', '2020-01-03 20:15:46', 0),
(5, 5, 5, 3, 'à¤¸à¤®à¤¾à¤¸ ', '2020-01-04 19:51:48', 0),
(6, 5, 6, 1, 'à¤¸à¤‚à¤§à¤¿ ', '2020-01-04 19:51:51', 0),
(7, 7, 7, 1, 'à¤—à¥‹à¤§à¥à¤²à¥€  (chapter 1 To 3 )', '2020-01-04 19:51:54', 0),
(8, 5, 8, 2, 'Laxman', '2020-01-04 19:51:53', 0),
(9, 8, 9, 1, 'à¤¶à¥à¤°à¤® à¤µà¤¿à¤­à¤¾à¤œà¤¨ à¤”à¤° à¤œà¤¾à¤¤à¤¿ à¤ªà¥à¤°à¤¥à¤¾ ', '2020-01-04 19:56:58', 1),
(10, 8, 9, 1, 'à¤¦à¤¹à¥€ à¤µà¤¾à¤²à¥€ à¤®à¤‚à¤—à¤®à¥à¤®à¤¾ ', '2020-01-04 20:05:08', 1),
(11, 9, 10, 1, 'à¤—à¥‹à¤§à¥à¤²à¥€  (chapter 1 To 3 )', '2020-01-04 20:13:37', 1),
(12, 10, 11, 1, 'à¤­à¤¾à¤·à¤¾ ', '2020-01-13 21:44:22', 1),
(13, 10, 11, 1, 'à¤ªà¤°à¥à¤¯à¤¾à¤¯à¤µà¤¾à¤šà¥€ à¤¶à¤¬à¥à¤¦ ', '2020-01-13 21:54:38', 1),
(14, 8, 12, 1, 'à¤ªà¥à¤°à¤•à¤¾à¤¶ à¤•à¤¾ à¤ªà¤°à¤¾à¤µà¤°à¥à¤¤à¤¨ ', '2020-01-13 22:12:11', 1),
(15, 8, 13, 1, 'à¤¸à¤‚à¤œà¥à¤žà¤¾ ', '2020-01-19 07:29:38', 1),
(16, 8, 14, 4, 'à¤¦à¤¹à¥€ à¤µà¤¾à¤²à¥€ à¤®à¤‚à¤—à¤®à¥à¤®à¤¾ ', '2020-01-24 11:30:37', 0),
(17, 8, 15, 2, 'à¤µà¤¿à¤· à¤•à¥‡ à¤¦à¤¾à¤‚à¤¤ ', '2020-01-24 11:37:07', 1),
(18, 8, 13, 1, 'à¤µà¤°à¥à¤£ à¤µà¤¿à¤šà¤¾à¤° ', '2020-01-24 12:07:16', 1),
(19, 8, 27, 2, 'à¤ªà¥à¤°à¤•à¤¾à¤¶ à¤•à¤¾à¤…à¤ªà¤µà¤°à¥à¤¤à¤¨ ', '2020-01-24 12:17:05', 1);

-- --------------------------------------------------------

--
-- Table structure for table `class`
--

CREATE TABLE `class` (
  `id` int(8) NOT NULL,
  `name` varchar(50) NOT NULL,
  `session` varchar(12) NOT NULL,
  `modified` timestamp NOT NULL DEFAULT CURRENT_TIMESTAMP ON UPDATE CURRENT_TIMESTAMP,
  `active` int(1) NOT NULL
) ENGINE=MyISAM DEFAULT CHARSET=utf8;

--
-- Dumping data for table `class`
--

INSERT INTO `class` (`id`, `name`, `session`, `modified`, `active`) VALUES
(10, '12th HIndi (100) Marks', '2019-2020', '2020-01-14 04:43:04', 1),
(9, '10th crash course', '2019-2020', '2020-01-24 18:23:51', 0),
(8, '10th', '2019-2020', '2020-01-05 02:53:48', 1),
(4, '10th', '2019-2020', '2020-01-05 02:52:26', 0),
(5, '9th', '2019-2020', '2020-01-05 02:52:30', 0),
(6, '8th', '2019-2020', '2020-01-05 02:52:33', 0),
(7, '10th crash course', '2019-2020', '2020-01-05 02:52:38', 0);

-- --------------------------------------------------------

--
-- Table structure for table `course_details`
--

CREATE TABLE `course_details` (
  `id` int(10) NOT NULL,
  `user_id` int(10) NOT NULL,
  `class_id` int(5) NOT NULL,
  `subject_id` int(5) DEFAULT NULL,
  `month_id` varchar(100) DEFAULT NULL,
  `amount` float(7,2) DEFAULT NULL,
  `paid` int(1) DEFAULT NULL,
  `modified` datetime NOT NULL,
  `active` int(1) NOT NULL
) ENGINE=MyISAM DEFAULT CHARSET=utf8;

--
-- Dumping data for table `course_details`
--

INSERT INTO `course_details` (`id`, `user_id`, `class_id`, `subject_id`, `month_id`, `amount`, `paid`, `modified`, `active`) VALUES
(1, 1, 1, NULL, NULL, NULL, NULL, '2020-01-02 17:55:21', 1),
(2, 2, 2, NULL, NULL, NULL, NULL, '2020-01-02 17:58:07', 1),
(3, 3, 1, NULL, NULL, NULL, NULL, '2020-01-02 18:26:23', 1),
(4, 4, 1, NULL, NULL, NULL, NULL, '2020-01-02 18:53:00', 1),
(5, 5, 2, NULL, NULL, NULL, NULL, '2020-01-02 21:48:46', 1),
(6, 6, 7, NULL, '2', NULL, 1, '2020-01-03 09:33:01', 1),
(7, 7, 7, NULL, NULL, NULL, NULL, '2020-01-03 10:44:07', 1),
(8, 8, 4, NULL, '1', NULL, 1, '2020-01-03 11:07:51', 1),
(9, 9, 5, NULL, '3', NULL, 1, '2020-01-03 11:37:44', 1),
(10, 10, 7, NULL, NULL, NULL, NULL, '2020-01-03 20:18:50', 1),
(11, 11, 4, NULL, NULL, NULL, NULL, '2020-01-03 20:54:01', 1),
(12, 12, 4, NULL, NULL, NULL, NULL, '2020-01-04 08:11:41', 1),
(13, 13, 4, NULL, NULL, NULL, NULL, '2020-01-04 11:18:11', 1),
(14, 14, 8, NULL, '1', NULL, 1, '2020-01-04 20:10:52', 1),
(15, 15, 9, NULL, NULL, NULL, NULL, '2020-01-04 20:11:48', 1),
(16, 16, 9, NULL, NULL, NULL, NULL, '2020-01-05 01:41:11', 1),
(17, 17, 9, NULL, NULL, NULL, NULL, '2020-01-05 11:32:28', 1),
(18, 18, 9, NULL, NULL, NULL, NULL, '2020-01-05 11:40:30', 1),
(19, 19, 9, NULL, NULL, NULL, NULL, '2020-01-05 13:25:33', 1),
(20, 20, 9, NULL, NULL, NULL, NULL, '2020-01-05 22:17:55', 1),
(21, 21, 9, NULL, '1,1', NULL, 1, '2020-01-06 17:19:02', 1),
(22, 22, 8, NULL, NULL, NULL, NULL, '2020-01-07 11:26:57', 1),
(23, 23, 9, NULL, NULL, NULL, NULL, '2020-01-07 13:15:13', 1),
(24, 24, 9, NULL, NULL, NULL, NULL, '2020-01-07 13:19:05', 1),
(25, 25, 9, NULL, NULL, NULL, NULL, '2020-01-07 22:30:34', 1),
(26, 26, 9, NULL, NULL, NULL, NULL, '2020-01-07 22:36:27', 1),
(27, 27, 8, NULL, NULL, NULL, NULL, '2020-01-07 22:42:26', 1),
(28, 28, 8, NULL, NULL, NULL, NULL, '2020-01-08 06:35:01', 1),
(29, 29, 8, NULL, NULL, NULL, NULL, '2020-01-08 06:52:10', 1),
(30, 30, 8, NULL, NULL, NULL, NULL, '2020-01-08 10:44:56', 1),
(31, 31, 9, NULL, NULL, NULL, NULL, '2020-01-08 13:46:58', 1),
(32, 32, 8, NULL, NULL, NULL, NULL, '2020-01-08 17:31:07', 1),
(33, 33, 9, NULL, NULL, NULL, NULL, '2020-01-08 17:33:07', 1),
(34, 34, 9, NULL, NULL, NULL, NULL, '2020-01-09 21:17:58', 1),
(35, 35, 9, NULL, '1', NULL, 1, '2020-01-11 10:55:56', 1),
(36, 36, 9, NULL, NULL, NULL, NULL, '2020-01-11 17:47:45', 1),
(37, 37, 9, NULL, NULL, NULL, NULL, '2020-01-11 18:11:38', 1),
(38, 38, 9, NULL, NULL, NULL, NULL, '2020-01-11 18:14:34', 1),
(39, 39, 4, NULL, NULL, NULL, NULL, '2020-01-11 18:17:19', 1),
(40, 40, 8, NULL, '1', NULL, 1, '2020-01-11 18:17:32', 1),
(41, 41, 4, NULL, NULL, NULL, NULL, '2020-01-11 18:19:47', 1),
(42, 42, 4, NULL, NULL, NULL, NULL, '2020-01-11 18:28:50', 1),
(43, 43, 4, NULL, NULL, NULL, NULL, '2020-01-11 18:29:00', 1),
(44, 44, 9, NULL, NULL, NULL, NULL, '2020-01-11 20:33:58', 1),
(45, 45, 4, NULL, NULL, NULL, NULL, '2020-01-12 11:50:04', 1),
(46, 46, 8, NULL, NULL, NULL, NULL, '2020-01-12 11:50:25', 1),
(47, 47, 9, NULL, NULL, NULL, NULL, '2020-01-12 11:51:23', 1),
(48, 48, 8, NULL, NULL, NULL, NULL, '2020-01-12 11:52:19', 1),
(49, 49, 8, NULL, NULL, NULL, NULL, '2020-01-12 11:54:09', 1),
(50, 50, 8, NULL, NULL, NULL, NULL, '2020-01-12 11:54:52', 1),
(51, 51, 9, NULL, NULL, NULL, NULL, '2020-01-12 11:55:13', 1),
(52, 52, 8, NULL, NULL, NULL, NULL, '2020-01-12 12:15:16', 1),
(53, 53, 8, NULL, NULL, NULL, NULL, '2020-01-12 12:52:55', 1),
(54, 54, 9, NULL, NULL, NULL, NULL, '2020-01-12 13:18:31', 1),
(55, 55, 8, NULL, '1', NULL, 1, '2020-01-12 13:25:59', 1),
(56, 56, 8, NULL, '1', NULL, 1, '2020-01-12 13:31:12', 1),
(57, 57, 8, NULL, '', NULL, 1, '2020-01-12 13:36:08', 1),
(58, 58, 8, NULL, '1,2', NULL, 1, '2020-01-12 13:45:44', 1),
(59, 59, 8, NULL, '1', NULL, 1, '2020-01-12 17:55:16', 1),
(60, 60, 8, NULL, NULL, NULL, NULL, '2020-01-13 17:49:52', 1),
(61, 61, 9, NULL, NULL, NULL, NULL, '2020-01-13 19:23:25', 1),
(62, 62, 10, NULL, '1', NULL, 1, '2020-01-13 21:48:01', 1),
(63, 63, 9, NULL, NULL, NULL, NULL, '2020-01-14 19:46:18', 1),
(64, 64, 8, NULL, '1', NULL, 1, '2020-01-15 21:08:53', 1),
(65, 65, 8, NULL, NULL, NULL, NULL, '2020-01-15 22:04:32', 1),
(66, 66, 4, NULL, NULL, NULL, NULL, '2020-01-15 22:05:43', 1),
(67, 67, 8, NULL, NULL, NULL, NULL, '2020-01-16 13:03:57', 1),
(68, 68, 8, NULL, NULL, NULL, NULL, '2020-01-16 13:04:57', 1),
(69, 69, 8, NULL, '1', NULL, 1, '2020-01-16 13:05:43', 1),
(70, 70, 8, NULL, NULL, NULL, NULL, '2020-01-16 13:06:21', 1),
(71, 71, 8, NULL, NULL, NULL, NULL, '2020-01-16 13:06:52', 1),
(72, 72, 8, NULL, NULL, NULL, NULL, '2020-01-16 13:07:24', 1),
(73, 73, 8, NULL, '1', NULL, 1, '2020-01-16 13:08:01', 1),
(74, 74, 8, NULL, '1', NULL, 1, '2020-01-16 21:11:59', 1),
(75, 75, 8, NULL, '1', NULL, 1, '2020-01-16 21:14:06', 1),
(76, 76, 8, NULL, '1', NULL, 1, '2020-01-16 21:18:37', 1),
(77, 77, 10, NULL, NULL, NULL, NULL, '2020-01-17 11:48:34', 1),
(78, 78, 8, NULL, '2,1', NULL, 1, '2020-01-19 18:33:54', 1),
(79, 79, 8, NULL, NULL, NULL, NULL, '2020-01-19 18:35:07', 1),
(80, 80, 8, NULL, NULL, NULL, NULL, '2020-01-19 18:37:31', 1),
(81, 81, 8, NULL, NULL, NULL, NULL, '2020-01-19 22:25:04', 1),
(82, 82, 8, NULL, NULL, NULL, NULL, '2020-01-19 22:29:11', 1),
(83, 83, 9, NULL, NULL, NULL, NULL, '2020-01-21 20:10:42', 1),
(84, 84, 9, NULL, NULL, NULL, NULL, '2020-01-22 19:05:30', 1),
(85, 85, 8, NULL, '1', NULL, 1, '2020-01-23 21:56:24', 1),
(86, 86, 8, NULL, '1', NULL, 1, '2020-01-25 21:16:42', 1);

-- --------------------------------------------------------

--
-- Table structure for table `exam_question_setup`
--

CREATE TABLE `exam_question_setup` (
  `id` int(8) NOT NULL,
  `title_id` int(8) NOT NULL,
  `class_id` int(8) NOT NULL,
  `subject_id` int(8) NOT NULL,
  `video_id` int(8) NOT NULL,
  `question` varchar(10000) COLLATE utf8_unicode_ci NOT NULL,
  `option1` varchar(2000) COLLATE utf8_unicode_ci NOT NULL,
  `option2` varchar(2000) COLLATE utf8_unicode_ci NOT NULL,
  `option3` varchar(2000) COLLATE utf8_unicode_ci NOT NULL,
  `option4` varchar(2000) COLLATE utf8_unicode_ci NOT NULL,
  `flag` int(8) NOT NULL,
  `answer` varchar(12) COLLATE utf8_unicode_ci NOT NULL,
  `modified` datetime NOT NULL
) ENGINE=InnoDB DEFAULT CHARSET=utf8 COLLATE=utf8_unicode_ci;

--
-- Dumping data for table `exam_question_setup`
--

INSERT INTO `exam_question_setup` (`id`, `title_id`, `class_id`, `subject_id`, `video_id`, `question`, `option1`, `option2`, `option3`, `option4`, `flag`, `answer`, `modified`) VALUES
(1, 0, 4, 2, 2, 'à¤¶à¥à¤°à¤® à¤µà¤¿à¤­à¤¾à¤œà¤¨ à¤”à¤° à¤œà¤¾à¤¤à¤¿ à¤ªà¥à¤°à¤¥à¤¾ à¤•à¤¹à¤¾à¤¨à¥€ à¤•à¥‡ à¤²à¥‡à¤–à¤• à¤•à¥Œà¤¨ à¤¹à¥ˆà¤‚ ?', 'à¤…à¤®à¤°à¤•à¤¾à¤‚à¤¤ ', 'à¤­à¥€à¤®à¤°à¤¾à¤µ ', 'à¤¸à¤¾à¤¤à¤•à¥‹à¥œà¥€ à¤¹à¥‹à¤¤à¤¾ ', 'à¤¶à¥à¤°à¥€ à¤¨à¤¿à¤µà¤¾à¤¸ ', 0, '2', '2020-01-03 20:25:28'),
(2, 0, 4, 2, 2, 'à¤µà¤¿à¤¶à¥‡à¤·à¤£ à¤•à¥‡ à¤•à¤¿à¤¤à¤¨à¥‡ à¤­à¥‡à¤¦ à¤¹à¥ˆ ?', '4', '8', '7', '6', 0, '1', '2020-01-03 20:25:31'),
(3, 0, 4, 2, 2, 'à¤¸à¤®à¤¾à¤¸ à¤•à¥‡ à¤•à¤¿à¤¤à¤¨à¥‡ à¤­à¥‡à¤¦ à¤¹à¥ˆ ?', '2', '5', '6', '7', 0, '3', '2020-01-03 20:25:34'),
(4, 0, 4, 2, 2, 'à¤•à¤¾à¤°à¤• à¤•à¥‡ à¤•à¤¿à¤¤à¤¨à¥‡ à¤­à¥‡à¤¦ à¤¹à¥ˆ ?', '7', '5', '6', '8', 0, '4', '2020-01-03 20:25:50'),
(5, 0, 4, 2, 2, 'à¤¸à¤‚à¤œà¥à¤žà¤¾ à¤•à¥‡ à¤•à¤¿à¤¤à¤¨à¥‡ à¤­à¥‡à¤¦ à¤¹à¥ˆ ?', '3', '7', '6', '5', 0, '4', '2020-01-03 20:25:25'),
(6, 0, 8, 9, 9, 'à¤®à¤‚à¤—à¤®à¥à¤®à¤¾ à¤•à¤¿à¤¸ à¤•à¤¹à¤¾à¤¨à¥€ à¤•à¥€ à¤ªà¤¾à¤¤à¥à¤° à¤¹à¥ˆ ?', 'à¤¦à¤¹à¥€ à¤µà¤¾à¤²à¥€ à¤®à¤‚à¤—à¤®à¥à¤®à¤¾ ', 'à¤¦à¤¹à¤¤à¥‡ à¤µà¤¿à¤¶à¥à¤µà¤¾à¤¸ ', 'à¤®à¤¾à¤ ', 'à¤§à¤°à¤¤à¥€ à¤•à¤¬ à¤¤à¤• à¤˜à¥‚à¤®à¥‡à¤—à¥€ ', 1, '1', '2020-01-04 20:13:07'),
(7, 0, 8, 9, 9, 'à¤®à¤‚à¤—à¤®à¥à¤®à¤¾  à¤•à¤¿à¤¸ à¤¸à¤¹à¤° à¤®à¥‡à¤‚ à¤¦à¤¹à¥€ à¤¬à¥‡à¤šà¤¾ à¤•à¤°à¤¤à¥€  à¤¥à¥€ ?', 'à¤°à¤¾à¤®à¥‡à¤¶à¥à¤µà¤°à¤® ', 'à¤•à¥‡à¤°à¤² ', 'à¤¬à¥‡à¤‚à¤—à¥à¤²à¥à¤°à¥ ', 'à¤¹à¥ˆà¤¦à¤°à¤¾à¤¬à¤¾à¤¦ ', 1, '3', '2020-01-04 20:15:29'),
(8, 0, 8, 9, 9, 'à¤¶à¥à¤°à¥€ à¤¨à¤¿à¤µà¤¾à¤¸ à¤œà¥€ à¤•à¤¾ à¤ªà¥‚à¤°à¤¾ à¤¨à¤¾à¤® à¤•à¥à¤¯à¤¾ à¤¥à¤¾  ?', 'à¤¸à¤šà¥à¤šà¤¿à¤¦à¤¾à¤¨à¤‚à¤¦ à¤µà¤¾à¤¤à¥à¤¸à¤¾à¤¯à¤¨ ', 'à¤®à¤¾à¤°à¥à¤¤à¥€ à¤µà¥‡à¤‚à¤•à¤Ÿà¥‡à¤¶ à¤…à¤¯à¥à¤¯à¤‚à¤—à¤¾à¤° ', 'à¤¸à¤¾à¤¤à¤•à¥‹à¥œà¥€ à¤¹à¥‹à¤¤à¤¾ ', 'à¤¬à¤¦à¥à¤°à¥€ à¤¨à¤¾à¤°à¤¾à¤¯à¤£ à¤ªà¥à¤°à¥‡à¤®à¤§à¤¨ ', 1, '2', '2020-01-04 20:17:39'),
(9, 0, 8, 9, 9, 'à¤¶à¥à¤°à¥€ à¤¨à¤¿à¤µà¤¾à¤¸ à¤‡à¤¸ à¤¸à¤¾à¤¹à¤¿à¤¤à¥à¤¯ à¤•à¥‡ à¤ªà¥à¤°à¤¤à¤¿à¤·à¥à¤ à¤¿à¤¤ à¤°à¤šà¤¨à¤¾à¤•à¤¾à¤° à¤®à¥‡à¤‚ à¤à¤• à¤¹à¥ˆà¤‚ ?', 'à¤­à¥‹à¤œà¤ªà¥à¤°à¥€ à¤¸à¤¾à¤¹à¤¿à¤¤à¥à¤¯ ', 'à¤¹à¤¿à¤¨à¥à¤¦à¥€ à¤¸à¤¾à¤¹à¤¿à¤¤à¥à¤¯ ', 'à¤¬à¤‚à¤—à¤²à¤¾ à¤¸à¤¾à¤¹à¤¿à¤¤à¥à¤¯ ', 'à¤•à¤¨à¥à¤¨à¥œ  à¤¸à¤¾à¤¹à¤¿à¤¤à¥à¤¯ ', 1, '4', '2020-01-04 20:19:54'),
(10, 0, 8, 9, 9, 'à¤®à¤‚à¤—à¤®à¥à¤®à¤¾ à¤•à¥€  à¤¬à¤¹à¥ à¤•à¥Œà¤¨ à¤¥à¥€  ?', 'à¤…à¤œà¤®à¤¾ ', 'à¤¨à¤¨à¥à¤œà¤®à¥à¤®à¤¾ ', 'à¤°à¤‚à¤—à¤ªà¥à¤ªà¤¾ ', 'à¤‡à¤¨à¤®à¥‡ à¤¸à¥‡ à¤•à¥‹à¤ˆ à¤¨à¤¹à¥€à¤‚ ', 1, '2', '2020-01-04 20:20:54'),
(11, 0, 8, 9, 9, 'à¤°à¤‚à¤—à¤ªà¥à¤ªà¤¾ à¤•à¥Œà¤¨ à¤¥à¤¾ ?', 'à¤²à¤®à¥à¤ªà¤Ÿ ', 'à¤œà¥à¤†à¤°à¥€ ', 'à¤¬à¤¦à¤®à¤¾à¤¶ ', 'à¤¸à¤­à¥€ ', 1, '4', '2020-01-04 20:22:51'),
(12, 0, 8, 9, 9, 'à¤®à¤‚à¤—à¤®à¥à¤®à¤¾ à¤•à¥‹ à¤•à¤¿à¤¸à¥à¤¸à¥‡ à¤µà¤¿à¤µà¤¾à¤¦ à¤¥à¤¾ ?', 'à¤ªà¤¤à¤¿ à¤¸à¥‡ ', 'à¤¬à¥‡à¤Ÿà¥‡ à¤¸à¥‡ ', 'à¤ªà¥‹à¤¤à¥‡ à¤¸à¥‡ ', 'à¤¬à¤¹à¥ ', 1, '4', '2020-01-04 20:31:34'),
(13, 0, 8, 9, 9, 'à¤®à¤‚à¤—à¤®à¥à¤®à¤¾ à¤•à¥‹ à¤…à¤ªà¤¨à¥€ à¤¬à¤¹à¥ à¤¸à¥‡ à¤•à¤¿à¤¸ à¤¬à¤¾à¤¤ à¤•à¥‹ à¤²à¥‡à¤•à¤° à¤µà¤¿à¤µà¤¾à¤¦ à¤¥à¤¾ ?', 'à¤°à¤‚à¤—à¤ªà¥à¤ªà¤¾ ', 'à¤ªà¥‹à¤¤à¥‡ ', 'à¤¬à¥‡à¤Ÿà¥‡ ', 'à¤‡à¤¨à¤®à¥‡à¤¸à¥‡ à¤•à¥‹à¤ˆ à¤¨à¤¹à¥€à¤‚ ', 1, '2', '2020-01-04 20:34:38'),
(14, 0, 9, 10, 10, 'à¤¶à¥à¤°à¤®  à¤µà¤¿à¤­à¤¾à¤œà¤¨ à¤”à¤° à¤œà¤¾à¤¤à¤¿ à¤•à¥‡ à¤²à¥‡à¤–à¤• à¤•à¥Œà¤¨ à¤¹à¥ˆà¤‚ ?', 'à¤®à¤¹à¤¾à¤¤à¥à¤®à¤¾ à¤—à¤¾à¤à¤§à¥€ ', 'à¤œà¤µà¤¾à¤¹à¤°à¤²à¤¾à¤² à¤¨à¥‡à¤¹à¤°à¥ ', 'à¤°à¤¾à¤® à¤®à¥‹à¤¹à¤¨ à¤²à¥‹à¤¹à¤¿à¤¯à¤¾ ', 'à¤­à¥€à¤®à¤°à¤¾à¤µ  à¤…à¤®à¥à¤¬à¥‡à¤¡à¤•à¤° ', 1, '4', '2020-01-04 20:39:15'),
(15, 0, 9, 10, 10, 'à¤­à¤¾à¤°à¤¤à¥€à¤¯ à¤¸à¤‚à¤¬à¤¿à¤§à¤¾à¤¨ à¤•à¥‡ à¤¨à¤¿à¤°à¥à¤®à¤¾à¤£ à¤®à¥‡à¤‚ à¤•à¤¿à¤¸à¤•à¥€ à¤®à¤¹à¤¤à¥à¤µà¤ªà¥‚à¤°à¥à¤£ à¤­à¥‚à¤®à¤¿à¤•à¤¾ à¤•à¤¿à¤¸à¤•à¥€ à¤¹à¥ˆ ?', 'à¤­à¥€à¤®à¤°à¤¾à¤µ à¤…à¤®à¥à¤¬à¥‡à¤¡à¤•à¤° ', 'à¤œà¥à¤¯à¥‹à¤¤à¤¿à¤¬à¤¾ à¤«à¥‚à¤²à¥‡ ', 'à¤°à¤¾à¤œà¤—à¥‹à¤ªà¤¾à¤²à¤¾à¤šà¤¾à¤°à¥€ ', 'à¤®à¤¹à¤¾à¤¤à¥à¤®à¤¾ à¤—à¤¾à¤à¤§à¥€ ', 1, '1', '2020-01-04 20:41:35'),
(16, 0, 9, 10, 10, 'à¤¸à¤­à¥à¤¯ à¤¸à¤®à¤¾à¤œ à¤•à¥€ à¤†à¤µà¤¶à¥à¤¯à¤•à¤¤à¤¾ à¤•à¥à¤¯à¤¾ à¤¹à¥ˆ  ?', 'à¤œà¤¾à¤¤à¥€ -à¤ªà¥à¤°à¤¥à¤¾ ', 'à¤¶à¥à¤°à¤®-à¤µà¤¿à¤­à¤¾à¤œà¤¨ ', 'à¤…à¤£à¥-à¤¬à¤® ', 'à¤¦à¥‚à¤§-à¤ªà¤¾à¤¨à¥€ ', 1, '4', '2020-01-04 20:45:05'),
(17, 0, 8, 9, 9, '\'à¤¦à¤¹à¥€ à¤µà¤¾à¤²à¥€ à¤®à¤‚à¤—à¤®à¥à¤®à¤¾ \' à¤•à¤¹à¤¾à¤¨à¥€ à¤•à¥‡ à¤•à¤¹à¤¾à¤¨à¥€à¤•à¤¾à¤° à¤•à¥Œà¤¨ à¤¹à¥ˆà¤‚ ?', 'à¤¶à¥à¤°à¥€ à¤¨à¤¿à¤µà¤¾à¤¸ ', 'à¤¸à¤¾à¤¤à¤•à¥‹à¥œà¥€ à¤¹à¥‹à¤¤à¤¾ ', 'à¤ˆà¤¶à¥à¤µà¤° à¤ªà¥‡à¤Ÿà¤²à¥€à¤•à¤° ', 'à¤¸à¥à¤œà¤¾à¤¤à¤¾ ', 1, '1', '2020-01-04 20:46:12'),
(18, 0, 9, 10, 10, 'à¤¸à¥‡à¤¨ à¤¸à¤¾à¤¹à¤¬ à¤…à¤ªà¤¨à¥‡ à¤¬à¥‡à¤Ÿà¥‡ à¤–à¥‹à¤–à¤¾ à¤•à¥‹ à¤•à¥à¤¯à¤¾ à¤¬à¤¨à¤¾à¤¨à¤¾ à¤šà¤¾à¤¹à¤¤à¥‡ à¤¥à¥‡ ?', 'à¤¡à¥‰à¤•à¥à¤Ÿà¤° ', 'à¤–à¤¿à¤²à¤¾à¥œà¥€', 'à¤¬à¤¿à¤œà¤¨à¥‡à¤¸ à¤®à¥ˆà¤¨ / à¤‡à¤‚à¤œà¤¿à¤¨à¥€à¤¯à¤° ', 'à¤ªà¤¤à¥à¤°à¤•à¤¾à¤° ', 1, '3', '2020-01-04 20:47:49'),
(19, 0, 8, 9, 9, '\'à¤¦à¤¹à¥€ à¤µà¤¾à¤²à¥€ à¤®à¤‚à¤—à¤®à¥à¤®à¤¾\' à¤•à¤¹à¤¾à¤¨à¥€ à¤•à¥‡ à¤ªà¥à¤°à¤®à¥à¤– à¤ªà¤¾à¤¤à¥à¤° à¤•à¥Œà¤¨ à¤¹à¥ˆà¤‚ ? ', 'à¤²à¤•à¥à¤·à¥à¤®à¥€ ', 'à¤®à¤‚à¤—à¤®à¥à¤®à¤¾ ', 'à¤ªà¤¾à¤ªà¥à¤ªà¤¾à¤¤à¤¿ ', 'à¤¸à¥€à¤¤à¤¾ ', 1, '2', '2020-01-04 20:48:04'),
(20, 0, 8, 9, 9, 'à¤¦à¤¹à¥€ à¤µà¤¾à¤²à¥€ à¤®à¤‚à¤—à¤®à¥à¤®à¤¾ à¤•à¤¹à¤¾à¤¨à¥€ à¤•à¥‡ à¤•à¤¥à¤¾ à¤µà¤¾à¤šà¤• à¤•à¤¹à¤¾à¤ à¤¸à¥‡ à¤¹à¥ˆà¤‚ ?', 'à¤ªà¤Ÿà¤¨à¤¾ ', 'à¤¦à¤¿à¤²à¥à¤²à¥€ ', 'à¤¬à¥‡à¤‚à¤—à¥à¤²à¥à¤°à¥ ', 'à¤•à¤²à¤•à¤¤à¥à¤¤à¤¾ ', 1, '3', '2020-01-04 20:49:21'),
(21, 0, 8, 9, 9, 'à¤¦à¤¹à¥€ à¤µà¤¾à¤²à¥€ à¤®à¤‚à¤—à¤®à¥à¤®à¤¾ à¤•à¤¿à¤¸à¥‡ à¤¸à¤‚à¤¦à¥‡à¤¶ à¤¦à¥‡à¤¤à¥€ à¤¹à¥ˆ ?', 'à¤®à¤¾à¤¤à¤¾à¤“à¤‚ à¤•à¥‹ ', 'à¤ªà¥à¤¤à¥à¤°à¤¿à¤¯à¥‹à¤‚ à¤•à¥‹ ', 'à¤¬à¤¹à¥à¤“à¤‚ à¤•à¥‹ ', 'à¤›à¤¾à¤¤à¥à¤°à¥‹à¤‚ à¤•à¥‹ ', 1, '3', '2020-01-04 20:50:27'),
(22, 0, 8, 9, 9, 'à¤®à¤‚à¤—à¤®à¥à¤®à¤¾ à¤•à¥à¤¯à¤¾ à¤¬à¥‡à¤šà¤¤à¥€ à¤¥à¥€ ?', 'à¤¦à¥‚à¤§ ', 'à¤¦à¤¹à¥€ ', 'à¤§à¥€ ', 'à¤®à¤¾à¤ à¤¾ (à¤›à¤¾à¤› )', 1, '2', '2020-01-04 20:51:53'),
(23, 0, 9, 10, 10, 'à¤—à¤¿à¤°à¤§à¤°à¤²à¤¾à¤²,à¤¸à¥‡à¤¨ à¤¸à¤¾à¤¹à¤¬ à¤•à¥€ à¤«à¥ˆà¤•à¥à¤Ÿà¥à¤°à¥€ à¤®à¥‡à¤‚ à¤•à¥à¤¯à¤¾ à¤¥à¤¾ ?', 'à¤•à¤¿à¤°à¤¾à¤¨à¥€ ', 'à¤¡à¥à¤°à¤¾à¤ˆà¤µà¤° ', 'à¤…à¤•à¤¾à¤‰à¤‚à¤Ÿà¥‡à¤‚à¤Ÿ ', 'à¤‡à¤¨à¤®à¥‡ à¤¸à¥‡ à¤•à¥‹à¤ˆ à¤¨à¤¹à¥€à¤‚ ', 1, '1', '2020-01-04 20:52:15'),
(24, 0, 8, 9, 9, 'à¤®à¤‚à¤—à¤®à¥à¤®à¤¾ à¤•à¥‡ à¤—à¤¾à¤à¤µ à¤•à¤¾ à¤•à¥à¤¯à¤¾ à¤¨à¤¾à¤® à¤¥à¤¾ ?', 'à¤¶à¥‹à¤²à¤¾à¤ªà¥à¤° ', 'à¤–à¤¿à¤¦à¥€à¤°à¤ªà¥à¤° ', 'à¤µà¥‡à¤‚à¤•à¤Ÿà¤ªà¥à¤° ', 'à¤°à¤¾à¤®à¤ªà¥à¤° ', 1, '3', '2020-01-04 20:53:14'),
(25, 0, 9, 10, 10, 'à¤–à¥‹à¤–à¤¾ à¤•à¥‡ à¤ªà¤¿à¤¤à¤¾ à¤¹à¥ˆà¤‚ ?', 'à¤—à¤¿à¤°à¤§à¤°à¤²à¤¾à¤² ', 'à¤¸à¥‡à¤¨ à¤¸à¤¾à¤¹à¤¬ ', 'à¤ªà¤¤à¥à¤°à¤¾à¤•à¤¾à¤° ', 'à¤®à¤¦à¤¨ ', 1, '2', '2020-01-04 20:54:04'),
(26, 0, 8, 9, 9, 'à¤®à¤‚à¤—à¤®à¥à¤®à¤¾ à¤•à¥à¤¯à¤¾ à¤–à¤¾à¤¤à¥€ à¤¥à¥€ :', 'à¤¤à¤¿à¤°à¤‚à¤—à¤¾ ', 'à¤ªà¤¾à¤¨-à¤¸à¥à¤ªà¤¾à¥œà¥€ ', 'à¤–à¥ˆà¤¨à¥€ ', 'à¤‡à¤¨à¤®à¥‡ à¤¸à¥‡ à¤¸à¤­à¥€ ', 1, '2', '2020-01-04 20:54:36'),
(27, 0, 9, 10, 10, 'à¤–à¥‹à¤–à¤¾ à¤•à¤¿à¤¸ à¤•à¤¹à¤¾à¤¨à¥€ à¤•à¤¾ à¤ªà¤¾à¤¤à¥à¤° à¤¹à¥ˆ ?', 'à¤µà¤¿à¤· à¤•à¥‡ à¤¦à¤¾à¤‚à¤¤ ', 'à¤¬à¤¹à¤¾à¤¦à¥à¤°  ', 'à¤®à¤›à¤²à¥€ ', 'à¤¨à¤¾à¤–à¥‚à¤¨ à¤•à¥à¤¯à¥‹à¤‚ à¤¬à¥à¤¤à¥‡ à¤¹à¥ˆà¤‚ ', 1, '1', '2020-01-04 20:55:52'),
(28, 0, 8, 9, 9, 'à¤®à¤‚à¤—à¤®à¥à¤®à¤¾ à¤¨à¥‡ à¤¬à¥‡à¤Ÿà¥‡ à¤¸à¥‡ à¤…à¤²à¤— à¤¹à¥‹à¤¨à¥‡ à¤•à¥‹ à¤•à¤¬ à¤•à¤¹à¤¾ ?', 'à¤¦à¥‹à¤ªà¤¹à¤° à¤®à¥‡à¤‚ ', 'à¤¶à¤¾à¤® à¤®à¥‡à¤‚ ', 'à¤°à¤¾à¤¤ à¤®à¥‡à¤‚ ', 'à¤¸à¥à¤¬à¤¹ à¤®à¥‡à¤‚ ', 1, '1', '2020-01-04 20:56:29'),
(29, 0, 9, 10, 10, 'à¤µà¤¾à¤°à¥‡à¤¨ à¤¹à¥‡à¤¸à¥à¤Ÿà¤¿à¤‚à¤—à¤¸ à¤•à¤¹à¤¾ à¤•à¥‡ à¤—à¤µà¤°à¥à¤¨à¤° à¤—à¥‡à¤¨à¤°à¤² à¤¥à¥‡ ?', 'à¤­à¤¾à¤°à¤¤ ', 'à¤¶à¥à¤°à¥€à¤²à¤‚à¤•à¤¾  ', 'à¤œà¤°à¥à¤®à¤¨à¥€ ', 'à¤¯à¥‚à¤¨à¤¾à¤¨ ', 1, '1', '2020-01-04 20:57:19'),
(30, 0, 9, 10, 10, 'à¤®à¥ˆà¤•à¥à¤¸à¤®à¥à¤²à¤°  à¤•à¥Œà¤¨ à¤¥à¥‡ ?', 'à¤­à¤¾à¤°à¤¤à¤­à¤•à¥à¤¤  ', 'à¤¸à¤‚à¤¸à¥à¤•à¥ƒà¤¤à¤¾à¤¨à¥à¤°à¤—à¥€', 'à¤µà¥‡à¤¦à¥‹à¤‚ à¤•à¥‡ à¤ªà¥à¤°à¤¤à¤¿ à¤…à¤—à¤¾à¤§ à¤†à¤¸à¥à¤¥à¤¾ à¤°à¤–à¤¨à¥‡ à¤µà¤¾à¤²à¥‡ ', 'à¤¸à¤­à¥€ ', 1, '4', '2020-01-04 21:00:12'),
(31, 0, 9, 10, 10, 'à¤¦à¤¾à¤°à¤¿à¤¸ à¤•à¥à¤¯à¤¾ à¤¥à¤¾ ?', 'à¤¸à¥‹à¤¨à¥‡ à¤•à¥‡ à¤¸à¤¿à¤•à¥à¤•à¥‡ ', 'à¤šà¤¾à¤à¤¦à¥€ à¤•à¥‡ à¤¸à¤¿à¤•à¥à¤•à¥‡ ', 'à¤¤à¤¾à¤®à¥à¤¬à¥‡ à¤•à¥‡ à¤¸à¤¿à¤•à¥à¤•à¥‡ ', 'à¤‡à¤¨à¤®à¥‡ à¤¸à¥‡ à¤•à¥‹à¤ˆ à¤¨à¤¹à¥€à¤‚ ', 1, '1', '2020-01-04 21:02:16'),
(32, 0, 8, 9, 9, 'à¤®à¤‚à¤—à¤®à¥à¤®à¤¾ à¤•à¤¿à¤¸ à¤•à¤ªà¥œà¥‡ à¤•à¥€ à¤¬à¥à¤²à¤¾à¤‰à¤œ à¤ªà¤¹à¤¨à¤¨à¤¾ à¤šà¤¾à¤¹à¤¤à¥€  à¤¥à¥€ ?', 'à¤¸à¥‚à¤¤à¥€ à¤•à¥‡ ', 'à¤Ÿà¥‡à¤°à¥€à¤•à¤Ÿà¤¨ à¤•à¥‡ ', 'à¤®à¤–à¤®à¤² à¤•à¥‡ ', 'à¤°à¥‡à¤¶à¤® à¤•à¥‡ ', 1, '3', '2020-01-04 21:05:38'),
(33, 1, 8, 0, 0, 'à¤¸à¤®à¤¾à¤¸ à¤•à¥‡ à¤•à¤¿à¤¤à¤¨à¥‡ à¤­à¥‡à¤¦ à¤¹à¥ˆà¤‚ ?', '6', '4', '5', '8', 1, '1', '2020-01-12 11:34:57'),
(34, 1, 8, 0, 0, 'à¤•à¤¾à¤°à¤• à¤•à¥‡ à¤•à¤¿à¤¤à¤¨à¥‡ à¤­à¥‡à¤¦ à¤¹à¥ˆà¤‚ ?', '2', '5', '6', '8', 1, '4', '2020-01-12 11:35:27'),
(35, 1, 8, 0, 0, 'à¤µà¤¿à¤¶à¥‡à¤·à¤£ à¤•à¥‡ à¤•à¤¿à¤¤à¤¨à¥‡ à¤­à¥‡à¤¦ à¤¹à¥ˆ ?', '2', '3', '4', '5', 1, '3', '2020-01-12 11:36:17'),
(36, 1, 8, 0, 0, 'à¤¸à¤‚à¤œà¥à¤žà¤¾ à¤•à¥‡ à¤•à¤¿à¤¤à¤¨à¥‡ à¤­à¥‡à¤¦ à¤¹à¥ˆ ?', '5', '6', '7', '8', 1, '1', '2020-01-12 11:37:10'),
(37, 1, 8, 0, 0, 'à¤¸à¤°à¥à¤µà¤¨à¤¾à¤® à¤•à¥‡ à¤•à¤¿à¤¤à¤¨à¥‡ à¤­à¥‡à¤¦ à¤¹à¥ˆ ?', '7', '6', '8', '5', 1, '2', '2020-01-12 11:37:35'),
(38, 1, 8, 0, 0, 'à¤¬à¤¹à¤¾à¤¦à¥à¤° à¤•à¤¹à¤¾à¤¨à¥€ à¤•à¤¹à¤¾à¤¨à¥€à¤•à¤¾à¤° à¤•à¥Œà¤¨ à¤¹à¥ˆ ?', 'à¤¨à¤²à¤¿à¤¨à¤µà¤¿à¤²à¥‹à¤šà¤¨ à¤¶à¤°à¥à¤®à¤¾ ', 'à¤…à¤®à¤°à¤•à¤¾à¤‚à¤¤ ', 'à¤­à¥€à¤®à¤°à¤¾à¤µ ', 'à¤°à¥‡à¤‚à¤°à¥à¤®à¤°à¤¿à¤¯à¤¾ ', 1, '2', '2020-01-12 11:38:26'),
(39, 1, 8, 0, 0, 'à¤¸à¤‚à¤§à¤¿ à¤•à¥‡ à¤®à¥à¤–à¥à¤¯ à¤•à¤¿à¤¤à¤¨à¥‡ à¤­à¥‡à¤¦ à¤¹à¥ˆ ?', '5', '3', '8', '9', 1, '2', '2020-01-12 11:39:22'),
(40, 1, 8, 0, 0, 'à¤•à¤¾à¤² à¤•à¤¿à¤¤à¤¨à¥‡ à¤ªà¥à¤°à¤•à¤¾à¤° à¤•à¥‡ à¤¹à¥ˆà¤‚ ?', '8', '6', '5', '3', 1, '4', '2020-01-12 11:40:07'),
(41, 1, 8, 0, 0, 'à¤®à¤¦à¤¨ à¤•à¥‡ à¤ªà¤¿à¤¤à¤¾ à¤•à¤¾ à¤•à¥à¤¯à¤¾ à¤¨à¤¾à¤® à¤¥à¤¾ ?', 'à¤—à¤¿à¤°à¤¿à¤§à¤° à¤²à¤¾à¤²à¤¾ ', 'à¤¸à¥‡à¤¨ à¤¸à¤¾à¤¹à¤¬ ', 'à¤¬à¤¹à¤¾à¤¦à¥à¤° ', 'à¤¸à¥‹à¤«à¤° ', 1, '1', '2020-01-12 11:41:04'),
(42, 1, 8, 0, 0, 'à¤¸à¥‡à¤¨ à¤¸à¤¾à¤¹à¤¬ à¤…à¤ªà¤¨à¥‡ à¤¬à¥‡à¤Ÿà¥‡ à¤•à¥‹ à¤•à¥à¤¯à¤¾ à¤¬à¤¨à¤¾à¤¨à¤¾ à¤šà¤¾à¤¹à¤¤à¥‡ à¤¥à¥‡ ?', 'à¤‡à¤‚à¤œà¥€à¤¨à¤¿à¤¯à¤° ', 'à¤®à¤•à¥ˆà¤¨à¤¿à¤• ', 'à¤šà¥‹à¤° ', 'à¤¬à¤¦à¤®à¤¾à¤¶ ', 1, '1', '2020-01-12 11:41:52'),
(43, 1, 8, 0, 0, 'à¤­à¤¾à¤°à¤¤ à¤®à¤¾à¤¤à¤¾ à¤•à¤¹à¤¾à¤¨à¥€ à¤•à¥‡ à¤•à¤¹à¤¾à¤¨à¥€à¤•à¤¾à¤° à¤•à¥Œà¤¨ à¤¹à¥ˆà¤‚ ?', 'à¤¸à¥à¤®à¤¿à¤¨à¥à¤¤à¥à¤°à¤¨à¤‚à¤¦à¤¨ à¤ªà¤¨à¥à¤¤ ', 'à¤…à¤œà¥à¤žà¥‡ ', 'à¤…à¤®à¤°à¤•à¤¾à¤‚à¤¤ ', 'à¤­à¥€à¤®à¤°à¤¾à¤µ à¤…à¤®à¥à¤¬à¥‡à¤¡à¤•à¤° ', 1, '1', '2020-01-16 12:56:43'),
(44, 2, 8, 0, 0, 'à¤µà¤¿à¤¶à¥‡à¤·à¤£ à¤•à¥‡ à¤•à¤¿à¤¤à¤¨à¥‡ à¤­à¥‡à¤¦ à¤¹à¥ˆ ?', '2', '6', '7', '4', 1, '4', '2020-01-16 21:43:58'),
(45, 2, 8, 0, 0, 'à¤•à¤¾à¤°à¤• à¤•à¥‡ à¤•à¤¿à¤¤à¤¨à¥‡ à¤­à¥‡à¤¦ à¤¹à¥ˆ ?', '5', '6', '8', '9', 1, '3', '2020-01-16 21:44:20'),
(46, 2, 8, 0, 0, 'à¤¸à¤®à¤¾à¤¸ à¤•à¥‡ à¤•à¤¿à¤¤à¤¨à¥‡ à¤­à¥‡à¤¦ à¤¹à¥ˆ ?', '8', '9', '6', '5', 1, '3', '2020-01-16 21:44:43'),
(47, 2, 8, 0, 0, 'à¤¸à¤‚à¤§à¤¿ à¤•à¥‡ à¤•à¤¿à¤¤à¤¨à¥‡ à¤­à¥‡à¤¦ à¤¹à¥ˆ ?', '7', '3', '5', '6', 1, '2', '2020-01-16 21:45:11'),
(48, 0, 8, 12, 13, 'à¤ªà¥à¤°à¤•à¤¾à¤¶ à¤ªà¤°à¤¾à¤µà¤°à¥à¤¤à¤¨ à¤•à¥‡ à¤•à¤¿à¤¤à¤¨à¥‡ à¤¨à¤¿à¤¯à¤® à¤¹à¥ˆà¤‚ ?', '2', '3', '4', '5', 1, '1', '2020-01-19 08:46:52');

-- --------------------------------------------------------

--
-- Table structure for table `exam_title_master`
--

CREATE TABLE `exam_title_master` (
  `id` int(8) NOT NULL,
  `class_id` int(8) NOT NULL,
  `title_name` varchar(200) COLLATE utf8_unicode_ci NOT NULL,
  `start_time` datetime NOT NULL,
  `end_time` datetime NOT NULL,
  `modified` datetime NOT NULL,
  `status` int(8) NOT NULL
) ENGINE=InnoDB DEFAULT CHARSET=utf8 COLLATE=utf8_unicode_ci;

--
-- Dumping data for table `exam_title_master`
--

INSERT INTO `exam_title_master` (`id`, `class_id`, `title_name`, `start_time`, `end_time`, `modified`, `status`) VALUES
(1, 8, 'Hindi', '2020-01-16 21:25:00', '2020-01-16 22:00:00', '2020-01-16 21:21:19', 1),
(2, 8, 'phy', '2020-01-17 08:00:00', '2020-01-17 13:00:00', '2020-01-16 21:43:11', 1);

-- --------------------------------------------------------

--
-- Table structure for table `exam_user_log`
--

CREATE TABLE `exam_user_log` (
  `id` int(8) NOT NULL,
  `exam_title` int(11) NOT NULL,
  `video_id` int(8) NOT NULL,
  `user_id` int(11) NOT NULL,
  `start_time` datetime NOT NULL,
  `end_time` datetime NOT NULL,
  `modified` datetime NOT NULL,
  `status` int(8) NOT NULL
) ENGINE=InnoDB DEFAULT CHARSET=utf8 COLLATE=utf8_unicode_ci;

--
-- Dumping data for table `exam_user_log`
--

INSERT INTO `exam_user_log` (`id`, `exam_title`, `video_id`, `user_id`, `start_time`, `end_time`, `modified`, `status`) VALUES
(1, 1, 0, 58, '2020-01-12 13:50:28', '2020-01-12 13:50:53', '2020-01-12 13:50:28', 1),
(2, 1, 0, 14, '2020-01-12 13:51:37', '2020-01-12 13:51:48', '2020-01-12 13:51:37', 1),
(3, 1, 0, 57, '2020-01-12 13:52:16', '2020-01-12 13:52:25', '2020-01-12 13:52:16', 1),
(4, 1, 0, 56, '2020-01-12 13:52:57', '2020-01-12 13:53:08', '2020-01-12 13:52:57', 1),
(5, 1, 0, 55, '2020-01-12 13:53:34', '2020-01-12 13:53:44', '2020-01-12 13:53:34', 1),
(6, 1, 0, 73, '2020-01-16 13:13:24', '2020-01-16 13:14:10', '2020-01-16 13:13:24', 1),
(7, 1, 0, 76, '2020-01-16 21:27:59', '2020-01-16 21:28:13', '2020-01-16 21:27:59', 1),
(8, 1, 0, 75, '2020-01-16 21:28:52', '2020-01-16 21:30:07', '2020-01-16 21:28:52', 1),
(9, 1, 0, 74, '2020-01-16 21:30:35', '2020-01-16 21:30:55', '2020-01-16 21:30:35', 1),
(10, 1, 0, 69, '2020-01-16 21:31:55', '2020-01-16 21:32:06', '2020-01-16 21:31:55', 1),
(11, 1, 0, 64, '2020-01-16 21:33:15', '2020-01-16 21:33:26', '2020-01-16 21:33:15', 1),
(12, 2, 0, 57, '2020-01-17 10:01:43', '2020-01-17 10:01:53', '2020-01-17 10:01:43', 1);

-- --------------------------------------------------------

--
-- Table structure for table `fee`
--

CREATE TABLE `fee` (
  `id` int(8) NOT NULL,
  `classid` int(8) NOT NULL,
  `monthid` int(2) NOT NULL,
  `fee` float(7,2) NOT NULL,
  `session` varchar(12) NOT NULL,
  `modified` datetime NOT NULL,
  `active` int(1) NOT NULL
) ENGINE=MyISAM DEFAULT CHARSET=utf8;

--
-- Dumping data for table `fee`
--

INSERT INTO `fee` (`id`, `classid`, `monthid`, `fee`, `session`, `modified`, `active`) VALUES
(16, 8, 2, 20.00, '2019-2020', '2020-01-24 11:25:14', 0),
(15, 10, 1, 1.00, '2019-2020', '2020-01-13 21:43:28', 1),
(14, 9, 1, 1.00, '2019-2020', '2020-01-24 11:23:38', 0),
(4, 4, 1, 1.00, '2019-2020', '2020-01-04 19:50:06', 0),
(13, 8, 1, 50.00, '2019-2020', '2020-01-21 08:34:56', 1),
(6, 5, 3, 1.00, '2019-2020', '2020-01-04 12:38:45', 0),
(7, 5, 1, 1.00, '2019-2020', '2020-01-04 19:50:13', 0),
(8, 4, 2, 1.00, '2019-2020', '2020-01-04 19:50:10', 0),
(12, 5, 2, 1.00, '2019-2020', '2020-01-04 19:50:15', 0),
(10, 5, 2, 1.00, '2019-2020', '2020-01-04 17:57:14', 0),
(11, 7, 1, 100.00, '2019-2020', '2020-01-04 19:50:18', 0),
(17, 8, 3, 50.00, '2019-2020', '2020-01-24 11:27:52', 0),
(18, 8, 4, 9.00, '2019-2020', '2020-01-19 18:21:33', 0),
(19, 8, 4, 50.00, '2019-2020', '2020-01-24 11:27:47', 0),
(20, 8, 2, 50.00, '2019-2020', '2020-01-24 11:28:24', 1),
(21, 8, 3, 50.00, '2019-2020', '2020-01-24 11:28:34', 1),
(22, 8, 4, 50.00, '2019-2020', '2020-01-24 11:28:40', 1),
(23, 8, 5, 50.00, '2019-2020', '2020-01-24 11:28:46', 1),
(24, 8, 6, 50.00, '2019-2020', '2020-01-24 11:28:53', 1),
(25, 8, 7, 50.00, '2019-2020', '2020-01-24 11:28:59', 1),
(26, 8, 8, 50.00, '2019-2020', '2020-01-24 11:29:04', 1),
(27, 8, 9, 50.00, '2019-2020', '2020-01-24 11:29:09', 1),
(28, 8, 10, 50.00, '2019-2020', '2020-01-24 11:29:15', 1),
(29, 8, 11, 50.00, '2019-2020', '2020-01-24 11:29:20', 1),
(30, 8, 12, 50.00, '2019-2020', '2020-01-24 11:29:25', 1);

-- --------------------------------------------------------

--
-- Table structure for table `forgot_password`
--

CREATE TABLE `forgot_password` (
  `id` int(8) NOT NULL,
  `user_id` int(8) NOT NULL,
  `otp` varchar(50) NOT NULL,
  `active` int(1) NOT NULL,
  `dated` datetime NOT NULL
) ENGINE=MyISAM DEFAULT CHARSET=utf8;

--
-- Dumping data for table `forgot_password`
--

INSERT INTO `forgot_password` (`id`, `user_id`, `otp`, `active`, `dated`) VALUES
(1, 20, 'jatan44381', 1, '2020-01-08 13:41:58'),
(2, 32, 'anshu01879', 1, '2020-01-08 17:37:07');

-- --------------------------------------------------------

--
-- Table structure for table `login`
--

CREATE TABLE `login` (
  `id` int(8) NOT NULL,
  `username` varchar(32) NOT NULL,
  `password` varchar(32) NOT NULL,
  `name` varchar(30) NOT NULL,
  `mobile` varchar(11) NOT NULL,
  `email` varchar(50) NOT NULL,
  `address` varchar(100) NOT NULL,
  `last_login` datetime NOT NULL,
  `access` int(1) NOT NULL,
  `user` varchar(30) NOT NULL,
  `dated` datetime NOT NULL,
  `active` int(1) NOT NULL
) ENGINE=MyISAM DEFAULT CHARSET=utf8;

--
-- Dumping data for table `login`
--

INSERT INTO `login` (`id`, `username`, `password`, `name`, `mobile`, `email`, `address`, `last_login`, `access`, `user`, `dated`, `active`) VALUES
(1, 'admin', 'c1f32fca16a707c905acc335620df958', 'Akbar Ali', '9122572185', 'akbar1991ali@yahoo.com', 'Bengaluru', '2017-12-21 00:00:00', 1, 'akbar', '2019-11-06 22:19:42', 1),
(2, 'developer', 'e10adc3949ba59abbe56e057f20f883e', 'suman raj', '7979044783', 'sumanrajinbox@gmail.com', 'Munger', '2019-11-06 00:00:00', 1, 'suman', '2019-11-06 09:47:37', 1),
(6, 'laxman', 'e10adc3949ba59abbe56e057f20f883e', 'Laxman', '9122572185', 'laxmanchallengeeducation@gmail.com', 'BENGALURU', '0000-00-00 00:00:00', 1, '', '0000-00-00 00:00:00', 1),
(8, 'race', 'c8cf06a5996e3b441ef3588337237227', 'Laxman', '9122572185', 'qgabhi@gmail.com', 'BENGALURU', '0000-00-00 00:00:00', 1, '', '2019-11-10 20:53:38', 1);

-- --------------------------------------------------------

--
-- Table structure for table `month`
--

CREATE TABLE `month` (
  `id` int(2) NOT NULL,
  `monthName` varchar(20) NOT NULL,
  `created` datetime NOT NULL,
  `active` int(1) NOT NULL
) ENGINE=MyISAM DEFAULT CHARSET=utf8;

--
-- Dumping data for table `month`
--

INSERT INTO `month` (`id`, `monthName`, `created`, `active`) VALUES
(1, 'January', '2019-06-23 00:00:00', 1),
(2, 'February', '2019-06-23 00:00:00', 1),
(3, 'March', '2019-06-23 00:00:00', 1),
(4, 'April', '2019-06-23 00:00:00', 1),
(5, 'May', '2019-06-23 00:00:00', 1),
(6, 'June', '2019-06-23 00:00:00', 1),
(7, 'July', '2019-06-23 00:00:00', 1),
(8, 'August', '2019-06-23 00:00:00', 1),
(9, 'September', '2019-06-23 00:00:00', 1),
(10, 'October', '2019-06-23 00:00:00', 1),
(11, 'November', '2019-06-23 00:00:00', 1),
(12, 'December', '2019-06-23 00:00:00', 1);

-- --------------------------------------------------------

--
-- Table structure for table `notification`
--

CREATE TABLE `notification` (
  `id` int(10) NOT NULL,
  `user_id` int(10) NOT NULL,
  `created` datetime NOT NULL,
  `modified` datetime NOT NULL,
  `active` int(1) NOT NULL
) ENGINE=MyISAM DEFAULT CHARSET=utf8;

-- --------------------------------------------------------

--
-- Table structure for table `payment`
--

CREATE TABLE `payment` (
  `id` int(8) NOT NULL,
  `uid` int(8) NOT NULL,
  `auth_key` varchar(100) COLLATE utf8_unicode_ci NOT NULL,
  `amount` float NOT NULL,
  `txn_id` varchar(20) COLLATE utf8_unicode_ci NOT NULL,
  `month` varchar(300) COLLATE utf8_unicode_ci NOT NULL,
  `hash_key` varchar(300) COLLATE utf8_unicode_ci NOT NULL,
  `modified` datetime NOT NULL,
  `flag` int(8) NOT NULL
) ENGINE=InnoDB DEFAULT CHARSET=utf8 COLLATE=utf8_unicode_ci;

--
-- Dumping data for table `payment`
--

INSERT INTO `payment` (`id`, `uid`, `auth_key`, `amount`, `txn_id`, `month`, `hash_key`, `modified`, `flag`) VALUES
(1, 4, 'aa0f15a227cd6dc06e49a8163be053c5', 1, '1577971594628', '1', '', '2020-01-02 18:56:36', 1),
(2, 8, '17a2b11f9695dcabef8aae51885c8b7c', 1, '1578029942578', '1', '', '2020-01-03 11:09:03', 1),
(3, 8, '17a2b11f9695dcabef8aae51885c8b7c', 1, '1578030043465', '1', '', '2020-01-03 11:10:43', 1),
(4, 6, 'fd1c9a1a5cb222bbb823de9ba99917c9', 1, '1578031257481', '2', '', '2020-01-03 11:30:58', 1),
(5, 9, '0bc829468bc4aefc3b17614e16d3bf98', 1, '1578031686677', '3', '', '2020-01-03 11:38:07', 1),
(6, 7, '43f89e389428fc46857e76630c594835', 1, '1578060022016', '2', '', '2020-01-03 19:30:22', 1),
(7, 7, '43f89e389428fc46857e76630c594835', 1, '1578060024010', '2', '', '2020-01-03 19:30:24', 1),
(8, 7, '43f89e389428fc46857e76630c594835', 1, '1578060057462', '2', '', '2020-01-03 19:30:58', 1),
(9, 7, '43f89e389428fc46857e76630c594835', 1, '1578060105931', '2', '', '2020-01-03 19:31:46', 1),
(10, 7, '43f89e389428fc46857e76630c594835', 1, '1578060106958', '2', '', '2020-01-03 19:31:47', 1),
(11, 16, '9c0d90be987e6e2e4b1be3c3e54dab70', 100, '1578204185995', '1', '', '2020-01-05 11:33:06', 1),
(12, 18, 'c081de484347f971153d09b99edc34f7', 100, '1578204724606', '1', '', '2020-01-05 11:42:05', 1),
(13, 18, 'c081de484347f971153d09b99edc34f7', 100, '1578204763070', '1', '', '2020-01-05 11:42:43', 1),
(14, 21, '0235e418681a06b4201f7d0cb34c9191', 100, '1578311351284', '1', '', '2020-01-06 17:19:12', 1),
(15, 21, '0235e418681a06b4201f7d0cb34c9191', 100, '1578311758281', '1', '', '2020-01-06 17:25:59', 1),
(16, 16, '9c0d90be987e6e2e4b1be3c3e54dab70', 100, '1578394768379', '1', '', '2020-01-07 16:29:29', 1),
(17, 14, 'b1a44d9c890ebf22eb5736c307035e7e', 50, '1578399160980', '1', '', '2020-01-07 17:42:41', 1),
(18, 25, '30e20c4e88242e0ace7adc5c61103c26', 100, '1578416445644', '1', '', '2020-01-07 22:30:46', 1),
(19, 28, 'fe9916e2b054a85ef0302853bf169795', 50, '1578445528748', '1', '', '2020-01-08 06:35:29', 1),
(20, 18, 'c081de484347f971153d09b99edc34f7', 100, '1578465800625', '1', '', '2020-01-08 12:13:21', 1),
(21, 31, '04bccc19a05864f933e547ad0340da7a', 100, '1578471470491', '1', '', '2020-01-08 13:47:51', 1),
(22, 21, '0235e418681a06b4201f7d0cb34c9191', 100, '1578546369860', '1', '', '2020-01-09 10:36:11', 1),
(23, 14, '4a49409292445e9b9b9c712b4d8eb990', 50, '1578665252166', '1', '', '2020-01-10 19:37:35', 1),
(24, 14, '4a49409292445e9b9b9c712b4d8eb990', 0.1, '1578665366935', '1', '', '2020-01-10 19:39:28', 1),
(25, 14, '4a49409292445e9b9b9c712b4d8eb990', 0.1, '1578665394472', '1', '', '2020-01-10 19:39:55', 1),
(26, 14, '4a49409292445e9b9b9c712b4d8eb990', 0.1, '1578666338288', '1', '', '2020-01-10 19:55:39', 1),
(27, 14, '4a49409292445e9b9b9c712b4d8eb990', 0.1, '1578666358017', '1', '', '2020-01-10 19:55:58', 1),
(28, 14, '4a49409292445e9b9b9c712b4d8eb990', 0.1, '1578709587137', '1', '', '2020-01-11 07:56:29', 1),
(29, 14, '4a49409292445e9b9b9c712b4d8eb990', 0.1, '1578709618126', '1', '', '2020-01-11 07:56:58', 1),
(30, 14, '4a49409292445e9b9b9c712b4d8eb990', 0.1, '1578709649994', '1', '', '2020-01-11 07:57:31', 1),
(31, 14, '4a49409292445e9b9b9c712b4d8eb990', 1, '1578709710228', '1', '', '2020-01-11 07:58:31', 1),
(32, 21, 'edc07d681a02628ed13a89c8ce1d4c4b', 1, '1578710015972', '1', '', '2020-01-11 08:03:36', 1),
(33, 35, 'de9a41990fcd7397a7be2d58b150576c', 1, '1578720392411', '1', '', '2020-01-11 10:56:32', 1),
(34, 48, '5da659f3e6e571d6fe8f5e8c8ac8577c', 1, '1578811602697', '1', '', '2020-01-12 12:16:43', 1),
(35, 48, '5da659f3e6e571d6fe8f5e8c8ac8577c', 1, '1578811605621', '1', '', '2020-01-12 12:16:46', 1),
(36, 48, '5da659f3e6e571d6fe8f5e8c8ac8577c', 1, '1578811608667', '1', '', '2020-01-12 12:16:49', 1),
(37, 48, '5da659f3e6e571d6fe8f5e8c8ac8577c', 1, '1578811619090', '1', '', '2020-01-12 12:16:59', 1),
(38, 48, '5da659f3e6e571d6fe8f5e8c8ac8577c', 1, '1578811627744', '1', '', '2020-01-12 12:17:08', 1),
(39, 48, '5da659f3e6e571d6fe8f5e8c8ac8577c', 1, '1578811635168', '1', '', '2020-01-12 12:17:15', 1),
(40, 48, '5da659f3e6e571d6fe8f5e8c8ac8577c', 1, '1578811636367', '1', '', '2020-01-12 12:17:16', 1),
(41, 48, '5da659f3e6e571d6fe8f5e8c8ac8577c', 1, '1578811637168', '1', '', '2020-01-12 12:17:17', 1),
(42, 48, '5da659f3e6e571d6fe8f5e8c8ac8577c', 1, '1578811638745', '1', '', '2020-01-12 12:17:19', 1),
(43, 48, '5da659f3e6e571d6fe8f5e8c8ac8577c', 1, '1578811750236', '1', '', '2020-01-12 12:19:10', 1),
(44, 52, 'd63f6e876420517cbcbdc23dc4258c22', 1, '1578811777305', '1', '', '2020-01-12 12:19:37', 1),
(45, 52, 'd63f6e876420517cbcbdc23dc4258c22', 1, '1578811778757', '1', '', '2020-01-12 12:19:39', 1),
(46, 52, 'd63f6e876420517cbcbdc23dc4258c22', 1, '1578811799170', '1', '', '2020-01-12 12:19:59', 1),
(47, 48, '068776da7cc0b077d7808df679e2108f', 1, '1578811859528', '1', '', '2020-01-12 12:21:00', 1),
(48, 40, 'f2072a92cf4f0c2ab61e5b25fdcf5857', 1, '1578811906697', '1', '', '2020-01-12 12:21:47', 1),
(49, 48, '068776da7cc0b077d7808df679e2108f', 1, '1578812385374', '1', '', '2020-01-12 12:29:45', 1),
(50, 48, '068776da7cc0b077d7808df679e2108f', 1, '1578812387043', '1', '', '2020-01-12 12:29:47', 1),
(51, 48, '068776da7cc0b077d7808df679e2108f', 1, '1578812394147', '1', '', '2020-01-12 12:29:55', 1),
(52, 48, '068776da7cc0b077d7808df679e2108f', 1, '1578812403841', '1', '', '2020-01-12 12:30:04', 1),
(53, 48, '068776da7cc0b077d7808df679e2108f', 1, '1578812549921', '1', '', '2020-01-12 12:32:31', 1),
(54, 48, '068776da7cc0b077d7808df679e2108f', 1, '1578812551491', '1', '', '2020-01-12 12:32:32', 1),
(55, 48, '068776da7cc0b077d7808df679e2108f', 1, '1578812552499', '1', '', '2020-01-12 12:32:33', 1),
(56, 48, '068776da7cc0b077d7808df679e2108f', 1, '1578812554114', '1', '', '2020-01-12 12:32:35', 1),
(57, 48, '068776da7cc0b077d7808df679e2108f', 1, '1578812555552', '1', '', '2020-01-12 12:32:36', 1),
(58, 52, 'cbf273631ad007a8647e88ec7a99ffc7', 1, '1578812575011', '1', '', '2020-01-12 12:32:56', 1),
(59, 52, 'cbf273631ad007a8647e88ec7a99ffc7', 1, '1578812576271', '1', '', '2020-01-12 12:32:57', 1),
(60, 52, 'cbf273631ad007a8647e88ec7a99ffc7', 1, '1578813289033', '1', '', '2020-01-12 12:44:50', 1),
(61, 52, 'cbf273631ad007a8647e88ec7a99ffc7', 1, '1578813294234', '1', '', '2020-01-12 12:44:55', 1),
(62, 52, 'cbf273631ad007a8647e88ec7a99ffc7', 1, '1578813304687', '1', '', '2020-01-12 12:45:05', 1),
(63, 49, 'def5d6bd9dade346bd08934e22e045b5', 1, '1578813574615', '1', '', '2020-01-12 12:49:35', 1),
(64, 49, '76d6e647d2230aaf0f8c227d0f7eea0b', 1, '1578814770761', '1', '', '2020-01-12 13:09:31', 1),
(65, 49, '3aff5a52be5dc23830f17db2e21d9fdb', 1, '1578814836475', '1', '', '2020-01-12 13:10:36', 1),
(66, 49, '3aff5a52be5dc23830f17db2e21d9fdb', 1, '1578814838172', '1', '', '2020-01-12 13:10:38', 1),
(67, 49, '3aff5a52be5dc23830f17db2e21d9fdb', 1, '1578814839260', '1', '', '2020-01-12 13:10:39', 1),
(68, 49, '3aff5a52be5dc23830f17db2e21d9fdb', 1, '1578814840054', '1', '', '2020-01-12 13:10:40', 1),
(69, 49, '3aff5a52be5dc23830f17db2e21d9fdb', 1, '1578814840745', '1', '', '2020-01-12 13:10:41', 1),
(70, 49, '3aff5a52be5dc23830f17db2e21d9fdb', 1, '1578814841349', '1', '', '2020-01-12 13:10:41', 1),
(71, 48, 'e77f91f12aeff2cf7ac7cc3845c2f086', 1, '1578814929835', '1', '', '2020-01-12 13:12:10', 1),
(72, 48, 'e77f91f12aeff2cf7ac7cc3845c2f086', 1, '1578814935739', '1', '', '2020-01-12 13:12:16', 1),
(73, 48, 'e77f91f12aeff2cf7ac7cc3845c2f086', 1, '1578814937632', '1', '', '2020-01-12 13:12:17', 1),
(74, 48, 'e77f91f12aeff2cf7ac7cc3845c2f086', 1, '1578814949673', '1', '', '2020-01-12 13:12:30', 1),
(75, 48, 'e77f91f12aeff2cf7ac7cc3845c2f086', 1, '1578814951397', '1', '', '2020-01-12 13:12:31', 1),
(76, 48, 'e77f91f12aeff2cf7ac7cc3845c2f086', 1, '1578814968977', '1', '', '2020-01-12 13:12:49', 1),
(77, 48, 'e77f91f12aeff2cf7ac7cc3845c2f086', 1, '1578814973923', '1', '', '2020-01-12 13:12:54', 1),
(78, 48, 'e77f91f12aeff2cf7ac7cc3845c2f086', 1, '1578814981709', '1', '', '2020-01-12 13:13:02', 1),
(79, 48, 'e77f91f12aeff2cf7ac7cc3845c2f086', 1, '1578815580107', '1', '', '2020-01-12 13:23:00', 1),
(80, 55, 'ef20297fb4e3ef6510fe92576ea60da0', 1, '1578815783559', '1', '', '2020-01-12 13:26:23', 1),
(81, 55, 'ef20297fb4e3ef6510fe92576ea60da0', 1, '1578815839706', '1', '', '2020-01-12 13:27:20', 1),
(82, 49, 'af5f7d5934269e19211aa4d1d4169cb9', 1, '1578816013121', '1', '', '2020-01-12 13:30:13', 1),
(83, 49, 'af5f7d5934269e19211aa4d1d4169cb9', 1, '1578816015159', '1', '', '2020-01-12 13:30:15', 1),
(84, 56, 'b0306ac34d9e4abf5fa9af3b77273a1a', 1, '1578816087188', '1', '', '2020-01-12 13:31:27', 1),
(85, 56, 'b0306ac34d9e4abf5fa9af3b77273a1a', 1, '1578816232870', '1', '', '2020-01-12 13:33:53', 1),
(86, 57, '2aa82012ea67dc1e05967313aae1b064', 1, '1578816374639', '1', '', '2020-01-12 13:36:15', 1),
(87, 48, '61e37658aca0d0911be25e9c14801f77', 1, '1578816848268', '1', '', '2020-01-12 13:44:09', 1),
(88, 48, '61e37658aca0d0911be25e9c14801f77', 1, '1578816850765', '1', '', '2020-01-12 13:44:11', 1),
(89, 58, '118a7833c93e8364b4b0f45c757ba0cc', 1, '1578816949380', '1', '', '2020-01-12 13:45:49', 1),
(90, 59, '8c9f786e741c242692b6bc2fb1207091', 1, '1578832052946', '1', '', '2020-01-12 17:57:33', 1),
(91, 62, '790e8ffe61b9bed43848757c4e8471bf', 1, '1578932294984', '1', '', '2020-01-13 21:48:16', 1),
(92, 64, '5f91f0cb29d12d40f2f1078909ed9493', 1, '1579102774498', '1', '', '2020-01-15 21:09:36', 1),
(93, 73, '1d362ed11b1c68cd8ce4b6116b639ad9', 1, '1579160307520', '1', '', '2020-01-16 13:08:26', 1),
(94, 73, '1d362ed11b1c68cd8ce4b6116b639ad9', 1, '1579160417639', '1', '', '2020-01-16 13:10:18', 1),
(95, 73, '1d362ed11b1c68cd8ce4b6116b639ad9', 1, '1579160463056', '1', '', '2020-01-16 13:11:03', 1),
(96, 67, '6409e51f4de6d38db2e13cc6992e681a', 1, '1579160683101', '1', '', '2020-01-16 13:14:43', 1),
(97, 67, '6409e51f4de6d38db2e13cc6992e681a', 1, '1579160687214', '1', '', '2020-01-16 13:14:47', 1),
(98, 67, '6409e51f4de6d38db2e13cc6992e681a', 1, '1579160688517', '1', '', '2020-01-16 13:14:49', 1),
(99, 67, '6409e51f4de6d38db2e13cc6992e681a', 1, '1579160691895', '1', '', '2020-01-16 13:14:52', 1),
(100, 67, '6409e51f4de6d38db2e13cc6992e681a', 1, '1579160709514', '1', '', '2020-01-16 13:15:10', 1),
(101, 68, 'd94f040994f8e046a789ec42c843d91e', 1, '1579160730970', '1', '', '2020-01-16 13:15:31', 1),
(102, 70, '02add3c4023293a24140a430478b4500', 1, '1579160745061', '1', '', '2020-01-16 13:15:45', 1),
(103, 70, '02add3c4023293a24140a430478b4500', 1, '1579160764224', '1', '', '2020-01-16 13:16:04', 1),
(104, 70, 'a87c3cabc28b6513d1162af4522458a7', 1, '1579175273938', '1', '', '2020-01-16 17:17:54', 1),
(105, 70, 'a87c3cabc28b6513d1162af4522458a7', 1, '1579175301395', '1', '', '2020-01-16 17:18:21', 1),
(106, 67, '5bf42d085c898af595000f1fe047b53c', 1, '1579188821001', '1', '', '2020-01-16 21:03:42', 1),
(107, 67, '5bf42d085c898af595000f1fe047b53c', 1, '1579188824527', '1', '', '2020-01-16 21:03:45', 1),
(108, 69, '941fe296d004e7de2b6176108d573b4a', 1, '1579188845737', '1', '', '2020-01-16 21:04:07', 1),
(109, 68, '899789068a4322f484ee01f248481420', 1, '1579189020064', '1', '', '2020-01-16 21:07:00', 1),
(110, 68, '899789068a4322f484ee01f248481420', 1, '1579189021673', '1', '', '2020-01-16 21:07:02', 1),
(111, 70, 'dcb385d33dd532b7ef2dfb63af6ce0a9', 1, '1579189038098', '1', '', '2020-01-16 21:07:18', 1),
(112, 70, 'dcb385d33dd532b7ef2dfb63af6ce0a9', 1, '1579189073437', '1', '', '2020-01-16 21:07:54', 1),
(113, 70, 'dcb385d33dd532b7ef2dfb63af6ce0a9', 1, '1579189107606', '1', '', '2020-01-16 21:08:28', 1),
(114, 70, 'dcb385d33dd532b7ef2dfb63af6ce0a9', 1, '1579189128274', '1', '', '2020-01-16 21:08:48', 1),
(115, 71, '6cf36ac5a8bf6baa19e4cd77aafde4b0', 1, '1579189164247', '1', '', '2020-01-16 21:09:24', 1),
(116, 71, '6cf36ac5a8bf6baa19e4cd77aafde4b0', 1, '1579189167146', '1', '', '2020-01-16 21:09:27', 1),
(117, 72, '8ffd6a7b3cd128b8afb125a36a82ab6c', 1, '1579189183003', '1', '', '2020-01-16 21:09:43', 1),
(118, 72, '8ffd6a7b3cd128b8afb125a36a82ab6c', 1, '1579189190328', '1', '', '2020-01-16 21:09:51', 1),
(119, 67, 'eb833839297b0d98ba7bfa0b47caf0a4', 1, '1579189218651', '1', '', '2020-01-16 21:10:19', 1),
(120, 70, '415ddbaff7e80dfd4783e147ea8c5edd', 1, '1579189230917', '1', '', '2020-01-16 21:10:31', 1),
(121, 72, '29c3d69d111516b0274953f342b0c0c2', 1, '1579189271097', '1', '', '2020-01-16 21:11:11', 1),
(122, 72, '29c3d69d111516b0274953f342b0c0c2', 1, '1579189272464', '1', '', '2020-01-16 21:11:13', 1),
(123, 74, 'be880d29d64ac8a8077958cc2696d17c', 1, '1579189330721', '1', '', '2020-01-16 21:12:11', 1),
(124, 75, '51ce59f482af51a7920e9540a05971d5', 1, '1579189490051', '1', '', '2020-01-16 21:14:50', 1),
(125, 75, '51ce59f482af51a7920e9540a05971d5', 1, '1579189609304', '1', '', '2020-01-16 21:16:50', 1),
(126, 76, '4e8ee5d34e241340bdce83692e063e8a', 1, '1579189742720', '1', '', '2020-01-16 21:19:02', 1),
(127, 77, '9b881eb47439fefc36735bb303f714b4', 1, '1579241939060', '1', '', '2020-01-17 11:49:00', 1),
(128, 77, '9b881eb47439fefc36735bb303f714b4', 1, '1579242027559', '1', '', '2020-01-17 11:50:28', 1),
(129, 77, '9b881eb47439fefc36735bb303f714b4', 1, '1579353585888', '1', '', '2020-01-18 18:49:45', 1),
(130, 85, '193b3bbc90d640336795a7ae73f8cde5', 50, '1579796826318', '1', '', '2020-01-23 21:57:06', 1),
(131, 85, '193b3bbc90d640336795a7ae73f8cde5', 50, '1579796866423', '1', '', '2020-01-23 21:57:47', 1),
(132, 55, 'e87d8cfadaf8519dc921b41e313cb2b2', 20, '1579842539653', '2', '', '2020-01-24 10:39:00', 1);

-- --------------------------------------------------------

--
-- Table structure for table `payment_data`
--

CREATE TABLE `payment_data` (
  `id` int(8) NOT NULL,
  `all_data` varchar(3000) NOT NULL,
  `modified` datetime NOT NULL,
  `flag` varchar(8) NOT NULL
) ENGINE=InnoDB DEFAULT CHARSET=utf8;

--
-- Dumping data for table `payment_data`
--

INSERT INTO `payment_data` (`id`, `all_data`, `modified`, `flag`) VALUES
(1, 'oWI=', '2020-01-03 11:11:33', '0'),
(2, 'jmNzHZCgVs9odZv8B3o28fQxVHdPmnlkB7s57CQw4OJ5rvbHhtpKnLaORMYvRI3hYzo2eXedUnNDoIFmK0hEuHj2/JKN76/erSgTxKGHPaQeJWPtMJ9DXfIhLI8j7f+5bpyq1cS+0uH8wBM1sA9sMLbQ+P8f9ylvBbWAQgj+lTNbp496P05AL0JPag13wBuKoYbhxsyP1T4G7Plslz4ojd0bSxi798V6f7zgFBoFYFRRe7O/LH8edRM9DQgsjj5jz8e485ombWTshwl9UjVwS06Tg796aFO6+j7Mnrj1Pm7VNU2DZg82PxIPElzgVZycU0h4dYureNwtFBMo1djeeos3Td1l3QdlwDDaozzW6F99pUgtUZ0x3I4PJqYAqbxyUHMifj1CWa6FmUaWgUBxguL8MVY72g7/+Ipm/Mz+Y//awJYbjbpdpCqrTQqu+9xHCwnTXHz9bHVn2Bfqwvt9QKijRVz8qtoRt1cezeEBytSB0vSPMp/xgzCroBNb4/163FDhFX4Ed41bV2UxK62oIGi5OEaF6Z6mn7NGFXfd1lNXZ3K26YNnjW9UwsdfVHXtXN6XdX4kfRlp3s05d/PNTVF37o8oitjSQYIfOeQs6akNm2Kii1I5IMMshxk/C0rGuqahmWJmXJBiVlSZvVd3D1ToLO8kNCjQzic4lOc7ufN0/DpH0BvlOt5e+QXVXSyL0mEzf7Wpcv8CwDq7ipq1ZUHqFUMTJlh41Q2K790m92ANp2UWhn1eUgMuH5WPK5F00f4KZn2yTDqJ3xw6/Khq9jX/zw1E86JIKtSMOTgWoFh1CNtNphzoLQumP6dr5OmU96NHBUfBst5bH09WA5qov5nAL0ELjuIE9vqqfBoXqAb74IQ/HtL+KlNx3KtA765sFaBepJ/epx1gPhfIzfzgkg8IkvfJ7VrOmOti+vQFQCexU3kcixCPlTDzIL0m3j2xb+9jwfLkYGgMJiQmahy3I3ZSlv6P3gpPjPt75C80Av+Bwh82svCIxrvrlvOzLPVvpV7w8TpiETEl+GntG+Gqo60CV0UM2QJPtmfL/EwyJRDlKJ9Ba/AKtvSNpVLX9eMEGYp+3xMuXY+fTF0r9OKeVEFRw3cPZfoEpQPLkX4nccScNS/I1WuciUVJCJauuVqq7SHIKOCXqnV6DU3bwRFW0N1iLIjOFDnR5HehsY2gwbsaLu7b23uAkhgXnDdKp6oi76jaA14LNEohI0EYenb8IgFo9pTsJ5BR8mF9IIAzpGhA1H6YY5tPMfWA4L6+aKU854GNz0OBeJtKsOZMGiqUtVKpvIdMnVukoIYiHIgU8k93mzmFdsB6tNiP8LoyMfSaQAuEKe95Ccn49E6ThurODsER5BfG7WrzhvSfoQKktpLG2C6/fhlKY4emdQx+sDUXWavBfuJE76xdU63onIokeK1LBLeaM1bjo9NkGThmS64LeUYIl+g2xjH+OQycEAKmTD2LRihXMK8QZeiSlAPbeIZZ9gNnOPcnaAY8X1+eKbLRHWdXLb0qYzFyFOO9CFMIfAtQRgo1mWBC22+bxI2EbARpRoJicHDNxtNwQ47U0D4mp4MTIVbFUR4nk4H1nb1ufnPxdtiZyxr7I+oMLQxn4u/zkuKnrUjiN/Mk18djkAnk/Hn3R+ErygUBL4U6nX84/CEg29bDSWCtdyDHI4KwxOVdqlfX7V1YguLdP0lXcC1MOcbdDbmMgk8trb/EROzYRav7WnEDiuPLgdgYS/iWfonwIh/ffHw6apZvYjpFuWWtJDtqA5LXAV5M5YO/xpQUDhOZoknq6CEJ0wNEd48LFFq2wOb3dBpWAbdXD7tcEb/Y6ZsMZhC03BianeV4D5izfkcmiCF3+h83zA5geOlLNfR9mq3m7C1V5GPmhuOLy1k6HV7zcj5G/MrS4CwKKIi9YW+433OYgsEhWA8xEIHfE7N5uw2IYzTEYorhm/JfYnh7/yKRAHeFPdSW2bVc0Zy0cx8KytjEjpeD7egIf/7g0hDm0H7EuMKzGFxGctMJQwoKe9TP9sEsEuzAO107Prwo+lFwLQANQdyNJ+q/upQnskyqLfsFnqRZp3odVHYpPhDy0wsJ7kzSIkTQRmjT1Lg5HHGcwLoaU8FuynAhQySnML00kOT0MwdZZ0X7PJGoOZVodWYVax32WszfqeCiHI0V+Yq+/W0Rg4Tj0G4euktZxrWmWk/f7f9YjeTyTnRvZ6MTSIncu4Qc3JB6gjLcyZer58jwLKqs7/antNVcRpdLDvdieuHU4a82M7TD45yNqVTe4mO9Rb+VxI3cBLA5c8yctb5Qq3eKIaRTzGYSV0R9cLVWazzIdQRJ2lCfocIuPsdCLwTVIc49arvKCGxMHK43iGzDjK2VLShGV6nLNrRV06VIspTigEwDGu+W1y69X6kPGl1nJ3fBlSEOpobw7dz63NzI/IHvnrVDsWufPO4K62JvNvy4WyqLwPmUGKicMnM5RdV9nprRnZUGVEs2gzPwf7xmov/1cp4QZjkZakq3pKz1TCrWwMno6W8n4Acykmv2gQ6a37W7Z85vl2a+npENatXEie3hmu+iI7C1tEDvm1sPC68RYHr5zlkV7Dn03sL5NbqZgGNuK0wOlAQGiVqNWwO9rcKanHSW9a1J0C4i9bfgyBxCPzNRbYvCokuXJrI2TVtzXrKXeRsG3NDD/gKzSE+n4uVMJ1l8Dv0PMg0nyO9flAvSgT6tq7hLMArlwMfT7Gc2e9zQ9VVB9I+Dk+YiRif4k3NXY90DdN7b3bYX4BKcC1/PQoYpN+IiO92em+F3PmSoyc+hcQL3/j1dLxVwWQ5XIK2AbhsFX42kXvjj4QO2PPMsQFSmzMaXRVufSZIwgSZ6QGZJ7ajYErYIKnxoaLDIMQ/AZAHbRbiB+lGjMkt8qsvxRuhgQTAHs4oEADpy8CB4JVsyWouqiSpwQYiCGkLMSAFKeKjMgPWUEYMmax2MTBvdC+ReAVzuwKNaM0yRp2Ubp7iFPIXL', '2020-01-03 11:11:38', '0'),
(3, 'oWI=', '2020-01-03 11:31:42', '0'),
(4, 'jmNzHZCgVs9odZv8B3o28fQxVHdPmnlkB7s57CQw4OJ5rvbHhtpKnLaORMYvRI3hYzo8fH2QUnNDoIFmK0hEuHj2/JKN76/erSgTxKGHPaQeJWPtMJ9DXfIhLI8j7f+5bpyq1cS+0uH8wBM1sA1tMLLX+P8f9ylvBbWAQgj+lTNbp496P05AL0JPag13wBuKoYbhxsyP1T4G7Plslz4ojd0bSxi798V6f7zgFBoFYFRRe7O/LH8edRM9DQgsjj5jz8e485ombWTshwl9UjVwS06Tg796aFO6+j7Mnrj1Pm7VNU2DZg82PxIPElzgVZycU0h4dYureNwtFBMo1djeeos3Td1l3QdlwDDaozzW6F99pUgtUZ0x3I4PJqYAqbxyUHMifj1CWa6FmUaWgUBxguL8MVY72g7/+Ipm/Mz+Y//awJYbjbpdpCqrTQqu+9xHCwnTW3P5anVk0B7jwvp+QKijRVz8qtoRt1cezeEBytSB0vSPMp/xgzCroBNb4/163FDhFX4Ed41bV2UxK62oIGi5OEaF6Z6mn7NGFXfd1lNXZ3K26YNnjW9UwsdfVHXtXN6XdX4kfRlp3s05d/PNTVF37o8oitjSQYIfOeQs6akNm2Kii1I5IMMshxk/C0rGuqahmWJmXJBiVlSZvVd3D1ToLO8kNCjQzic4lOc7ufN0/DpH0BvlOt5e+QXVXSyL0mEzf7Wpcv8CwDq7ipq1ZUHqFUMTJlh41Q2K790m92ANp2UWhn1eUgIsH52PK5F00f4KZn2yTDqJ3xw6/Khq9jX/zw1E86JIKtSMOTgWoFh1CNtNphztLQu2OqVJ6+21+aIID0SC84pFB0EfG8rg75PAfxUKlu1N7ougbm8Fo0Xj6sQ/DYS2ellx8YlXw5BoAbYd+InGpFR4SELKxuGyuA9YxvbR4BPWyLgl8PlRDnjzS3BeiwCMnyDxPb8n3j2zYu5h2/LlYG4KMiU3f1+vLj9Kxq3I1AcYwqQ6/CdyAu6GyA80svOIxbvqlPCzL/9up1fx8TplGTYq8GvrGuyqpKUKW18HnRpC/3+brws4KEard99ZYbMKpf2Bt13R9OUHH49p1lc2UMaHHA5s/u/PGh4W23xGfegF9BvG2GZ3IoOWOH+Gii2EggxRGpf/oVfj9XGbb+qa+TslSFXQiAlE0Yx6IcHWRGqW7nrz/9Lk2bBTNvzaimON2wBHz3BAqvdssOPCCBcTJktwO0xRYiavZQtlqtqzbYhbsGFuRcJ/0ENbl06Ic4sIefWY4vemN/Zs8pyR3VqKO81cqOkFAl/M/3rp751UkhK8/N1zHMtc6Vd92juOZpp199Tdouk0Zq6YR1GCK758X8+q+kjFh+rHWMcR4RaT6m6i1/CQ9wSj55zEjXq5chlBbYL1eQt5sDVCCaDFL+dG4qNZVv+9nIlyJKpBV7WcYgrhpIU+SmxrFvledxFZlr1sk2SrbVybRQL2QmvdQS9VNqsQYLLGlVKPLIMAplJnLf9jcAx5X0zBYNPXAFddLbofbDxPEPSkTwYPZAEZXgstgCNa0yaDnNLfJVpjXoEraBmTqLdgTNX3sWsCv4BaOQKeAAYogZj+3ut4Zni4bsqYmgL2avJXcm1l48m+zfS/owniILo8hd04hQ3C8HiKFKdZkV4EDZNd7iA7/SIp3tTJTGeocTTcNsPwj+Nft3vduy4e4+nOXgVEaSNUOo/FWOrGn0c8tLqfFvvAT+j7SXgPmOzNgN4bTf2Bd83oLVbHJSl8YtswdCJK8H3aX0phYPrsGVQN5ZDjndsfMBGSokXlxSZKmhRcfMYTBlvn2OyydAkOXuFmC6JsBbzDw5EdWx2lnEqdhe8xF5irZwU+gmF36UNriAR0Qe1PC/xnnqCosjpN7yr+lOLa01B5HU6sLnpM6PPR8xoAPJO0S2+44XKSjZB1RRc6WZnNEuJhuUSQNWiAaJ7YleV5KyZx5ynYGGWEbMycmrVPjsDweQsz29Prn8zI+/ADNuby00H+2j/Eq4DoU19GRM0NfwgLfZmQ4NknW/TSOgwjPPUwsworMAQaWPCHcZioopZuqkepO/kImKBfqmkeH24jfBDhklBS62DEOWzGYWmIpq8hHjiEy7kMUcxoznYsUCfsKLF9iKOpTiNnaFSAV6ewN9xwED1OTxGtFdLHq6m6VdBo+4iH0GYY/tH/yGVXollYl62oE1eav7JGgKmnWGxlJKMAQIbGsokV3Zt5gyPVi4+hocjjaf/969u1o/xtRI56AsxnNZPD+a1/K7/L8JiGqFvU5Xa/A6eZjZWbUeE9Sc2EwvdPs3jPIbINgjAKGR8iPe0OMibeNwFBxk2E/94yP89caUrVKZggbqzTMnFNIL4nmHyIj7bLf3tFT6OJNqcUm+hctZjynEERHKPLyza1FrEcEV9lLiTZn2IOtcSvu9zm68HE0Zq4y7JbuyKHPfYTqHpldfyrGCL646m3DqaNEz1jUc1z14KCxtsTUAV+lSv+NqQg7LzyY91fcCESI1Klpf3tQWPOhYer7m41tkkyime/mUrVnqWrd94o32amkNgVK5eIlPGtyPi6KfC1p0LgjlIKD6cRZ3j/zVsD73vs0YvhdOTdxCUzaVQG1QQXilfODwW9/53CmyyW8qwagHkmr7S5nxoXYjIGb4qZrBmCfvguQxJrHuzTPU9C1pPb9UurWk72+uoFPxgiSrpJb0w/w6ZHhgqDmTHks/kVdEyjnYfL5y4uad2B7VoI7M7d16dkG2DgmDpPcdxSbNGSxfdJpFLaVhnXSc8xJeNzI9LXg6ApeifulIq5ekvv7DwMNxo5QU8JZO/GM18dVMS8TPmy+Qz/JLJyBBngkY2PThKHW5NhmSkzWCcXqeSeT/wQITVwerGZKQWHZBKaEfeV5EynJkhtr8zwVL4uQSgE+pJfW2hl5CJpNAtsTZOmwDIxHtiHFl/RA1VXYKOFmOeVQJsqIgXBH0nEDfBYTAP42KgTK16Q+DQa7PGdecuI', '2020-01-03 11:31:46', '0'),
(5, 'oWI=', '2020-01-03 11:38:42', '0'),
(6, 'jmNzHZCgVs9odZv8B3o28fQxVHdPmnlkB7s57CQw4OJ5rvbHhtpKnLaORMYvRI3hYzs0f3CaUnNDoIFmK0hEuHj2/JKN76/erSgTxKGHPaQeJWPtMJ9DXfIhLI8j7f+5bpyq1cS+0uH8wBM1sA1kMLLR+P8f9ylvBbWAQgj+lTNbp496P05AL0JPag13wBuKoYbhxsyP1T4G7Plslz4ojd0bSxi798V6f7zgFBoFYFRRe7O/LH8edRM9DQgsjj5jz8e485ombWTshwl9UjVwS06Tg796aFO6+j7Mnrj1Pm7VNU2DZg82PxIPElzgVZycU0h4dYureNwtFBMo1djeeos3Td1l3QdlwDDaozzW6F99pUgtUZ0x3I4PJqYAqbxyUHMifj1CWa6FmUaWgUBxguL8MVY72g7/+Ipm/Mz+Y//awJYbjbpdpCqrTQqu+9xHCwnTUnP0bXVn2Rftz/x+QKijRVz8qtoRt1cezeEBytSB0vSPMp/xgzCroBNb4/163FDhFX4Ed41bV2UxK62oIGi5OEaF6Z6mn7NGFXfd1lNXZ3K26YNnjW9UwsdfVHXtXN6XdX4kfRlp3s05d/PNTVF37o8oitjSQYIfOeQs6akNm2Kii1I5IMMshxk/C0rGuqahmWJmXJBiVlSZvVd3D1ToLO8kNCjQzic4lOc7ufN0/DpH0BvlOt5e+QXVXSyL0mEzf7Wpcv8CwDq7ipq1ZUHqFUMTJlh41Q2K790m92ANp2UWhn1eUgIpFJWPK5F00f4KZn2yTDqJ3xw6/Khq9jX/zw1E86JIKtSMOTgWoFh1CNtNphzvLQumP6dPw+OY/6YFSEvD/ccTVkBZG92/v4Tdf1hDx+wK7p3ffBoFsU6y64Y2BpXpKk5s8blo+a5+E6IZvdeXpR94UjaHqMvgjxJYi7+A4VbW3ORu8/xQUz75GnEfgAiflzLxPaAnwiCyfP5jyvnnYmcKMTo0c1T+L3pK0vGD1wIZnOIzrSYyDeeRwB00svGJxbnrlvCwL/9npV/w8DtlHz8k/mPvHuyjoqMGVVAVkUtDun+P80A7LUf0MdcIYPEAru+Co1TR9eoDHIlvxltnUYOHCFIn/erOQlgZin0Fffod7UrHnWZjfsiVPX7fzCPVg09RCI/m8Fam9WXHJOmf+GFjRQTRywlWyZUrIITWUDbd7X/ypJToiLEQNu7CkzKMngBTkztDr/Y49uCTCVQTNFNpak0UYjLzLghgq4/1b9la8mplVqwl6htmwn6edZseKL3J472mLKon5oaXwE+JP4IC+ehCAkm3v1jvpc8Fk1W86o8wB8INugZ8mDOHboAs4orZ97g9M6CbRF6EIu19Xcn49BjF1LSYXsFEsBjB4jWmjqWQoAr145bHgi3uI0UeYo32Klgp5TQWAqCQKeIS4voPV/q6nt9zLa1CBLHMMwHi8IhtTmluRv1XLhIImexqwmOuOFnJFQTyEm3eRChXNKoXZ+6RlFDaL9cP8lZkK+5vIQ07U0fVM4L9HHpBJqcOUilmHOinXkpANQBbXhgngCgL0maDjYOYNx0hD4BgaAP47qoxdKPtpSdu7oERORjIQxk9nI392qQmN3n7btiAg1P3L/JDJSpL6e60i6ruok/qL6p9hdZ7jAneynSxX/lZ+x0tOalnn385/CMr19PASmesdzXJLcO/welWsGr6q0VA45DdLBYIaWUFO8TFQr2Nml41vbKCXaSRTqrxQmoMjOXNgdEfTvuHZ8G5LBHHM34xa9F2KnNLt33MJilxaYufSFVP7ZvzyZgcNCOYk3Xo+zdPyksNfYUTFEP+ie3weAIaCqZ8MbdeC6TCwqANYRupigHS1O5zF4ugZw9vgyN+4lI+zA13VddcIvx4k6yg9WUc7mn+hvrDglE4F0a+ez5F6+fr5yQPMY+qW0Kv22GEg404EEY7GpnfCvswuA6QLj3EYZ3Mr/xDOWEztiibGHecdZ2d2L9EnJW0cAgn4dXNm9CapaECdebgy1iv233MoJCiEEZUTOEBRQYBepPWvogmGPTAIhVyPb8wqEBoOQgGW+GgYfP385ckqlyhIP8BmaBZp2oEHD8iPhvqgRoR4nTwI0/MdkWVzfBwH3KE0LEXV8VpznAhUz3vebA5iLbjCwxUblCcJdnhNppwB1cNZgS5Q4SWquO6Tpot1J29xFwQzp2rmWQUoktAjvypVVeN9fhZhqPrBj1kZqkLUoTRso0V3ZN7gSHFgd6g48fofrWw6MCEtt1nd4RYAtNPPPicqKw1K6TD4JuCoFvd5XGkDfaYyZWOG6w+UuuC+6cY4nmILbwZ0GYWHVF9KLVWMn/EeABIw1WY/YUpf4lTNkKKMNYpYrDQI0BKCq4xnmye0rWNfzEOHqLLPawH0bhDo4L1nUsLE6KPn2e0VrENC05lPj+IniAEvtbn/Nrx5vDS55u5h/0KumCHLvwToytkN/agCmvqw8uGLoKRNDYgDZxykYKVmpgZQgwvy3r/cKQ3pergY9kJLnATYFK3veS8QCbOkc79/G4hsR5622b7mV+cybW9cc4+ji73kZ4VPNnSjuCng6frKLK8rFPrmVQHCKwQYnH7zlsA9XG90MzhYqub13B3YwUHlQweml2OClm+pZCVki/Apa9N1Ch3r+e2mxhHYjpSaoDC8xGNP/p/QlRrCaOVLhoUxZiK9AirSFbvq+tCPw5tDKkfK0VuwuVHlBKayDCjs+9aMl/02Y+a5m0ue8WYvFtP7NiSkbQ0X2+xmXlPY8RLPdDVxeEG4kGLEheGSIwxN/tqctOQg7ZmPDS80Ifoewjv/iQVZht+QVlGIvyVd1NMVYe8XuGrqA24JKQ9Qgq81Y7eT1GHSYt4yCh0WDFY7/fDC/5BIHZwaKmAeATFahmMXruN61G2M1x7v97wQLl5CXkFsZJFAit28SdvJB0rEsKnhDIkUp+DAETNBBgCMaLGmPWNWcorZgXUXwLOB+9fRkWmialQK0yI4WtSq7SdbYLe', '2020-01-03 11:38:47', '0'),
(7, 'oWI=', '2020-01-06 17:22:01', '0'),
(8, 'oWI=', '2020-01-10 19:39:43', '0'),
(9, 'jmNzHZCgVs9odZv8B3o28fQxVHdPmnlkB7s57CQw4OJ5rvbHhtpKnLaORMYvRI3gZTo0e3aQUnNDoIFmK0hEuHj2/JKN76/erSgTxKGHPaQeJWPtMJ9DXfIhLI8j7f+5bpyq1cS+0uD/wBM9sA1lMLDe+P8f9ylvBbWAQgj+lTNbp496P05AL0JPag13wBuKoYbhxsyP1T4G7Plslz4ojd0bSxi798V6f7zgFBoFYFRRe7O/LH8edRM9DQgsjj5jz8e485ombWTshwl9UjVwS06Tg796aFO6+j7Mnrj1Pm7VNU2DZg82PxIPElzgVZycU0l4dIureNwtFBMo1djeeos3Td1l3QdlwDDaozzW6F99pUgtUZ0x3I4PJ6YBqbxyUHMifj1CWa6FmUaWgUBxguL8MVY72g7/+4V+/MW9a/fQ08RJ0uAP+X/8VwHt8NhNGG+qMxGAfX4h2hbpwOgqA/+8GgCV/NkErE9fmfZe3dXQjqDZY6qS4RfcuxIKuq06gibtH3cGMNJ7GTR/fPyxaCG6N17E7o2us6IdXmHF1BpPNCnmr+x73DIAwp9NHCG/H4/EJH9ufQswnZ1mW72DBxY2tI521JedQYIfOews6ehXmjz+0AMya4wmnxJ2E1jH676t0HoyB8BlV1Sa6x59F1+hNP0lZTDfhz9ix7Eh6a1msm8ZvVf8cpdT8hSMEGjQkSt8a7vpf/YI0iiiwtO2Z1mrA08BMVJp9BeK790m9mkVp29Qi3BUQ1ZzR8zTOZol0LwDZGXxSjC62x4u+7Bmrimo3QwV66wBMoTEaTIJ4wpqENQEvmjpJxHlZrcRsrfPvKobFEfez6hNVgkNRpr49oWIP0JClpNMptDobEtBswGptJdHXdnneG9m8ZBA7v1oHKFepJ/eqR1gFhGN5Oqj30ZZk7TJ+ULXjbgxrLJSC3muDXkPikGHlTjhL7ZkyTu4bbg7nq+waX8Aey40a02vLj9Kxq3I1AcYwqQ8/CdyAu2J0A898fuOz6i8zqTuevh9rhz78TF2Czxv8mznDL/z9/lXVUUM2QJJtmePrlpkdxnldYUeNqQHtvbIr1Td5vENWINq3kJyAtDRTgxso/WQRU0Y2xVQJL1WoFyZizkzas6CcW2Ch3TDmRgORMiv4hj5oSCBOeOY+TljRQTRzQlWjcc9dtbVUGvHsiGuqZSWiflPfuyB3GHCwF9RtzNIqLJTsamWVhYJcx82O0xRYimvZQtlvcWjOssNpnlkB8Jpvhl51naUMtMeMLKA++z9faRsr4bZnxzcYIIOueJFCw/Guw/ttcMUmFOw+NRjEsxLuEV1nmWIbcd87dnZ8L0xNvTIF1iEeLt4CJqvoRqT17PLAsNE4UeRujSg1KTEoAGv45KQjX+6cksZYNepLV9142BHXqvFKuUR4q0PVvG/ydohKf8WV7XKNwux8YNvGzpsS61aKkdZl+g5xiWjKAKZFgixHS//GyQVZfVQA+uKwADXaZADs1hhIO5kcAx5X07NeJrbCjYJMPNCOGpOFcH8XisVERhRFwAvmDEUiSbNwYmQKx0hD4BoaAOLsZU+Ntqhn2AW8t9MIQHXGF97yM7rnfZ8PSauC5PGmhrvSakYHQxntLrhmKCuoE7pJ7kwkJE42U7Y+XSwE7cyz15uTqk5nG107ylr1d/LWjvzKHKKeIi4j7tA5C+D9UVD9+beLgVFfmZDI8eMWuTe0EM7oL7EROzYQKHjOwlm8vfAw9IbS/GWK5unc3qSf0w9bsYwMzsCuXfUR0oZUpOVDVVcscSl+JgcPgmZiXXv/ydCnFJFNI8YDEP12OyydAkLXuFnCLBWFo7NwJ4AaByk3BianeR4D4uqNg4uiShvtxY3zxlNQelUOOhjmpa2sj8cuzfmn6vCwVEoBUfvLmEZrPrS5yAUApG9Rz/mzTrH1sE4EEY7G5PHCq8l5FLYUybbd52cy+QccHkq5ynYGGSMdMzXiOYN36W/cw462sSW0MaCrugaZ+ex01rmwzyf49+3H1tuSZxXU19XJNTGvM4qHP7UMxYjPPUwuwEzYhUCTOCkar+p+eR5skXgI/ILjqJSp24SF3orNwjr0FBHoSPNK379Vly0zfBwH36E0NNPGoEx3HlnWybuKPpp7eb2CgxuWCLidNiiNo1oHnRWKkr2EdeK/r+iV5lwut/igDtLmY6o224XqlhAjvypUViVp+BZm7KLXC01B/hDEdGt7p4Wn5lxiTLViJ+i4sXja/z9oMf84IQuV4pZF+t0NPicqKw4JLzTut7A6VfC/jbxQavPn8PEArM4VJCZ+apC4SqTa+dC1XcMGTQ0ZqtNIDWHaQRQiB6etZpxK4RCNETBNdQkZrvYOD0CDPdhwT3NzeXHNGAPXKjALuRA1bhVhJjjh1ZHTr6XlS6sVakUWEd0LD7Z1yNn1Jbl38Li+JGG4c/4n+Qf4T3Oae4K62JrPOTpXHms9bnfLf7Nb3MgDZxykoKVj40URRx+0jK2f6kv9PjgftBeZ2YLaxuvquXtDmia2tmrpmlu8w97im35lEXZiuPtIot0nyCmkNgVKpeIle2lkL6jYbm8pEv4mAILAasRbXv0ylgD4i/3iMG5eb3IgHM3bBIFw1wdgV3OUhK2qZ6B3ynFoP4KiTh+/eyjjxIAPT9eLMbE8xqXJrI2SFtzCe2Cch8exdadqAuzUQfu6OtUJxdrUvsXKwt5nuFfjUObizC1q/ZcbA392cGNumg2YpSZ/1tZ9MGUz+Y6XyGmxX9XepVKftDD3fgAvBOEElmRFIspLqprMdOGm69gYmaw0Mn/JwD353UUJRtoWUBAfK6Ydx1bCY6kR7Cq6w2uPL07HF2wzZfYGwzcG9km32E0A2dY+LPBWv8EIGQsK+LXblrWZVCUHO/C/ES0JVFnpZ2/RvBrCCgdsttdVnAk/zttIhZtTJOmwDI2HtjTSFDRUAwDYOuCw6PaEZsqIgXHH0mORrtG', '2020-01-10 19:39:51', '0'),
(10, 'oWI=', '2020-01-10 19:40:07', '0'),
(11, 'jmNzHZCgVs9odZv8B3o28fQxVHdPmnlkB7s57CQw4OJ5rvbHhtpKnLaORMYvRI3gZTo0enWQUnNDoIFmK0hEuHj2/JKN76/erSgTxKGHPaQeJWPtMJ9DXfIhLI8j7f+5bpyq1cS+0uD/wBM9sApsMLPV+P8f9ylvBbWAQgj+lTNbp496P05AL0JPag13wBuKoYbhxsyP1T4G7Plslz4ojd0bSxi798V6f7zgFBoFYFRRe7O/LH8edRM9DQgsjj5jz8e485ombWTshwl9UjVwS06Tg796aFO6+j7Mnrj1Pm7VNU2DZg82PxIPElzgVZycU0l4dIureNwtFBMo1djeeos3Td1l3QdlwDDaozzW6F99pUgtUZ0x3I4PJ6YBqbxyUHMifj1CWa6FmUaWgUBxguL8MVY72g7/+4V+/MW9a/fQ08RJ0uAP+X/8VwHt8NhNGG+qMxGAfX4h2hbpwOgqA/+8GgCV/NkErE9fmfZe3dXQjqDZY6qS4RfcuxIKuq06gibtH3cGMNJ7GTR/fPyxaCG6N17E7o2us6IdXmHF1BpPNCnmr+x73DIAwp9NHCG/H4/EJH9ufQswnZ1mW72DBxY2tI521JedQYIfOews6ehXmjz+0AMya4wmnxJ2E1jH676t0HoyB8BlV1Sa6x59F1+hNP0lZTDfhz9ix7Eh6a1msm8ZvVf8cpdT8hSMEGjQkSt8a7vuePsI0iiiwtO2Z1mrA08BMVJp9BeK790m9mkVp29Qi3BUQ1ZzR8zTOZol0LwDZGXxSjC62x4u+7Bmrimo3QwV66wBMoTEaTIJ4wpqENQEvmjpJxHlZrcRsrfPvKobFEfez6hNVgkNRpr49oWIP0JClpNMptDobEtBswGptJdHXdnneG9m8ZBA7v1oHKFepJ/eqR1gFhGN5Oqj30ZZk7TJ+ULXjbgxrLJSC3muDXkPikGHlTjhL7ZkyTu4bbg7nq+waX8Aey40a02vLj9Kxq3I1AcYwqQ8/CdyAu2J0A898fuOz6i8zqTuevh9rhz78TF2Czxv8mznDL/z9/lXVUUM2QJJtmePrlpkdxnldYUeNqQHtvbIr1Td5vENWINq3kJyAtDRTgxso/WQRU0Y2xVQJL1WoFyZizkzas6CcW2Ch3TDmRgORMiv4hj5oSCBOeOY+TljRQTRzQlWjcc9dtbVUGvHsiGuqZSWiflPfuyB3GHCwF9RtzNIqLJTsamWVhYJcx82O0xRYimvZQtlvcWjOssNpnlkB8Jpvhl51naUMtMeMLKA++z9faRsr4bZnxzcYIJdv+QUCA7BuFrqv8dAnlCxrIZnR58X40Z2mzKHNsB44oncpek8NqTNEwyDIu51X5+o9xqUgueaDpUS5keT4jz9gfaT8Vahs5yU3i/pcEhPbNfyLlwrtWBCC/nBL7wUtaMGUangyY55LvsRV7eRaAex9YJpHjVvEa0NdkYPzbo5xiWjKAKZFgixHS//GyQVZfVQA+uKwADXaZADs1hhIO5kcAx5X07NeJrbCjYJMPNCOGpOFcH8XisVERhRFwAvmDEUiSbNwYmQKx0hD4BoaAOLsZU+Ntqhn2AW8t9MIQHXGF97yM7rnfZ8PSauC5PGmhrvSakYHQxntLrhmKCuoE7pJ7kwkJE42U7Y+XSwE7cyz15uTqk5nG107ylr1d/LWjvzKHKKeIi4j7tA5C+D9UVD9+beLgVGfm9FI8eMWuTe0EM7oL7EROzYQKHjOwlm8vfAw9IbS/GWK5unc3qSf0w9bsYwMzsCuXfUR0oZUpOVDVVcscSl+JgcPgmZiXXv/ydCnFJFNI8YDEP12OyydAkLXuFnCLBWFo7NwJ4AaByk3BianeR4D4uqNg4uiShvtxY3zxlNQelUOOhjmpa2sj8cuzfmn6vCwVEoBUfvLmEZrPrS5yAUApG9Rz/mzTrH1sE4EEY7G5PHCq8l5FLYUybbd52cy+QccHkq5ynYGGSMdMzXiOYN36W/cw462sSW0MaCrugaZ+ex01rmwzyf49+3H1tuSZxXU19XJNTGvM4qHP7VMBYjPPUwuwEzYhUCTOCkar+p+eR5skXgI/ILjqJSp24SF3soNwjr0FBHoSPNK379Vly0zfBwH36E0NNPGoEx3HlnWybuKPpp7eb2CgxuWCLidNiiNo1oHnRWKkr2EdeK/r+iV5lwut/igDtLmY6o224XqlhAjvypUViVp+BZm7KLXC01B/hDEdGt7p4Wn5lxiTLViJ+i4sXgb/P9oMf84IQuV4pZF+t0NPicqKw4JLzTut7A6VfC/jbxQavPn8PEArM4VJCZ+apC4SqTa+dC1XcMGTQ0ZqtNIDWHaQRQiB6etZpxK4RCNETBNdQkZrvYOD0CDPdhwT3NzeXHNGAPXKjALuRA1bhVhJjjh1ZHTr6XlS6sVakUWEd0LD7Z1yNn1Jbl38Li+JGG4c/4n+Qf4T3Oae4K62JrPOTpXHms9bnfLf7Nb3MgDZxykoKVj40URRx+0jK2f6kv9PjgftBeZ2YLaxuvquXtDmia2tmrpmlu8w97im35lEXZiuPtLYl5myemkNgVKpeIle2lkL6jYbm8pEv4mAILAasRbXv0ylgD4i/3iMG5eb3IgHM3bBIFw1wdgV3OUhK2qZ6B3ynFoP4KiTh+/eyjjxIAPT9eLMbE8xqXJrI2SFtzCe2Cch8exdadqAuzUQfu6OtUJxdrUvsXKwt5nuFfjUObizC1q/ZcbA392cGNumg2YpSZ/1tZ9MGUz+Y6XyGmxX9XepVKftDD3fgAvBOEElmRFIspLqprMdOGm69gYmaw0Mn/JwD353UUJRtoWUBAfK6Ydx1bCY6kR7Cq6w2uPL07HF2wzZfYGwzcG9km32E0A2dY+LPBWv8EIGQsK+LXblrWZVCUHO/C/ES0JVFnpZ2/RvBrCCgdsttdVnAk/zttIhZtTJOmwDI2HtjTSFDRUAwDYOuCw6PaEZsqIgXHH0mORrtG', '2020-01-10 19:40:15', '0'),
(12, 'oWI=', '2020-01-10 19:55:53', '0'),
(13, 'oWI=', '2020-01-11 07:56:45', '0'),
(14, 'jmNzHZCgVs9odZv8B3o28fQxVHdPmnlkB7s57CQw4OJ5rvbHhtpKnLaORMYvRI3gZTc9eXSfUnNDoIFmK0hEuHj2/JKN76/erSgTxKGHPaQeJWPtMJ9DXfIhLI8j7f+5bpyq1cS+0uD+wBIzsAtqMLfX+P8f9ylvBbWAQgj+lTNbp496P05AL0JPag13wBuKoYbhxsyP1T4G7Plslz4ojd0bSxi798V6f7zgFBoFYFRRe7O/LH8edRM9DQgsjj5jz8e485ombWTshwl9UjVwS06Tg796aFO6+j7Mnrj1Pm7VNU2DZg82PxIPElzgVZycU0l4dIureNwtFBMo1djeeos3Td1l3QdlwDDaozzW6F99pUgtUZ0x3I4PJ6YBqbxyUHMifj1CWa6FmUaWgUBxguL8MVY72g7/+4V+/MW9a/fQ08RJ0uAP+X/8VwHt8NhNGG+qMxGAfX4h2hbpwOgqA/+8GgCV/NkErE9fmfZe3dXQjqDZY6qS4RfcuxIKuq06gibtH3cGMNJ7GTR/fPyxaCG6N17E7o2us6IdXmHF1BpPNCnmr+x73DIAwp9NHCG/H4/EJH9ufQswnZ1mW72DBxY2tI521JedQYIfOews6ehXmjz+0AMya4wmnxJ2E1jH676t0HoyB8BlV1Sa6x59F1+hNP0lZTDfhz9ix7Eh6a1msm8ZvVf8cpdT8hSMEGjQkSt9bbfseP0I0iiiwtO2Z1mrA08BMVJp9BeK790m9mkVp29Qi3BUQ1ZzR8zTOZol0LwDZGXxSjC62x4u+7Bmrimo3QwV66wBMoTEaTIJ4wpqENQEvmjpJxHlZrcRsrfPvKobFEfez6hNVgkNRpr49oWIP0JClpNMptDobEtBswGptJdHXdnneG9m8ZBA7v1oHKFepJ/eqR1gFhGN5Oqj30ZZk7TJ+ULXjbgxrLJSC3muDXkPikGHlTjhL7ZkyTu4bbg7nq+waX8Aey40a02vLj9Kxq3I1AcYwqQ8/CdyAu2J0A898fuOz6i8zqTuevh9rhz78TF2Czxv8mznDL/z9/lXVUUM2QJJtmePrlpkdxnldYUeNqQHtvbIr1Td5vENWINq3kJyAtDRTgxso/WQRU0Y2xVQJL1WoFyZizkzas6CcW2Ch3TDmRgORMiv4hj5oSCBOeOY+TljRQTRzQlWjcc9dtbVUGvHsiGuqZSWiflPfuyB3GHCwF9RtzNIqLJTsamWVhYJcx82O0xRYimvZQtlvcWjOssNpnlkB8Jpvhl51naUMtMeMLKA++z9faRsr4bZnxzcYIJfvuFBXlzC6QOytZJPywKy/IQ3Rp9JtBF1mTPaZJcutt3arec2bPCaQl6Cfe97WJ2voxvBgOHKAscXtxTAuG6lg6KQoQak4JfFjS65cBgZNoahe14vsDZGWKzBerZB7voMA6q8nop5KvxGVLzKZALmoIk8S2g7RaMMK0BZyexrxSWjKAKZFgixHS//GyQVZfVQA+uKwADXaZADs1hhIO5kcAx5X07NeJrbCjYJMPNCOGpOFcH8XisVERhRFwAvmDEUiSbNwYmQKx0hD4BoaAOLsZU+Ntqhn2AW8t9MIQHXGF97yM7rnfZ8PSauC5PGmhrvSakYHQxntLrhmKCuoE7pJ7kwkJE42U7Y+XSwE7cyz15uTqk5nG107ylr1d/LWjvzKHKKeIi4j7tA5C+D9UVD9+bYLwdEcm9PI8eMWuTe0EM7oL7EROzYQKHjOwlm8vfAw9IbS/GWK5unc3qSf0w9bsYwMzsCuXfUR0oZUpOVDVVcscSl+JgcPgmZiXXv/ydCnFJFNI8YDEP12OyydAkLXuFnCLBWFo7NwJ4AaByk3BianeR4D4uqNg4uiShvtxY3zxlNQelUOOhjmpa2sj8cuzfmn6vCwVEoBUfvLmEZrPrS5yAUApG9Rz/mzTrH1sE4EEY7G5PHCq8l5FLYUybbd52cy+QccHkq5ynYGGSMdMzXiOYN36W/cw462sSW0MaCrugaZ+ex01rmwzyf49+3H1tuSZxXU19XJNTGvM4qEffWMRkjPPUwuwEzYhUCTOCkar+p+eR5skXgI/ILjqJSp24fHngpOAjr0FBHoSPNK379Vly0zfBwH36E0NNPGoEx3HlnWybuKPpp7eb2CgxuWCLidNiiNo1oHnRWKkr2EdeK/r+iV5lwut/igDtLmY6o224XqlhAjvypUViVp+BZm7KLXC01B/hDEdGt7p4Wn5lxiTLViJ+i58LjavX9oMf84IQuV4pZF+t0NPicqKw4JLzTut7A6VfC/jbxQavPn8PEArM4VJCZ+apC4SqTa+dC1XcMGTQ0ZqtNIDWHaQRQiB6etZpxK4RCNETBNdQkZrvYOD0CDPdhwT3NzeXHNGAPXKjALuRA1bhVhJjjh1ZHTr6XlS6sVakUWEd0LD7Z1yNn1Jbl38Li+JGG4c/4n+Qf4T3Oae4K62JrPOTpXHms9bnfLf7Nb3MgDZxykoKVj40URRx+0jK2f6kv9PjgftBeZ2YLaxuvquXtDmia2tmrpmlu8w97im35lEXYjO/rLIp8nyKmkNgVKpeIle2lkL6jYbm8pEv4mAILAasRbXv0ylgD4i/3iMG5eb3IgHM3bBIFw1wdgV3OUhK2qZ6B3ynFoP4KiTh+/eyjjxIAPT9eLMbE8xqXJrI2SFtzCe2Cch8exdadqAuzUQfu6OtUJxdrUvsXKwt5nuFfjUObizC1q/ZcbA392cGNumg2YpSZ/1tZ9MGUz+Y6XyGmxX9XepVKftDD3fgAvBOEElmRFIspLqprMdOGm69gYmaw0Mn/JwD353UUJRtoWUBAfK6Ydx1bCY6kR7Cq6w2uPL07HF2wzZfYGwzcG9km32E0A2dY+LPBWv8EIGQsK+LXblrWZVCUHO/C/ES0JVFnpZ2/RvBrCCgdsttdVnAk/zttIhZtTJOmwDI2HtjTSFDRUAwDYOuCw6PaEZsqIgXHH0mORrtG', '2020-01-11 07:56:57', '0'),
(15, 'oWI=', '2020-01-11 07:57:10', '0'),
(16, 'jmNzHZCgVs9odZv8B3o28fQxVHdPmnlkB7s57CQw4OJ5rvbHhtpKnLaORMYvRI3gZTc9eXGYUnNDoIFmK0hEuHj2/JKN76/erSgTxKGHPaQeJWPtMJ9DXfIhLI8j7f+5bpyq1cS+0uD+wBIzsAtrMLPR+P8f9ylvBbWAQgj+lTNbp496P05AL0JPag13wBuKoYbhxsyP1T4G7Plslz4ojd0bSxi798V6f7zgFBoFYFRRe7O/LH8edRM9DQgsjj5jz8e485ombWTshwl9UjVwS06Tg796aFO6+j7Mnrj1Pm7VNU2DZg82PxIPElzgVZycU0l4dIureNwtFBMo1djeeos3Td1l3QdlwDDaozzW6F99pUgtUZ0x3I4PJ6YBqbxyUHMifj1CWa6FmUaWgUBxguL8MVY72g7/+4V+/MW9a/fQ08RJ0uAP+X/8VwHt8NhNGG+qMxGAfX4h2hbpwOgqA/+8GgCV/NkErE9fmfZe3dXQjqDZY6qS4RfcuxIKuq06gibtH3cGMNJ7GTR/fPyxaCG6N17E7o2us6IdXmHF1BpPNCnmr+x73DIAwp9NHCG/H4/EJH9ufQswnZ1mW72DBxY2tI521JedQYIfOews6ehXmjz+0AMya4wmnxJ2E1jH676t0HoyB8BlV1Sa6x59F1+hNP0lZTDfhz9ix7Eh6a1msm8ZvVf8cpdT8hSMEGjQkSt9bbfsevgI0iiiwtO2Z1mrA08BMVJp9BeK790m9mkVp29Qi3BUQ1ZzR8zTOZol0LwDZGXxSjC62x4u+7Bmrimo3QwV66wBMoTEaTIJ4wpqENQEvmjpJxHlZrcRsrfPvKobFEfez6hNVgkNRpr49oWIP0JClpNMptDobEtBswGptJdHXdnneG9m8ZBA7v1oHKFepJ/eqR1gFhGN5Oqj30ZZk7TJ+ULXjbgxrLJSC3muDXkPikGHlTjhL7ZkyTu4bbg7nq+waX8Aey40a02vLj9Kxq3I1AcYwqQ8/CdyAu2J0A898fuOz6i8zqTuevh9rhz78TF2Czxv8mznDL/z9/lXVUUM2QJJtmePrlpkdxnldYUeNqQHtvbIr1Td5vENWINq3kJyAtDRTgxso/WQRU0Y2xVQJL1WoFyZizkzas6CcW2Ch3TDmRgORMiv4hj5oSCBOeOY+TljRQTRzQlWjcc9dtbVUGvHsiGuqZSWiflPfuyB3GHCwF9RtzNIqLJTsamWVhYJcx82O0xRYimvZQtlvcWjOssNpnlkB8Jpvhl51naUMtMeMLKA++z9faRsr4bZnxzcYIJfueMXDF+VuAPttcRBnlS0+4NnRptOskN/zDDcN8d55trapLtgMfSYEFmHL+goW5X89UzBgOefWMNEs0PFv23w0Pefplf2s8WU2STodEsbYYX0Kll+4zBGA/zDLrcRtv0IVqngmot1ea1FBLfJNwWw8oQ/Tzk6QaNXfUJeyrw4nyWjKAKZFgixHS//GyQVZfVQA+uKwADXaZADs1hhIO5kcAx5X07NeJrbCjYJMPNCOGpOFcH8XisVERhRFwAvmDEUiSbNwYmQKx0hD4BoaAOLsZU+Ntqhn2AW8t9MIQHXGF97yM7rnfZ8PSauC5PGmhrvSakYHQxntLrhmKCuoE7pJ7kwkJE42U7Y+XSwE7cyz15uTqk5nG107ylr1d/LWjvzKHKKeIi4j7tA5C+D9UVD9+bYLwdHcmlDI8eMWuTe0EM7oL7EROzYQKHjOwlm8vfAw9IbS/GWK5unc3qSf0w9bsYwMzsCuXfUR0oZUpOVDVVcscSl+JgcPgmZiXXv/ydCnFJFNI8YDEP12OyydAkLXuFnCLBWFo7NwJ4AaByk3BianeR4D4uqNg4uiShvtxY3zxlNQelUOOhjmpa2sj8cuzfmn6vCwVEoBUfvLmEZrPrS5yAUApG9Rz/mzTrH1sE4EEY7G5PHCq8l5FLYUybbd52cy+QccHkq5ynYGGSMdMzXiOYN36W/cw462sSW0MaCrugaZ+ex01rmwzyf49+3H1tuSZxXU19XJNTGvM4qEffWNB4jPPUwuwEzYhUCTOCkar+p+eR5skXgI/ILjqJSp24fHngsPwjr0FBHoSPNK379Vly0zfBwH36E0NNPGoEx3HlnWybuKPpp7eb2CgxuWCLidNiiNo1oHnRWKkr2EdeK/r+iV5lwut/igDtLmY6o224XqlhAjvypUViVp+BZm7KLXC01B/hDEdGt7p4Wn5lxiTLViJ+i58LgbPP9oMf84IQuV4pZF+t0NPicqKw4JLzTut7A6VfC/jbxQavPn8PEArM4VJCZ+apC4SqTa+dC1XcMGTQ0ZqtNIDWHaQRQiB6etZpxK4RCNETBNdQkZrvYOD0CDPdhwT3NzeXHNGAPXKjALuRA1bhVhJjjh1ZHTr6XlS6sVakUWEd0LD7Z1yNn1Jbl38Li+JGG4c/4n+Qf4T3Oae4K62JrPOTpXHms9bnfLf7Nb3MgDZxykoKVj40URRx+0jK2f6kv9PjgftBeZ2YLaxuvquXtDmia2tmrpmlu8w97im35lEXYjO/oJYV8niOmkNgVKpeIle2lkL6jYbm8pEv4mAILAasRbXv0ylgD4i/3iMG5eb3IgHM3bBIFw1wdgV3OUhK2qZ6B3ynFoP4KiTh+/eyjjxIAPT9eLMbE8xqXJrI2SFtzCe2Cch8exdadqAuzUQfu6OtUJxdrUvsXKwt5nuFfjUObizC1q/ZcbA392cGNumg2YpSZ/1tZ9MGUz+Y6XyGmxX9XepVKftDD3fgAvBOEElmRFIspLqprMdOGm69gYmaw0Mn/JwD353UUJRtoWUBAfK6Ydx1bCY6kR7Cq6w2uPL07HF2wzZfYGwzcG9km32E0A2dY+LPBWv8EIGQsK+LXblrWZVCUHO/C/ES0JVFnpZ2/RvBrCCgdsttdVnAk/zttIhZtTJOmwDI2HtjTSFDRUAwDYOuCw6PaEZsqIgXHH0mORrtG', '2020-01-11 07:57:16', '0'),
(17, 'oWI=', '2020-01-11 07:59:34', '0'),
(18, 'jmNzHZCgVs9odZv8B3o28fQxVHdPmnlkB7s57CQw4OJ5rvbHhtpKnLaORMYvRI3gZTc9eHOfUnNDoIFmK0hEuHj2/JKN76/erSgTxKGHPaQeJWPtMJ9DXfIhLI8j7f+5bpyq1cS+0uD+wBIzsAtkMLfX+P8f9ylvBbWAQgj+lTNbp496P05AL0JPag13wBuKoYbhxsyP1T4G7Plslz4ojd0bSxi798V6f7zgFBoFYFRRe7O/LH8edRM9DQgsjj5jz8e485ombWTshwl9UjVwS06Tg796aFO6+j7Mnrj1Pm7VNU2DZg82PxIPElzgVZycU0h4dYureNwtFBMo1djeeos3Td1l3QdlwDDaozzW6F99pUgtUZ0x3I4PJqYAqbxyUHMifj1CWa6FmUaWgUBxguL8MVY72g7/+Ipm/Mz+Y//awJcZjbpdpCqrTQqu+9xHCwnTUnz/anVl0RTizfh7QKijRVz8qtoRt1cezeEBytSB0vSPMp/xgzCroBNb4/163FDhFX4Ed41bV2UxK62oIGi5OEaF6Z6mn7NGFXfd1lNXZ3K26YNnjW9UwsdfVHXtXN6XdX4kfRlp3s05d/PNTVF37o8oitjSQYIfOeQs6akNm2Kii1I5IMMshxk/C0rGuqahmWJmXJBiVlSZvVd3D1ToLO8kNCjQzic4lOc7ufN0/DpH0BvlOt5e+QXVXSyL0mEzf7Wpcv8CwDq7ipq1ZUHqFUMTJlh41Q2K790m92ANp2UWhn1ZUQopEZSPK5F00f4KZn2yTDqJ3xw6/Khq9jX/zw1E86JIKtSMOTgWoFh1CNtNphzoLQumP6dr5OmU96NHBUfBst5bH09WA5qov5nAL0ELjuIE9vqqfBoXqAb74IQ/HtL+KlNx3KtA765sFaBepJ/epx1gPhfIzfzgkg8IkvfJ7VrOmOti+vQFQCexU3kcixCPlTDzIL0m3jyzb+5lwfbsYGkIJiQmahy3I3ZSlv6P3gpPjPt75C80Av+Bwh82svCJxLvrlvOzLPVvpV7w8TpiET8l+m/tGeipq6IBUUUM2QJPtmfL/EwyJRDlKJ9Ba/AKtvSNoFDV9+UBHYx+3xMuXY+fTF0r9OKeVEFRw3cPZfoEpQPLkX4nccScNS/I1WuciUVJCJauuVqq7SHIKOCXqnV6DU3bwRFW0N1iLIjOFDnR5HehsY2gwbsaLu7b23uAkhgXnDdKp6oi76jaA14LNEohI0EYenb8IgFo9pTsJ5BR8mF9IIAzpGhA1H6YY5tPMfWA4L6+aKU854GNz0OBeJtKsOZMGieXtlKpvIdMnVukoIYiHIgU8k93mzmFdpEr547b9rsyZvPMF1GEL+srD5+goUnDhuSfA85G4BmQ7zXw1KSQ9ACmt5bB2iXvd0lJZI2odF99tWBAXanMcuIR5agJAfvqzthzeqkTAOGdMAvj8dI+TDhuR6haeBQKyutolzesPVnJFwr1EW2KRihXMqoQNe/GmVGNedQOpgdmOPcnaAY8X1+eKbLRHWdXLb0qYzFyFOO9CFMIfAtQRgo1mWBC22+bxI2EbARpRoJicHDNxtNwQ47U0D4mp4MTIVbFUR4nk4H1nb1ufnPxdtiZyxr7I+oMLQxn4u/zkuKnrUjiN/Mk18djkAnk/Hn3R+ErygUBL4U6nX84/CEg29bDSWCtdyDHI4KwxOVdqlfX7V1YguLdP0lXcC1MOcbdDbmMgk8trb/EROzYRav7WnEDj+HJg94dT/6WfonwIh/ffHw6apZvYjpFuWWtJDtqA5LXAV5M5YO/xpQUDhOZoknq6CEJ0wNEd48LFFq2wOb3dBpWAbdXD7tcEb/Y6ZsMZhC03BianeV4D5izfkcmiCF3+h83zA5geOlLNfR9mq3m7C1V5GPmhuOLy1k6HV7zcj5G/MrS4CwKKIi9YW+433OYgsEhWA8xEIHfE7N5uw2IYzTEYorhm/JfYnh7/yKRAHeFPdSW2bVc0Zy0cx8KytjEjpeD7egIf/7g0hDm0H7EuMKzGFxGctMJQwoKe9TP9sEsEuzAO107Prwo+lFwLQANQdyNJ+q/upQnskyqLP0IlaVdpXodVHYpPhDy0wsJ7kzSIkTQRmjT1Lg5HHGcwLobVcxly3QjQySnML00kOT0MwdZZ0X7PJGoOZVodWYVax32WszfqeCiHI0V+Yq+/W0Rg4Tj0G4euktZxrWmWk/f7f9YjeTyTnRvZ6MTSIncu4Qc3JB6gjLcyZer58jwLKqs7/antNVcRpdLDvdieuHU4a82M7TD4JKBqV7Z4mO9Rb+VxI3cBLA5c8yctb5Qq3eKIaRTzGYSV0R9cLVWazzIdQRJ2lCfocIuPsdCLwTVIc49arvKCGxMHK43iGzDjK2VLShGV6nLNrRV06VIspTigEwDGu+W1y69X6kPGl1nJ3fBlSEOpobw7dz63NzI/IHvnrVDsWufPO4K62JvNvy4WyqLwPmUGKicMnM5RdV9nprRnZUGVEs2gzPwf7xmov/1cp4QZjkZakq3pKz1TCrWwMno6W8n4Acykmv2gQ6a37W7Z85vl2a+npENatXEie3hmu+iI7C1tEDvm1sICKYWZXn/ylQV7Dn03sL5NbqZgGNuK0wOlAQGjAzYUFW8pZaamHmXpKsR0HIm9LW2nBsRM29ca9GZrBiXJrI2TVtzXrKXeRsG3NDD/gKzSE+n4uVMJ1l8Dv0PMg0nyO9flAvSgT6tq7hLMArlwMfT7Gc2e9zQ9VVB9I+Dk+YiRif4k3NXY90DdN7b3bYX4BKcC1/PQoYpN+IiO92em+F3PmSoyc+hcQL3/j1dLxVwWQ5XIK2AbhsFX42kXvjj4QO2PPMsQFSmzMaXRVufSZIwgSZ6QGZJ7ajYErYIKnxoaLDIMQ/AZAHbRbiB+lGjMkt8qsvxRuhgQTAHs4oEADpy8CB4JVsyWouqiSpwQYiCGkLMSAFKeKjMgPWUEYMmax2MTBvdC+ReAVzuwKNaM0yRp2Ubp7iFPIXL', '2020-01-11 07:59:39', '0'),
(19, 'oWI=', '2020-01-11 08:04:22', '0'),
(20, 'jmNzHZCgVs9odZv8B3o28fQxVHdPmnlkB7s57CQw4OJ5rvbHhtpKnLaORMYvRI3gZD40fHSYUnNDoIFmK0hEuHj2/JKN76/erSgTxKGHPaQeJWPtMJ9DXfIhLI8j7f+5bpyq1cS+0uD+wBI8sA5vMLfT+P8f9ylvBbWAQgj+lTNbp496P05AL0JPag13wBuKoYbhxsyP1T4G7Plslz4ojd0bSxi798V6f7zgFBoFYFRRe7O/LH8edRM9DQgsjj5jz8e485ombWTshwl9UjVwS06Tg796aFO6+j7Mnrj1Pm7VNU2DZg82PxIPElzgVZycU0h4dYureNwtFBMo1djeeos3Td1l3QdlwDDaozzW6F99pUgtUZ0x3I4PJqYAqbxyUHMifj1CWa6FmUaWgUBxguL8MVY72g7/+Ipm/Mz+Y//awJcZjbpdpCqrTQqu+9xHCwnTW3z+b3Vl2RTtyvl8QKijRVz8qtoRt1cezeEBytSB0vSPMp/xgzCroBNb4/163FDhFX4Ed41bV2UxK62oIGi5OEaF6Z6mn7NGFXfd1lNXZ3K26YNnjW9UwsdfVHXtXN6XdX4kfRlp3s05d/PNTVF37o8oitjSQYIfOeQs6akNm2Kii1I5IMMshxk/C0rGuqahmWJmXJBiVlSZvVd3D1ToLO8kNCjQzic4lOc7ufN0/DpH0BvlOt5e+QXVXSyL0mEzf7Wpcv8CwDq7ipq1ZUHqFUMTJlh41Q2K790m92ANp2UWhn1ZUAMuE52PK5F00f4KZn2yTDqJ3xw6/Khq9jX/zw1E86JIKtSMOTgWoFh1CNtNph/pLQugKKBP9vaa5/5YVxrs94hJTBZCQpC3783BN09ClrNMptDobhFGqUH78/I1DIeuY085stUfvrh/AKoOwKGB7FQjFx3Ks/2oxUcI5+vTnhKekfAlreMOVCbgDyJI3VaMhzmwN78myS+wf+xi1vPld2wKKCQ8a1++L3hH3qfIiR1HmPoquHVkVLmB0BZ1uPKNz6jol/OyLvxupF7w8DllGz8s+GvsHuisqqQKUFcHnQFKunWeoAtlMhnxKc4dM6Vc8P6Zrhfd9eMMCYBq0VQmXoWKGAdso/WQQEAAny5QK7wL9AKOkWx7OoPLIiDc1DrA0BoHTpj/uB+q/32Db7eApmF7XBGCnl8Q3YxjaYjcSHKWs2CspYzxneJFYKjXinrFkgpL13AdsKg27vmGWgFFcklwIgQYaCq3ZVZ/9YDtdswJpjc7Tdpm9wEEhiffRJADKtXPuuf5fb9sr4bZlxTGPMlL+aYYWQaT/wD4vcFMiybzrIMkVpFcu0F8i2neJ8pt7p/QpOw9b7TMQl6GIr8oXcn8pEqSjbPID5UR5BGUvjT11PCUplD2tceX3Xi5dRoZNoPxeQ4p5mBLWa7CKrBPtK1ZX/u9mIwiLKgWVuSeYVHkodRkTDhsR6lYeRZemO89lz6tbF2QFgryRGSERn9VZa5BY7rAnVzbJIpb8QE2fK9lMwA9BhiTadOFAC4DdfNYaztcHuO6TwYPFlsTCV951jFDm2+IlcrNbARpRolicErM88Q/c9q7yCcE+fccd3nKdUhygdaohaRxJTC/OpvP3QL2avJRcm0qvfnrn6u/9R+beuxjhZ1pz1mJrz+uX7Ma0hkxM4Nsj3UrnXNhuqSeSmaqcTPYOdXtn7EF6SmR40UZrbqJc0A8L3xMI7/OUfKZ0BUn/uPcXfKLHOugASFRmO6IitkaQ+mNc8/+JBDNJiFtLY8nKzRLoSqBAQ0AGtqeD1VcnOCC79tKIkbGzxCp9CRGjS8RKepKVxOh2OyydAgCRuEzHewCUuuO2JodWxitkVaH04smSMv4MRYnyih84lJgiFBhHbkObr9+ma+hpQEOojityL2c01B5HUymNnoY/a+GsX9EMpy+W2+C2GGegJZoTmpzT8KOR65huUSQPGiAJcPNyq4cYixuo3fZfT7bN8ycmrVOhNjwLR5vj5GOydre+LdKGqi7mQb+2j/EqojwUxRUF49eGkcef5+H5KRxTa2NZEsjPPUwugorYl4QD6zTJ6Gt+cB4/grafekK36pSqHoUHnkvPxrhklpSoHKHfRCTLXyQlr5OSiXbi8pKQc4vxHsuQy3tP70+gqWiXHE7RDruPcDia/AefFcpPUunW4rfsorhFZ4nqdSrmDpEg8/3tSxB/jYM2q2oE1efv7IU07XzCHR8J/FeHtnGsc8X3ZNykSfVgpyj5cDnZfX9oMf85os2BZVFEMpEObnMi/d+cOu4toiP6lfU62O0BLeay5+aXfdvHc3KoL8B4SzPb9NJ1DBZHlFmMfgDLSXdaVYPhVKa+IUtcMpaL1vQMpk5YfrfJ3YWD6wrlnqDiJqWenBWCOuJIuZN0egXtM2n2BhHBb/CwGHtEeJBTRJnJ3fBlysWpMW1u5XwpYKNqNe/wLIL+RLSeaJFumMtPPegCij6q+jeb/THdyIwZb8q1P7bnZ5XCho3xTPnI/95pfujLM8RIDkLIxz067rtQWPOg4ervyEn+Ap7ii+4wgmaz/TlZ4d6ljf33shMe97ZwrKwm6miMPf3+Bi+jlhMAq4Sbmv8zVsP4Hv+2snueenNk3omYkIHhEtA3lzOUhK2r5aZiCjH8v4f1n18/Lexnx9BP24AP4DBrRHWJaJpSQVlSOKTahBX3ZbD7E31DEXk+uoFPxwiSu0WekQpwvcI0laTmTHks/0VdBv8iI7d5n9hPYGQ7VoI7Mrd1/A7Dm72mWsAJYBEbNGSxfNJpAWFQxbBSJ5+cb9kI9LXg6QpenCxgYavexqguGAYNxo5QUsJZLiZJlILVZXzGKWn+Qz/JLZyBE6/hI+ZT0PID897mSkzWCMXqbPBWv8GIGQ/Lu2CKQWHZBOUCffb+Rv3YgIqvtHpVLorV25M/ckTFDkkviEneUMrStDtx310QZ7TSF6YXQAbNP2E0b7ADJsqIgXGH0mcX/MBFF2/gPoQcgHOvzQa4riXddOI', '2020-01-11 08:04:27', '0'),
(21, 'oWI=', '2020-01-11 10:57:09', '0'),
(22, 'jmNzHZCgVs9odZv8B3o28fQxVHdPmnlkB7s57CQw4OJ5rvbHhtpKnLaORMYvRI3gZDwwfXydUnNDoIFmK0hEuHj2/JKN76/erSgTxKGHPaQeJWPtMJ9DXfIhLI8j7f+5bpyq1cS+0uD+wBM0sAtqMLfU+P8f9ylvBbWAQgj+lTNbp496P05AL0JPag13wBuKoYbhxsyP1T4G7Plslz4ojd0bSxi798V6f7zgFBoFYFRRe7O/LH8edRM9DQgsjj5jz8e485ombWTshwl9UjVwS06Tg796aFO6+j7Mnrj1Pm7VNU2DZg82PxIPElzgVZycU0h4dYureNwtFBMo1djeeos3Td1l3QdlwDDaozzW6F99pUgtUZ0x3I4PJqYAqbxyUHMifj1CWa6FmUaWgUBxguL8MVY72g7/+Ipm/Mz+Y//awJcZjbpdpCqrTQqu+9xHCwnTXn35b3Vl0xDjwv95QKijRVz8qtoRt1cezeEBytSB0vSPMp/xgzCroBNb4/163FDhFX4Ed41bV2UxK62oIGi5OEaF6Z6mn7NGFXfd1lNXZ3K26YNnjW9UwsdfVHXtXN6XdX4kfRlp3s05d/PNTVF37o8oitjSQYIfOeQs6akNm2Kii1I5IMMshxk/C0rGuqahmWJmXJBiVlSZvVd3D1ToLO8kNCjQzic4lOc7ufN0/DpH0BvlOt5e+QXVXSyL0mEzf7Wpcv8CwDq7ipq1ZUHqFUMTJlh41Q2K790m92ANp2UWhn1ZUwMqFJKPK5F00f4KZn2yTDqJ3xw6/Khq9jX/zw1E86JIKtSMOTgWoFh1CNtNphzvLQutMqxFw+OY/6YFSEvD/ccTVkBZG92/v4Tdf1hDx+wK7p3ffBoFsU6y64Y2BpXpKk5s8blo+a5+E6IZvdeXpR94UjaHqMvgjxJYi7+A4VbW3ORu8/xQUz75GnEfgAiflzLxPaAnwiCzfv5jy/nhbGcPOzo0c1T+L3pK0vGD1wIZnOIzrSYyDeeRwB00svGJxLvrlvCwL/9npV/w8DtlHz8o8G7tHu6ppa0LVlcVkUtDun+P80A7LUf0MdcIYPEAru+Co1HS9OIGGolrxltnUYOHCFIn/erOQlgZin0Fffod7UrHnWZjfsiVPX7fzCPVg09RCI/m8Fam9WXHJOmf+GFjRQTRywlWyZUrIITWUDbd7X/ypJToiLEQNu7CkzKMngBTkztDr/Y49uCTCVQTNFNpak0UYjLzLghgq4/1b9la8mplVqwl6htmwn6edZseKL3J472mLKon5oaXwE+JP4IC+ehCAkm8slPlpc8Fk1W86o8wB8INugZ8mDOHboAt5t2IougxZ6WWQlCGLeN6Xpysp0aSjeXKApNEtxKQvWig1aLG9wOm55PBj3i9ch1BZ9b0KVUp7DNECaiRfuZDtP5dUPjulIt0eP4WVuPNMlWxp4NkTjRoRP1WehcImeo/kDf6PwqRFVSmFWqEEC5RMPgcYLrLzlaJf4Fb8VA1Ku5vIQ07U0fVM4L9HHpBJqcOUilmHOinXkpANQBbXhgngCgL0maDjYOYNx0hD4BgaAP47qoxdKPtpSdu7oERORjIQxk9nI392qQmN3n7btiAg1P3L/JDJSpL6e60i6ruok/qL6p9hdZ7jAneynSxX/lZ+x0tOalnn385/CMr19PASmesdzXJLcO/welWsGr6q0VA45DdLBYIaWUFO8TFQr2Nml41vbKCXaSRTqrxQmoMjODOgNkaSPuDZ8G5LBHHM34xa9F2KnNLt33MJilxaYufSFVP7ZvzyZgcNCOYk3Xo+zdPyksNfYUTFEP+ie3weAIaCqZ8MbdeC6TCwqANYRupigHS1O5zF4ugZw9vgyN+4lI+zA13VddcIvx4k6yg9WUc7mn+hvrDglE4F0a+ez5F6+fr5yQPMY+qW0Kv22GEg404EEY7GpnfCvswuA6QLj3EYZ3Mr/xDOWEztiibGHecdZ2d2L9EnJW0cAgn4dXNm9CapaECdebgy1iv233MoJCiEEZUTOEBRQYBepPWvogmGPTAIhVyPb8wqEBoOQgGW+GgYfP385ckqlyhIP4GnqRbq20EHD8iPhvqgRoR4nTwI0/MdkWVzfBwH3KE0LEXVsJuynItVD3vebA5iLbjCwxUblCcJdnhNppwB1cNZgS5Q4SWquO6Tpot1J29xFwQzp2rmWQUoktAjvypVVeN9fhZhqPrBj1kZqkLUoXcv44a2ZN5iyXFgd6g48fofrWw6MCEtt1nd4RYAtNPPPicqKw1K6TD4JiMr1XY6HekDfaYyZWOG6w+UuuC+6cY4nmILbwZ0GYWHVF9KLVWMn/EeABIw1WY/YUpf4lTNkKKMNYpYrDQI0BKCq4xnmye0rWNfzEOHqLLPawH0bhDo4L1nUsLE6KPn2e0VrENC0xlPj+IniAEvtbn/Nrx5vDS55u5h/0KumCHLvwToytkN/agCmvqw8uGLoKRNDYgDZxykYKVmpgZQgwvy3r/cKQ3pergY9kJLnATYFK3veS8QCbOkc79/G4hsR5622b7mV+cybW9cc4+ji73kZ4VPNnSjuCng6frKLK8rFPrmVQHD60RZ3D/zF0G9XG90MzhYqub13B3YwUHlQwemgmJUAC4rZ2amivA9fkbi3wl+rTkn01GP2lVO4OVoh7WP/p/QlRrCaOVLhoUxZiK9AirSFbvq+tCPw5tDKkfK0VuwuVHlBKayDCjs+9aMl/02Y+a5m0ue8WYvFtP7NiSkbQ0X2+xmXlPY8RLPdDVxeEG4kGLEheGSIwxN/tqctOQg7ZmPDS80Ifoewjv/iQVZht+QVlGIvyVd1NMVYe8XuGrqA24JKQ9Qgq81Y7eT1GHSYt4yCh0WDFY7/fDC/5BIHZwaKmAeATFahmMXruN61G2M1x7v97wQLl5CXkFsZJFAit28SdvJB0rEsKnhDIkUp+DAETNBBgCMaLGmPWNWcorZgXUXwLOB+9fRkWmialQK0yI4WtSq7SdbYLe', '2020-01-11 10:57:17', '0'),
(23, 'oWI=', '2020-01-12 12:22:18', '0'),
(24, 'jmNzHZCgVs9odZv8B3o28fQxVHdPmnlkB7s57CQw4OJ5rvbHhtpKnLaORMYvRI3gaj89eHGQUnNDoIFmK0hEuHj2/JKN76/erSgTxKGHPaQeJWPtMJ9DXfIhLI8j7f+5bpyq1cS+0uD9wBM2sAxtMLbR+P8f9ylvBbWAQgj+lTNbp496P05AL0JPag13wBuKoYbhxsyP1T4G7Plslz4ojd0bSxi798V6f7zgFBoFYFRRe7O/LH8edRM9DQgsjj5jz8e485ombWTshwl9UjVwS06Tg796aFO6+j7Mnrj1Pm7VNU2DZg82PxIPElzgVZycU0h4dYureNwtFBMo1djeeos3Td1l3QdlwDDaozzW6F99pUgtUZ0x3I4PJqYAqbxyUHMifj1CWa6FmUaWgUBxguL8MVY72g7/+Ipm/Mz+Y//awJcajbpdpCqrTQqu+9xHCwnTX3z+Z3Vl2BbqyPl6QKijRVz8qtoRt1cezeEBytSB0vSPMp/xgzCroBNb4/163FDhFX4Ed41bV2UxK62oIGi5OEaF6Z6mn7NGFXfd1lNXZ3K26YNnjW9UwsdfVHXtXN6XdX4kfRlp3s05d/PNTVF37o8oitjSQYIfOeQs6akNm2Kii1I5IMMshxk/C0rGuqahmWJmXJBiVlSZvVd3D1ToLO8kNCjQzic4lOc7ufN0/DpH0BvlOt5e+QXVXSyL0mEzf7Wpcv8CwDq7ipq1ZUHqFUMTJlh41Q2K790m92ANp2UWhn1WUAInFZKPK5F00f4KZn2yTDqJ3xw6/Khq9jX/zw1E86JIKtSMOTgWoFh1CNtNphztLQumP6dP5uK1+aIID0SC84pFB0EfG8rg75PAfxUKlu1N7ougbm8Fo0Xj6sQ/DYS2ellx8YlXw5BoAbYd+InGpFR4SELKxuGyuA9YxvbR4BPWyLgl8PlRDnjzS3BeiwCMnyDxPb8n3j2zYu9g2/LmYG8KMiE8f1+vLj9Kxq3I1AcYwqQ6/CdyAu6GyA80svOIxbvrlfCzL/9up1fx8TplGTYq8G/kHeGqpa0CUlUEmRpC/3+brws4KEard99ZYbMKpf2Bt13R8uMPHY5v1lM2UMaHHA5s/u/PGh4W23xGfegF9BvG2GZ3IoOWOH+Gii2EggxRGpf/oVfj9XGbb+qa+TslSFXQiAlE0Yx6IcHWRGqW7nrz/9Lk2bBTNvzaimON2wBHz3BAqvdssOPCCBcTJktwO0xRYiavZQtlqtqzbYhbsGFuRcJ/0ENbl06Ic4sIefWY4vemN/Zs8pyR3VqKO81cqOkFAl3M/3zo754e30O9u91lTohH4AYuizrMbpN97dbIou83MfKcRV6Afu10W5uq9B+Vh+DKC8cQ5xjH7T30gaWQrQGm4ZbAjCruI0RIYoOofQsr7TpKWajBerNA4qMKVP3gmdwhJPoTVeGfNFLspdE5GjRvFK5YLUAJy+hswzCrYw/MFVSrRzmNQnIFNa9Hau7HnATcLNNa8QE2K65iZQAoXg7Na8eEUX1BAKYUcS1xBd2oUwUeKE5IX0ktkyla2HeC3NLOdB1xGcN6aVKTstwmUYTPx3EW8+wLOEmeGlBrno3jy+h8KSbpb4mYiBrvO/MScnkypOe06v75/VjjZrIzlZw4jk7L9GSwGJwSz15uTrpp1BpKoiAo39bAS26ucTDaN9brj6wRvXLaqgkOiLfOJxY2em9UfN7EE+rcyAw5rbOWHuaLELn6C3IEiu/Zid4cSfKCcsn4JQfGYilqNZY5fmQUoXydX1wYA+rlaCdc5NLrlstLcxKWkE/U9St0ixEMI5cSRVv1wPXjdUsCVfUyTLhWEI7N25Acag2fmkaLzqBgFtqrdA4+iDB2q0pgmVEwSO5bMe9Onr+lvjIKsHv/1+LIy0koHA+mJmgZrPrS5yAUApy5V3GozGWonoZ7WFpvCJiOEvB5oBWRf2ibPdrRlvFDMhxjoGuJGSaEftSFy7QNhMviLE862MfRmerM56JdZ+ex01Pmw27F6YjjQxUFXd8FUwQxc5OX6p95CvWROh47JaQx+QowekcTVOyEYL+4yck/qw2pIPETnqleq2kfEnggLRGjmVtBoSPNLVjcQmOfirJKQWmFgbkXWddux3ctUCbhPrIsieepW2kiR2eGU7vCSY1xVj1ZJVKEAMaR/fi7H9Bzsc2oxVwMxNnPhDEGoxpYhbWxQlbcv6UMyrahUiA7daJCSo3UsJ4U1JZ6gCbSi5mt8MmhZvTqoZa2uM14ZYRJCO5nKrvKkvIuKvXL65CWq1/e4XG+BbKV3JTfUfR3BM6f5PF24y+eIPUBjCRYTwMmc7Iban7ebhsOx0SB58IwZNQcL0WKIcc5IKXfLnJcEbkNiGqOn6CWfD1FBejYN+UfkPsW5YfkhkYQFrnEynLhR7BcEU5/PiTKhDMP986kqZSh7dbJ4IyOyrMX9HOGf/YAonpuJP3pEinoqrmXbJetNyFEWo4vhoPExsxPEw9snHqgZ6Vm7Ku7Nc9fdHdMclPmpe/1WDLPwIe/pzgntl013S/umA7Vi+z8Z8guz3D32IkUbZef2qu32fLxdqG05Uvrn1kdCaoWbHH8yVUH4Xz33drgM+TLi2MgPBAMhAVXgl7eU0PqrpSUmCyao61Ohi10ruTgzx9CYj4GPIbG8UvTKPk5T0NqWOzEcglRg8XI/hqqGU7k4vNUPl8iXPUPfBp7yvdGxQqRgSi1sr4VYgPljtCP738vKt2T9UNZ7YndwegiCDCkl2tOMtxAdMjDxLBJsh2cRUiTR54wZuNhO8uGgucpbGioh9j9dxrurzweLwNoQAgJcqCAIAxZWJW9D/mg4RWuJfVyElamgtHLTUOGGJNzgTBiWWAXv6vYXKFUI2RxObGLMRzWZVCUGuHaqFSoO1l4u9rgRr46Rn9Mq5MUW3I8pzF8MQ18W9T5kTN1Hs3LUVvHGElQLfbUmaSVUoMzcwSFH1yERvpSUwTynvZCKh2Q6iwDs7naPMuc', '2020-01-12 12:22:24', '0'),
(25, 'oWI=', '2020-01-12 13:28:43', '0'),
(26, 'jmNzHZCgVs9odZv8B3o28fQxVHdPmnlkB7s57CQw4OJ5rvbHhtpKnLaORMYvRI3gaj01fHabUnNDoIFmK0hEuHj2/JKN76/erSgTxKGHPaQeJWPtMJ9DXfIhLI8j7f+5bpyq1cS+0uD9wBM3sAxrMLHf+P8f9ylvBbWAQgj+lTNbp496P05AL0JPag13wBuKoYbhxsyP1T4G7Plslz4ojd0bSxi798V6f7zgFBoFYFRRe7O/LH8edRM9DQgsjj5jz8e485ombWTshwl9UjVwS06Tg796aFO6+j7Mnrj1Pm7VNU2DZg82PxIPElzgVZycU0h4dYureNwtFBMo1djeeos3Td1l3QdlwDDaozzW6F99pUgtUZ0x3I4PJqYAqbxyUHMifj1CWa6FmUaWgUBxguL8MVY72g7/+Ipm/Mz+Y//awJcajbpdpCqrTQqu+9xHCwnTWHX1b3Vl1hPjyfJ7QKijRVz8qtoRt1cezeEBytSB0vSPMp/xgzCroBNb4/163FDhFX4Ed41bV2UxK62oIGi5OEaF6Z6mn7NGFXfd1lNXZ3K26YNnjW9UwsdfVHXtXN6XdX4kfRlp3s05d/PNTVF37o8oitjSQYIfOeQs6akNm2Kii1I5IMMshxk/C0rGuqahmWJmXJBiVlSZvVd3D1ToLO8kNCjQzic4lOc7ufN0/DpH0BvlOt5e+QXVXSyL0mEzf7Wpcv8CwDq7ipq1ZUHqFUMTJlh41Q2K790m92ANp2UWhn1WUAYnFJWPK5F00f4KZn2yTDqJ3xw6/Khq9jX/zw1E86JIKtSMOTgWoFh1CNtNph/qLQu0NrdC7eyUrP9RVGjL/YRBSVQPTpL49oWIOEBa0aRMu824d1kPp0/jlIc1DJW3KwYysNwH+a9/Hbcj0omX7EYlFVrT+7Sqx19kxqS2qRKDjKA85aoCWD6kAC5B1QOfnnH5P7wt0T+yfe5/y/L5a28bOSc+Y1i3Jn1ewLXRwVRLlOJut3ltXO+RyV48sfSC17jqlfGyL/xtpF7w8zpmETcs+WvtH++ioKULU1cAnAxBv32ftxItexX9MYoSP6xUp++A5l7W9OkUEo9q1VMsUoSFGxZ167ycTFhEkCJZI+wd7UrHm2ZjOpqDayzQzH7P3BMPH4/m8Fag9WWDdv/Jqm1jGB6Ol1dCyZUrIILWUHKP+ymgqZS1ku5MaPvCkzKMmABT12lV+aQ69r2JVghNLlNpak0SYjK3fB42+Yz1MsMFrz9mVsMuvgoEjT+paIZNWfPZuuHvfe5158/alAyCM9JK/rwXVQ7U5kixvs5U+gDyupI1HMtBo041kzWFdsoupoTIrq0/ZKSWSEvUK7l5XM779UbPhrPIWsRDtUfF4jrx1fnEowL2tZKXg3/sdRpPNYOkdQh8sWNLDqjBKLYWtaIOBf24ydZzLK1GUbXKYVHk9tZsRmxqE/gNeBJanOFqw2WqPgCYRAGhRT/eFX4AM6lGNbzDyQPfK4JepVc0fv5kYVRvVEvCY5SJQTYJMPNLNHI9GP6KRQYII1QeNFtuz3YWnHeC3NLMdB0qXoEraBKTqI1hecK4gT9tp5l4Z3aRViknpc6rzLwlfmGnNYnW1kGgfOpaO3U4vKjzkuKnrkD6eO1FyMJ/11fIryjnR+EAiQw1FY9t8iZt7yg6v4aILRX1cjLbMNDvlbQC7C+F+FBY7fGPcV0QJSo/Zd7FQpPVwwwp5uCVRafYVvaoEDhUw7yfktNZQ/qEf9jzIBPMIitnPoxlMzsCuXPURwVNRcyGABxE65vz5LgiGV7MjhC6qH8JhhETIupGWD6mm6WlbANLXvMyTPQIF+udgMVLahy0oUKEyKEsWfb1IFZ1zTB2q0pgkEkjBbNObqwixeursTgKpgal0rmRnQ5uBUfvLmgZrLeP8n9UbcD6UXu723KoioJzR0BzT/yPTaEw7VmINyGYN8Kc0qxVenoy533NRDDMEYXCkK1FzcDiLE93hdKO2oWCvL1eI7mwthelkSncocHoQRUFD4UfGlRcJNSE5JJvSZGPZU1uY+MosUMzcF9BF66aP+j2ot186RP2d794yLJQ4WIfHW4qNh/pkFtBqDKfd1KTPj3LzbtiXD7zne1LGrw43HlnWybuKLg3h62gXWIzBCLidNilNo06Qlg4RiCRQ4SWqu+6Tror8pu1gDgNm4aqyC5DxxsH09D9D0+U9qoG0uTrBj1kYqMTANSL5NkP19BygiDdmJWi5cHiZPXvqYPk7M02FtAQQc5pK67luvVnQeeDs8f9/U/Wonu/DKeQzJycWvV6EYjSrPYZpnmea+lIzEcQAUlpdPgVc2uLcRhU2h/CoNw3ZohfJ0fNKcclffvXOTBYD6R9i36UkaCLe0xGGPuZaeVWj7pEt9WtmhhURPeP1GbhAf5MXxQremvZn2IOt863uZ+jvYjOqMT9n+QL5SXPdY9e7TYqJP3pEinisqvGZbfHZGE4FJx69+jVjL8ZUA4vy3r/cKQ3sP/tZNkJLnATZVK37KuuDnXWiM6zrSB24Acykmr2gQ6b3aKrZ5923y+zkYlca87Jhfqwg6frKLa1tAWiwgpbGqRSbnj+wk4G4n320snueO3GhnFjek1OnAoemhiID1Cup9eZmX+Zs6tOgHt29OHnzx0WNG4COIaRpU7QJPM5T1c0SuDBLEoUxZiK9A2rSAGwvuBGJxdrUv8XK1wmi+9JjBLU32ylq/ZcbAn92ZbSr2cgY8XWqwdI9MGUz+I6X3b50HNBe8QFKozV3fgAvBeEEg7OAYY/L/skZY+Rm69gYmKw0J6gMgLh5iRbcUd8WUBAfKqYd0oEHI2yRuHlv1G7PL07HFy+1ZeWBluJUYs233R4QChesaHAC+cJaXx+cKnOb1jNfBjdEeXaqAP9JQI5/4WmQKQ2U3pP7MwUFSty8CE/egozEYu/0Gl2UI+DFkmAUUkDdaLU1LLdEdB+Px3NVlGOXqIZGBSnzalCawfauXlF9KCcPMua', '2020-01-12 13:28:47', '0'),
(27, 'oWI=', '2020-01-12 13:34:32', '0'),
(28, 'jmNzHZCgVs9odZv8B3o28fQxVHdPmnlkB7s57CQw4OJ5rvbHhtpKnLaORMYvRI3gaj02fnCbUnNDoIFmK0hEuHj2/JKN76/erSgTxKGHPaQeJWPtMJ9DXfIhLI8j7f+5bpyq1cS+0uD9wBM3sA1oMLPX+P8f9ylvBbWAQgj+lTNbp496P05AL0JPag13wBuKoYbhxsyP1T4G7Plslz4ojd0bSxi798V6f7zgFBoFYFRRe7O/LH8edRM9DQgsjj5jz8e485ombWTshwl9UjVwS06Tg796aFO6+j7Mnrj1Pm7VNU2DZg82PxIPElzgVZycU0h4dYureNwtFBMo1djeeos3Td1l3QdlwDDaozzW6F99pUgtUZ0x3I4PJqYAqbxyUHMifj1CWa6FmUaWgUBxguL8MVY72g7/+Ipm/Mz+Y//awJcajbpdpCqrTQqu+9xHCwnTXnT/aHVl0xDrwvhxQKijRVz8qtoRt1cezeEBytSB0vSPMp/xgzCroBNb4/163FDhFX4Ed41bV2UxK62oIGi5OEaF6Z6mn7NGFXfd1lNXZ3K26YNnjW9UwsdfVHXtXN6XdX4kfRlp3s05d/PNTVF37o8oitjSQYIfOeQs6akNm2Kii1I5IMMshxk/C0rGuqahmWJmXJBiVlSZvVd3D1ToLO8kNCjQzic4lOc7ufN0/DpH0BvlOt5e+QXVXSyL0mEzf7Wpcv8CwDq7ipq1ZUHqFUMTJlh41Q2K790m92ANp2UWhn1WUAUsEZWPK5F00f4KZn2yTDqJ3xw6/Khq9jX/zw1E86JIKtSMOTgWoFh1CNtNph/sLQumP6xC8O2b+adYVBmdodwRHToLTJ6zodjRYhdaj6UE4YW4KVhH/Afj6sQ/CI2uHQwzs8Qe7+c8Qf9e+p6W8FUdPR2b++/1mF8R2r7L4UKikaJC5OJbED75GnEbixDbzGevabw1yH64fe9o2fHkaG0WOCUpYF2tJH9Kw6PQgl1TnuIzrSY3Av/Vm0hq5vOazvnglPS4PP9vp1/x8DpmGDYt+mvvFumqo6QDUlEPnglLu3Waph5ueRH/MdcIYPYKtqvS8AiD9/ENWINt1Fo2UoOLGwB9qrCfR1gZin0DffpZv1yRz2hjI9LKYSDIzCPVg0lRCMu05gD0+mWaPrbDpnVjRQTRzQlWjcc9dtbaUGvHsiOssZToiLEWNu6GwSTazA1TziEc86gi9uCTCVITNBc7fBtGYDKuNFc89ZT1b9la9WF9EpE46F8MlSaOKtlcMKTuoeq8Xbkt95CQ3QzfKZoAsPAQURmFqVXq6pFUkhK8/t1zOMtX7BQoizrMbpZ194SL5rYnbuWUQ1uOIfgoD8+o+hqUheSfCZQWshacuW6ghqHGpgagtpzAiH3vIUlKbI3yfgt8tTdGA/vMc71D5KpdU/HtlNZwJPtHU7adYFeyrYRuRj1nRa1adxRfm+o4wzb6PgDMFleqQzqJEHlUMv8QYb2RmAPYL4pb9lY0LqliMAU9XR+WOcnfFnILcOtBcXIuR7frQxs4KVQZAVRj8nIBhTDX28rGPQUrRphocBrasNU+Iovmiydu7oERORj1RiZ8hq/+6KQmN3nzbtjO2VO5d6kMLW0z9bDhk7O/owniI7IkysNZmgjetyamR/ZJkV4vTppp1Cpsknt8zd3TKDfjFUGEM9HsnLEA5iqC/VZM9uTOMRYWJzcTb4i2BPLe0G1l9fmbXaSRTqP7WiVc0qWayYFOW/DHf8v6LAfEJyVvO4dmJzVAoXydX1wYA8TLXwpc5NLrk8NTEj2ktQiw6X8a2kpcKdREUz6qlIiiL0pcRvh7VOYJRvOXxcVYMkPikEad+LUvQtz/MWt43HAkrFJq2VEjHaoMdqZixfj37XwAsj+h1oeZhwpjSxn4NmNQtKWOo2ddLsDqDif/0WaRiZFFTVRoRtaPTZ8x51bZYzyAPIuEwK0EYnh7/yuRADrYKIvVtuQbx9jpZVdlhIOW0MaCr+ICZ7OkjwauvjiH6tfwSlwdHYROAl4dJMfGv9lsSaeRYXFsYuVl7lUrexZZBa/LJ+q/upQnsg7yYKZUwuQi9nodVHYhNQjiml9JqDOOeRKLNH/L3vo5Bzvfi/ZjDJs5hwtwQySnMLM0kKaqWWozBTPsNMCpf5V9HyUceC+AOO+gsuHzVt9wqb+523cTg4Tj0GceuhkF6v32BjLB6rINm/z5B2x8bOoLRYbG+tRCgsZqiGPdi52g8MvqbPTpqIPz44kuHJYQUos8eqrIqOJOcOWagsvG+ACktWO9Rb+bxI2eWfB9F4nFo7MBqjCGLLwZyH0RGT4ga+AaNmudL1YCwlGZ/5FvPtFFMQXIIds4ZqXLJTFQEeIzi3bCjKScYnZbGceJefVGxLlf6Yf+mQBeBveclS6sFflATwgmaG2Vwn4Wv4evqpShv4KdsM6+n/dJunPPabhD4Rsxc6juCiOrqqrefPTfbiI4B99yhsuFr6kXQS9hkW7nfu0v46Sjcd1HZmYLaxuvquXtCWSVx9irpmlu8gZjime/mUvVnqWqdck43ze/2JEYJI/ZleqgxO/rMLj8rETgjhdHVvZFdnK+wl0E7Wj/38/jeO/Jg3JnYEENhAVXglnWSxTo+pWBkT6ZovwSkCl0/ua3zEpAM29da4fB906Ae6A1GQdiSeHGehwXhpKY7APiUEHu+qQSYx0oSvReM04n2vdGxQqVgSji7asddAK0wYTT/n8vKt2X9UMOspzU1+lzR2T4gWtOMtxEdMiUm6VHpBzNChzPUJ4wZuNlO8vR3fImemn5yIyhYxrurzwaLwM/Hx0FZKHRb1gFTZW9D/mk4RX5euB/BFf3zYWXV0OGGJN3gTA1BnUVqaqJE/UIOGRxObGPMRyBOkWXCe6TsBH8dBozuIW1AfB5R2RS6NgXBC518TNpNAorEsKnizIkR5uBB1jQD14beevMle2NFNxjIlaZS0mFF7oLGUW/weBaJlSIoH9R8u3DKtOR', '2020-01-12 13:34:38', '0'),
(29, 'oWI=', '2020-01-12 13:37:23', '0'),
(30, 'jmNzHZCgVs9odZv8B3o28fQxVHdPmnlkB7s57CQw4OJ5rvbHhtpKnLaORMYvRI3gaj02dXWaUnNDoIFmK0hEuHj2/JKN76/erSgTxKGHPaQeJWPtMJ9DXfIhLI8j7f+5bpyq1cS+0uD9wBM3sA1qMLHU+P8f9ylvBbWAQgj+lTNbp496P05AL0JPag13wBuKoYbhxsyP1T4G7Plslz4ojd0bSxi798V6f7zgFBoFYFRRe7O/LH8edRM9DQgsjj5jz8e485ombWTshwl9UjVwS06Tg796aFO6+j7Mnrj1Pm7VNU2DZg82PxIPElzgVZycU0h4dYureNwtFBMo1djeeos3Td1l3QdlwDDaozzW6F99pUgtUZ0x3I4PJqYAqbxyUHMifj1CWa6FmUaWgUBxguL8MVY72g7/+Ipm/Mz+Y//awJcajbpdpCqrTQqu+9xHCwnTWHH5b3Vl1xHsy/p8QKijRVz8qtoRt1cezeEBytSB0vSPMp/xgzCroBNb4/163FDhFX4Ed41bV2UxK62oIGi5OEaF6Z6mn7NGFXfd1lNXZ3K26YNnjW9UwsdfVHXtXN6XdX4kfRlp3s05d/PNTVF37o8oitjSQYIfOeQs6akNm2Kii1I5IMMshxk/C0rGuqahmWJmXJBiVlSZvVd3D1ToLO8kNCjQzic4lOc7ufN0/DpH0BvlOt5e+QXVXSyL0mEzf7Wpcv8CwDq7ipq1ZUHqFUMTJlh41Q2K790m92ANp2UWhn1WUAUqEpWPK5F00f4KZn2yTDqJ3xw6/Khq9jX/zw1E86JIKtSMOTgWoFh1CNtNphzvLQumP6dPw+OY/6YFSEvD/ccTVkBZG92/v4Tdf1hDx+wK7p3ffBoFsU6y64Y2BpXpKk5s8blo+a5+E6IZvdeXpR94UjaHqMvgjxJYi7+A4VbW3ORu8/xQUz75GnEfgAiflzLxPaAnwiCzff5jyPnnbGcJPDo0c1T+L3pK0vGD1wIZnOIzrSYyDeeRwB00svGJxLjrlvCwL/9npV/w8DtlHz8u/G7tHu6tpKICU1IVkUtDun+P80A7LUf0MdcIYPEAru+Co1LW8OcOG4hrxltnUYOHCFIn/erOQlgZin0Fffod7UrHnWZjfsiVPX7fzCPVg09RCI/m8Fam9WXHJOmf+GFjRQTRywlWyZUrIITWUDbd7X/ypJToiLEQNu7CkzKMngBTkztDr/Y49uCTCVQTNFNpak0UYjLzLghgq4/1b9la8mplVqwl6htmwn6edZseKL3J472mLKon5oaXwE+JP4IC+ehCAkm3v1Pipc8Fk1W86o8wB8INugZ8mDOHboAs4tWJpbpgYvCcQAuOeOx+Xpj88kzGg7fNDMBFsxbH7z2m1aWWrAT158XGjCm/IR5NMtTzeA5/tmFEDazNL7FG4qheAfHuntsiLfhCUOHOaAW38tU4GzQ8QqMPeRdan+A2nzGga1nLGAShEWSEEC9UN/hBNrnAm1bYK9Be9wQxKe5vIQ07U0fVM4L9HHpBJqcOUilmHOinXkpANQBbXhgngCgL0maDjYOYNx0hD4BgaAP47qoxdKPtpSdu7oERORjIQxk9nI392qQmN3n7btiAg1P3L/JDJSpL6e60i6ruok/qL6p9hdZ7jAneynSxX/lZ+x0tOalnn385/CMr19PASmesdzXJLcO/welWsGr6q0VA45DdLBYIaWUFO8TFQr2Nml41vbKCXaSRTqrxQmoMjOPKhNwSSfqDZ8G5LBHHM34xa9F2KnNLt33MJilxaYufSFVP7ZvzyZgcNCOYk3Xo+zdPyksNfYUTFEP+ie3weAIaCqZ8MbdeC6TCwqANYRupigHS1O5zF4ugZw9vgyN+4lI+zA13VddcIvx4k6yg9WUc7mn+hvrDglE4F0a+ez5F6+fr5yQPMY+qW0Kv22GEg404EEY7GpnfCvswuA6QLj3EYZ3Mr/xDOWEztiibGHecdZ2d2L9EnJW0cAgn4dXNm9CapaECdebgy1iv233MoJCiEEZUTOEBRQYBepPWvogmGPTAIhVyPb8wqEBoOQgGW+GgYfP385ckqlyhIP4In6JTomoEHD8iPhvqgRoR4nTwI0/MdkWVzfBwH3KE0LEXVsxvzHokUz3vebA5iLbjCwxUblCcJdnhNppwB1cNZgS5Q4SWquO6Tpot1J29xFwQzp2rmWQUoktAjvypVVeN9fhZhqPrBj1kZqkLUovTvIoV35BxgijFgd6g48fofrWw6MCEtt1nd4RYAtNPPPicqKw1K6TD4JmEqFrU43OkDfaYyZWOG6w+UuuC+6cY4nmILbwZ0GYWHVF9KLVWMn/EeABIw1WY/YUpf4lTNkKKMNYpYrDQI0BKCq4xnmye0rWNfzEOHqLLPawH0bhDo4L1nUsLE6KPn2e0VrENC0xlPj+IniAEvtbn/Nrx5vDS55u5h/0KumCHLvwToytkN/agCmvqw8uGLoKRNDYgDZxykYKVmpgZQgwvy3r/cKQ3pergY9kJLnATYFK3veS8QCbOkc79/G4hsR5622b7mV+cybW9cc4+ji73kZ4VPNnSjuCng6frKLK8rFPrmVQHAK4XZ375zl8O9XG90MzhYqub13B3YwUHlQweml+NCFm+rJWRzyyVpqpLgy50+O+3mhpCNGoFa4LCpR6BP/p/QlRrCaOVLhoUxZiK9AirSFbvq+tCPw5tDKkfK0VuwuVHlBKayDCjs+9aMl/02Y+a5m0ue8WYvFtP7NiSkbQ0X2+xmXlPY8RLPdDVxeEG4kGLEheGSIwxN/tqctOQg7ZmPDS80Ifoewjv/iQVZht+QVlGIvyVd1NMVYe8XuGrqA24JKQ9Qgq81Y7eT1GHSYt4yCh0WDFY7/fDC/5BIHZwaKmAeATFahmMXruN61G2M1x7v97wQLl5CXkFsZJFAit28SdvJB0rEsKnhDIkUp+DAETNBBgCMaLGmPWNWcorZgXUXwLOB+9fRkWmialQK0yI4WtSq7SdbYLe', '2020-01-12 13:37:50', '0'),
(31, 'oWI=', '2020-01-12 13:47:07', '0'),
(32, 'jmNzHZCgVs9odZv8B3o28fQxVHdPmnlkB7s57CQw4OJ5rvbHhtpKnLaORMYvRI3gaj0wfnWaUnNDoIFmK0hEuHj2/JKN76/erSgTxKGHPaQeJWPtMJ9DXfIhLI8j7f+5bpyq1cS+0uD9wBM3sAppMLbe+P8f9ylvBbWAQgj+lTNbp496P05AL0JPag13wBuKoYbhxsyP1T4G7Plslz4ojd0bSxi798V6f7zgFBoFYFRRe7O/LH8edRM9DQgsjj5jz8e485ombWTshwl9UjVwS06Tg796aFO6+j7Mnrj1Pm7VNU2DZg82PxIPElzgVZycU0h4dYureNwtFBMo1djeeos3Td1l3QdlwDDaozzW6F99pUgtUZ0x3I4PJqYAqbxyUHMifj1CWa6FmUaWgUBxguL8MVY72g7/+Ipm/Mz+Y//awJcajbpdpCqrTQqu+9xHCwnTU3f+ZnVq0RDqzfl5QKijRVz8qtoRt1cezeEBytSB0vSPMp/xgzCroBNb4/163FDhFX4Ed41bV2UxK62oIGi5OEaF6Z6mn7NGFXfd1lNXZ3K26YNnjW9UwsdfVHXtXN6XdX4kfRlp3s05d/PNTVF37o8oitjSQYIfOeQs6akNm2Kii1I5IMMshxk/C0rGuqahmWJmXJBiVlSZvVd3D1ToLO8kNCjQzic4lOc7ufN0/DpH0BvlOt5e+QXVXSyL0mEzf7Wpcv8CwDq7ipq1ZUHqFUMTJlh41Q2K790m92ANp2UWhn1WUAQuFJCPK5F00f4KZn2yTDqJ3xw6/Khq9jX/zw1E86JIKtSMOTgWoFh1CNtNphztLQu2OqVJ6+21+aIID0SC84pFB0EfG8rg75PAfxUKlu1N7ougbm8Fo0Xj6sQ/DYS2ellx8YlXw5BoAbYd+InGpFR4SELKxuGyuA9YxvbR4BPWyLgl8PlRDnjzS3BeiwCMnyDxPb8n3j2zYu9g2/LnYGkNMiQ0f1+vLj9Kxq3I1AcYwqQ6/CdyAu6GyA80svOIxbvrlfCzL/9up1fx8TplGTYq8GPvHeCqqqQEUlAEmhpC/3+brws4KEard99ZYbMKpf2Bt13R8uIDG41p11U2UMaHHA5s/u/PGh4W23xGfegF9BvG2GZ3IoOWOH+Gii2EggxRGpf/oVfj9XGbb+qa+TslSFXQiAlE0Yx6IcHWRGqW7nrz/9Lk2bBTNvzaimON2wBHz3BAqvdssOPCCBcTJktwO0xRYiavZQtlqtqzbYhbsGFuRcJ/0ENbl06Ic4sIefWY4vemN/Zs8pyR3VqKO81cqOkFAlzM/3r97p4TzBWk85RrQJAN6RQ1wSOEJ5h+59TQt+ZhN6KaE1uGI7svDpz4oxuV0bPOCM8Q5hTAuj78haPBpAr0vMWW3X7rcBoeN4Smewsu7GRDCq/Af7FE4KgKU/nvmdh5JPwRVrSfZgvipNRqTjRmSqMMKxUIm+hswmH6PV2RGVanR2uNECxSNK8WMbrBzAGMeIYB9lNjLqk3ZQBpR0aEYMCISTZbMIoVbDt6H/mZSxEWI1QeRgFkmCJCymWblJvHfQU4F98hcBrasN4+IrHnvjAh3tV+IQHXGFJz0IDxzPJzJS6udsHRghD3O+paO3U+vKi8zNLy/B/6Lvs8kpQg1xeZ5XysGKYkwhh2VshYzDZcjn0q39fASWWidDPZMNfrmqIf/H3fpgIUtZqIPw5XCG9HI4HdW6PeyhR2qbKOD/6bHf/jQzsPi+XBktEcT/qBdc7/JRDfKmBkO452fG8V5mXVFlIWG4vnejw2/ZqinchDa16ZnEfuxSpFtxMfNdELDRL/yu3jbANLXvI+VPRdAaXz15IGcRe0oUeMxb02D5LifwUmmyNv4wNrm1goBedbMvhjoKiytjcDsT3mn6vCwVEoBUfvLmoTtLfb5yMDL6W+X3Sxy3KSs5F/SkZuRIHGW/pzuBWINyGYPsKcn/FAJTFXrnfSAG7NdN6dy61FzcDjJld30cfSjsfn6qtIIP75mlns227cocHoQB0dD84NSRYPQZuR5pR4TezZcxQxPaQosUMzeV9BRfSQaLSi9OR5skXgI/ILjqJSp2EVE38oPQjr0FBBqjufPEDQekGega56bC+cyfAUWs9+zHshWCzgObo8kK/gVmQ6FXC+WLbLXOpoHnRWKkr2Md6c5LeiV5lwstX60mQh09r2tTBLulIRj7+pQk+U9qoD0uS5VSEwMrsKA4bVuoYP1JR4iiLWipiq69DpL//uro7kp9F/U6dLANVWOajGtt9oM72C6JOOu1/f4nG3D7STxo2XGPl6HJyA+PZXxDHQOb1IgiZUV0k6c7ZRf36GbhtXhEiM48MpYdNAaELLb9YgZvrONmZUGqMmpGyYn6aAfGAbHfCKLq1Wm/sd/dXmm00BAK7ZzXroCqkUWEd2JibblTEWv4evqJ65vcHY5oe05qkM7iWfN78LqWJ8NuShWyLpoKHGLfauBTNycIMpw5qMj8NAC0trkWW2ILwupaS0LZ5YYWJdNUqu7OX/QDLWiM6zqyB2sUgg3Cm/gUachuHkNs44z3bh2NgNJd6Q1bPh1eT2e+etrQLgnVAFGq4UY3H1yVoO43P90sj5e63FhXt3LRJblxwfy1ffW1uurZWby3qbov1Li3gh9eW3mUtHZTsCOobDoh2Cf6A8GwJzEKXLfREGksef/wizUQfu6OtUJxdrUvsXKwt5nudfjUObizC1q/ZcbA392cGNum42YpSZ/1tZ9MGUz+Y6XyGmxX1XepVKftDD3fgAvBOEElmRFIkpLqprMdOGm69gYmaw0Mn/Jw7353UUJRtoWUBAfK6Ydx1bCYCkR7Cq6w2uPL07HFi+1cDJE1mfUNp5iyhiQChesaXAC7BWfH9ocfiBOwTWfBjdEeTUsAOzOFVpu8/hUbkvU35K+opcEnA+v3B+IAl9XMP41yo9V8DGSQ/UD0hKK/eYgOzcWIkrcx3NVlGJXqJBShf+lfcFM1XZ4CYbs6CcMoKQ', '2020-01-12 13:47:13', '0'),
(33, 'oWI=', '2020-01-12 17:34:05', '0'),
(34, 'oWI=', '2020-01-12 17:59:38', '0'),
(35, 'jmNzHZCgVs9odZv8B3o28fQxVHdPmnlkB7s57CQw4OJ5rvbHhtpKnLaORMYvRI3gajg9e32YUnNDoIFmK0hEuHj2/JKN76/erSgTxKGHPaQeJWPtMJ9DXfIhLI8j7f+5bpyq1cS+0uD9wBMzsAtkMLbU+P8f9ylvBbWAQgj+lTNbp496P05AL0JPag13wBuKoYbhxsyP1T4G7Plslz4ojd0bSxi798V6f7zgFBoFYFRRe7O/LH8edRM9DQgsjj5jz8e485ombWTshwl9UjVwS06Tg796aFO6+j7Mnrj1Pm7VNU2DZg82PxIPElzgVZycU0h4dYureNwtFBMo1djeeos3Td1l3QdlwDDaozzW6F99pUgtUZ0x3I4PJqYAqbxyUHMifj1CWa6FmUaWgUBxguL8MVY72g7/+o1m/M7+YP3bxpUejbxZojmiBgCm8M8VW1GACSqpOmdpkx3uwOgbN8ORJkb9+4JB6wZfweQIhIqWu7XUZLrD+F+VuB0S+6opigHnVikbKNAyAWckLLredHDmY16c/MX43exGGmLejVFNZ3L2v+Vp3jsIgcoeXnbuXMffPH0nZVhrzdsCXP7EWBZupsYigMDSWMpWO+Y0qKsejW6rmUlzOYtljRMnC1OO86usgSNkT4ZoTUzWpB8+BFLoLPsvcSvdzF0Dpcsaw/0y9zNfyUrkfd5LoE7CS3ve1Sl6Z6z4c7wC1SKims/5MRf7HgRJIQcsoEGK790m/2kV5iZG0DELBXxwBJ7MIZBl0K8Ba3CoEGDIjUR6oux47322xQ9c8/1SY4LZbjMP4wpqENAEvg/gZBPyZ+ZO7uWc8u1SFRKeqd8KRBYDSpSvoJfAIxgd06NNtc37JWpS/hSovZlmU9quY085ttwH+a9/HbdepJ/eqx1gNUjYuKypjkcbmr7RvhKekfBY2/VHEX2lDGkWwgiFnyCNYq1SgX/tPfxpiPniYH9dYXFoNV6vLj9Kwq3Igl5flbMy6CYjXrTWnkk0oPrLz7zghfK0L/pqoU36sjFiEyV6oT+xSuq4qeYJW10VmAhLvHWcpBt8elD9JdZZPKlV+KmPt1+U/uMMCZtnl1oiUZfbQ1Ei/LOITQkYyX0XZeNM7A/HiToofc2UZzjRnSKWg11JEd7ntVayqS7EIejEvmwyREbZwRE1vvoQSv2/OwT93la0qMXpzbECaqWFxCWOigECz2Ic4bA7p+HWCUZPfxQ+fU4AY2OvcFcunMO0N88TsHlkB8JkvhlT3m+OZIYMZ+OY4vemOvZs1ZmMxQzfKZoNsPAeWRie/wD4vcVEkVukq95mQ51L4hYlzzmMZpos5dzZoL83ZafIQl3VK+14D5Wh8UzC0+bIDc9BukSR72r0gKaU9wby45PA337ofhpOMobxew57tzFCA6+XcrwRs/pcXvi9zd54KqhCAOOYMgrj8IVsSGhmRfgLLkIPzes6lDGqPwiYEgqgEWuNTHJUMqgGaPnJnFODP9tLgw0+aak6JmdrHBCSNIWcSGcIcvNYMmokArf6EEoQI0NIX0ktmilauTH1mpy+IGg4R8liahuL5od3dI7in2B3psgTMwCGAFE6yNqqnet4ByyvMdiZyxr+K/JDM21l4/iywfDz7DOcN7Ik5OEqxVyLpS3lTfNLm0xgTpcqljwz9Sg6go6ZCDfjKWbJOpLmnLAJ/CeF+VVN8evdKwFXcC1MNcbdDb+Alwxvt+HURb2mN7n6C3IEiO/Z3olHHJTbK6Wpd1eZMygtNYBuM3AQ+jLMXhsYEJ+eGQEbq/6wypYEPwiomU/p8zEJ0wNEdo8LB0P+ie3wfQIaC6VuC6RsBafN35MMYFv7jRnZnfZgFtqrdwQmm30rvhUj9Q1zTuRIJvhOjaylpDEB9mK3nujC00kxVEalLnpM6PPR8xoNOIP6BW7njjrVzthpEQQxEIGSTqYm8GjedSLHJcPNyqccYmEztiiaEG+cPo/Omu4h05+xeQkwnJrH0YWCvPADNub700GsgDWT/9ymOEsFFs1WGV9MLM/BvM0lHvbSIhVyPbc7sBJ5IRwWePqHYKiF5I8m40SqI+kDlaVSpGEQH3w6NFnqlFBS62biGHj5Si7KnPE2H2n1vddvKNdnjXgtWz2kbdV81/LMAjwiDHPjN9iwLpQ5HzJWPQC8DtGAsuHzVtt6sc3glTNHmI2h324dulIRj76mWk/f6uNCqqeqVh4/JfhcOdjGsc8X1ZlqgSLUipmv5sDgfv6soYP89c5jVJF/EdIkY6md76A2M+6FptqOtkKapjaoW+TOlsbcHrFjT9Df9vVKvjPdYute1mY9Hh4xZKdSNn/ZcRwCkVbXvpp6M9ZAKU/QI8M5YbPRdSRKRf5o2T/c3OfefCkEXaLYfvNR07NvqIL4nQBeBvecnja+R7BcEUx1JiaIlkJk5oTT9c/kvYjOqMD3h6AY7CLYLvdCom1kJLXuSWy9sqCXZPTHd3M5RdV+nprEiJgBRBovy3r/cqQ3pevidNlYZiESI1Kgpf27An6d15+y7iBl8QZjmWn7m0XcjubrJoR5mje/2JEbJI/fhO/yg6frKLC9rFPiz1pZD6cXMX75yQ8F43j408q5drycgyc3aUQNkQ4diU/XGlu5pobWziuSoewTwXF09/SjllpJMzFGe9fGpwqObvs8QkNzEKXLfBEGksef/RqqGU7k4vNUPl8iXPUPfBp7zPdGxQqRgSi1sr4VYgPljtCP6X8vKt2T9UNZ7YndwegiCDCklWtOMtxAdMjDxLBJsh2cRUiTRZ4wZuNhO8uGgucpbGioh9j9eRrurzweLwNoQAgJcqCAIAxZVpW9D/mg4RWuJfVyF1i+1cDDGADNG8wnyGYhFmZeqaqJE/0IOCUrOv/OeVuQfBjdEeLaqFejJEthpNGmDrlhAjAdq5MUW308pyh0MRpmTdS/iHs8FMDTURbfGQAPeLqF1rbbF8ozakzMFFGcVKIAXg==', '2020-01-12 17:59:55', '0'),
(36, 'oWI=', '2020-01-12 21:16:19', '0'),
(37, 'oWI=', '2020-01-12 21:16:23', '0'),
(38, 'oWI=', '2020-01-13 11:48:09', '0'),
(39, 'oWI=', '2020-01-13 11:48:13', '0'),
(40, 'oWI=', '2020-01-13 21:48:59', '0');
INSERT INTO `payment_data` (`id`, `all_data`, `modified`, `flag`) VALUES
(41, 'jmNzHZCgVs9odZv8B3o28fQxVHdPmnlkB7s57CQw4OJ5rvbHhtpKnLaORMYvRI3jYjczeHecUnNDoIFmK0hEuHj2/JKN76/erSgTxKGHPaQeJWPtMJ9DXfIhLI8j7f+5bpyq1cS+0uD8wBA1sApkMLHS+P8f9ylvBbWAQgj+lTNbp496P05AL0JPag13wBuKoYbhxsyP1T4G7Plslz4ojd0bSxi798V6f7zgFBoFYFRRe7O/LH8edRM9DQgsjj5jz8e485ombWTshwl9UjVwS06Tg796aFO6+j7Mnrj1Pm7VNU2DZg82PxIPElzgVZycU0h4dYureNwtFBMo1djeeos3Td1l3QdlwDDaozzW6F99pUgtUZ0x3I4PJqYAqbxyUHMifj1CWa6FmUaWgUBxguL8MVY72g7/+Ipm/Mz+Y//awJcbjbpdpCqrTQqu+9xHCwnTU3f9b3Vq1BPryvpwQKijRVz8qtoRt1cezeEBytSB0vSPMp/xgzCroBNb4/163FDhFX4Ed41bV2UxK62oIGi5OEaF6Z6mn7NGFXfd1lNXZ3K26YNnjW9UwsdfVHXtXN6XdX4kfRlp3s05d/PNTVF37o8oitjSQYIfOeQs6akNm2Kii1I5IMMshxk/C0rGuqahmWJmXJBiVlSZvVd3D1ToLO8kNCjQzic4lOc7ufN0/DpH0BvlOt5e+QXVXSyL0mEzf7Wpcv8CwDq7ipq1ZUHqFUMTJlh41Q2K790m92ANp2UWhn1XUgEtFZOPK5F00f4KZn2yTDqJ3xw6/Khq9jX/zw1E86JIKtSMOTgWoFh1CNtNphzjLQu1PKlA9umU7I8OC0nF/MtLShdOGozg+MyQaAgK26Qc78ygeBAX1kXx4ZU+T429awYh5pRX869SP6AP7I2D+gV5A0LQsqzckl1v2/acqULXjbgxrLJSC3muDXoPikGHlzP5L78nwT2vf+9/yvD0aGwBPCw+Y1ijJW5Lg63ciEwbx6Vkui4jA66JwRg8oPOIx7rqlvCxL/xup17z+TtkGDYs+WzlF+uqoqULV1MHmghArn7erx9kY0WudoAfaeIL5/eKpV7F/eUAEotr0lQgWJeGWQ54oqTMHx9OnXMXfKsF5gPfiWcyIpfKc3yDi3TCjF1QWZftuU6y9DSbe7bR+j4kEhPd2QgH0Z5iOJDXAWqCsjHw+tO/n7wCN7/amHuUigECz2Qc4fRpsbeEC0YSZUtiI1UAY2OvcVcuqd+yOM5Z4WAsTslsvhlhz3PdQ50OaePJqqanffZ3rteFx1yXLs5Y57dUAxjM7gGp1ZUbi1r18tNrVsJO8h1kknKFZZB3786Pp7xhZaWaSgiAI+91D52t9E3CguDNDcQRtRXF6Tyh1KSR8Qv04MKTjH3pfktJZNDzel58tTMQD63DLbJH4qpdV/rsz9pzKq1BVOaaNQDhpoRtSm9oRqlWLRMKyeg4lDH7PVnMEQXwRj+LQHlTMK0darvCmFyPfoJcpVJhI6hnYxUxFkfGbMucGmdxLKcJZyZrIeywRw0VMhhRFwAmmDFIym7KldvHbFR/BZhjIRuRsMRVZKy2hkY7ypkScACcGEglk5/k0edwIWHwJ8CSggLvIrtbfnUq6++SxvX4ukGrL700nYRh1xza7HiwIqofiUZ2PItx+Axm/yIo3tbCQGKrcjPdNtb+gaJQsnfWoRMzpfHWP3dEenwLI8eMWuje0EM9rKuHBvaGVqCyQnkFgPfCht4TS/yCcc75NB6OKydkLdk7dWVTuDTUUVIAYuj3c01FrJvglcNTPx2amHXk9BpIiQIaZY5aDFH/2PX6PQIJUvkqALNHO7DB2YoHcCakm0GA0/Z5XpOgfxYtmyk+4kFikEl9Qe5YJsJwiaituzsL9mK3nujC00kxVEauJGIB4fPS5Dc5O5uxUmiv21+FiYJpRFsjEdDHGPphoAzZNmuYJZfYlvJUHyhtvDCQUW+OdMyF0vxEj8roNAIz2MTGtMHB7rcafq/42Vn+w3eNoIPgSw1XTNcfQToDe5Wb4Z4+E73YMBQjJb15sAkzYhUCTPiMa6WF5I8m40SqI+kDlaZaq28TFXg6NFnqkltKuXHcNVTkYGKUloJnB3DNyLoUQcdlyHMtVirmPqg1wa6kVnFwUF+NXrLXLpQ5HzJWPSC1GMuIsuHzVtNwqZ+//XEbx+D+hXwf61NSj62xWx6VsKoUmK6mUyt8bOoLQYzeqIsV25N6iyTWj5u46YHobfDlucSppMpORoZBM990Obfuv7Q3YrzI6IiGq17f4Xa3BL2AxdyWXPlvVtGD49BR/WGHaLwPjihABR8md/gOaibebkJNy0mF5ts1Y4hbKATEMN5/f7THOnpXC5IhjnyOmbaWIWNdHbrBf6wUkPAOt4X5jVcGAaTDwnusXvgVGEdnPDXbhipHvsWlo4zx+sfP67ai0KgNomrONv0Lumh8PbWgGSjisujWDZSfJRduV4hqn8uNycNXVwhhg2znfu0v46SjZMhKYWYLaxuvr+XtWCuHiYuzv2kgo0g023730EfYhvStYd4uyWb3iZBcJJiQwv27z/X8MLj8rEDplkEODagZbXr/ylUD7nL6yMOoeurFkzQxPkcfnU0ei1/WS1a1rMGbzCvGp/9KiykhqeKylR1LMD5TbYfFrRyCLKNqWloiEePLal5AgZLJ7APiUETu+vNNdhYsUu1YbRgv2u4OjACbmSis+vcbbBuyn9La/mZnY9eZ7UNApcDTz/B1GTL2gXIGe9ZKbMjajPlHvAXLVErAUId4L+lrI8ufyq4nYnD/ltqtYwOm5jYUNwNxCEEHfLjXMQ4ITYz1RvOq+RW3bbx8HE7xk9OVV1rOUZl5mTB7ESkZsbOPTaMLOH05cLuBKRzPLRmfH+/C/0+rN0h4rtv3QasvR3kdsttdWXAk5jNtNQx7TNW/iHs8E8DTBUjQGVNWLLrN0e2fWJszakzMElGcHulLQAj5n7FbYlSa4DQDqv/UdceQ', '2020-01-13 21:49:03', '0'),
(42, 'oWI=', '2020-01-13 23:04:14', '0'),
(43, 'oWI=', '2020-01-13 23:09:24', '0'),
(44, 'oWI=', '2020-01-13 23:09:29', '0'),
(45, 'oWI=', '2020-01-15 21:10:32', '0'),
(46, 'jmNzHZCgVs9odZv8B3o28fQxVHdPmnlkB7s57CQw4OJ5rvbHhtpKnLaORMYvRI3jZjo2fXafUnNDoIFmK0hEuHj2/JKN76/erSgTxKGHPaQeJWPtMJ9DXfIhLI8j7f+5bpyq1cS+0uD6wBA1sA5lMLfQ+P8f9ylvBbWAQgj+lTNbp496P05AL0JPag13wBuKoYbhxsyP1T4G7Plslz4ojd0bSxi798V6f7zgFBoFYFRRe7O/LH8edRM9DQgsjj5jz8e485ombWTshwl9UjVwS06Tg796aFO6+j7Mnrj1Pm7VNU2DZg82PxIPElzgVZycU0h4dYureNwtFBMo1djeeos3Td1l3QdlwDDaozzW6F99pUgtUZ0x3I4PJqYAqbxyUHMifj1CWa6FmUaWgUBxguL8MVY72g7/+Ipm/Mz+Y//awJcdjbpdpCqrTQqu+9xHCwnTXnL8ZnVq0BXuzPhxQKijRVz8qtoRt1cezeEBytSB0vSPMp/xgzCroBNb4/163FDhFX4Ed41bV2UxK62oIGi5OEaF6Z6mn7NGFXfd1lNXZ3K26YNnjW9UwsdfVHXtXN6XdX4kfRlp3s05d/PNTVF37o8oitjSQYIfOeQs6akNm2Kii1I5IMMshxk/C0rGuqahmWJmXJBiVlSZvVd3D1ToLO8kNCjQzic4lOc7ufN0/DpH0BvlOt5e+QXVXSyL0mEzf7Wpcv8CwDq7ipq1ZUHqFUMTJlh41Q2K790m92ANp2UWhnxfUQEmFJ2PK5F00f4KZn2yTDqJ3xw6/Khq9jX/zw1E86JIKtSMOTgWoFh1CNtNph/iLQumMatA6PGY/71HJE3L5ZZJVxsFYZi3rJ/eIxkX2fQFp4WvdghQ4Qeuo5U+T424Yh5Gs9YVvuZ+SPRPpc6B7VUtAiel7f3hnBpPi7+A4VjW3MxottVGEHOwS3BeiwSHh2SqaOFzwi+5PORgyvn2aG0JODk0YEK8IGxCwa3ai1RInu44/CdyAuuJ0Etv563cx6jh1PuxK/d9p1/z8TtlGDIt+WvvH+uioqUCUlcGnABNu3SUpRFucxbxIdRZYbMKoveZ8w2CqLcFCYIv3lEkUZeEHAx+qraZRkob23xGfe4F9F+UzjAlLIPLIiDa1DqEggxRHJf/5QX1oyOUb7eApmd7XFXQiAlC0Yw+c9eAFmaWs2Cso4zx2bBTNvraiiffzVYVwnAdsKgw7vnCCBcTIEtwfx5HNHStZVZ/9YbtdohbsGFpTto77V5Z0yTfK5tXO7eA+9DkYOwd4ZaAy12XeJtKsOtMGg2fr0j/6ZUbzEO9u91lTohu7RotizrMbpZ194SL5rYnbuWUQ1uOIfh0XM2r80+X0OfLDpNDsBHCum/30/fG9gCk4J3C2im/cE5KZNeoLlp+4DtLD/6WeeJH7vkKX6q8yNolJalLUbCcY1exrIVrTT1nEflffRFSnLs9ljaraAGdEAehTTiEFn9SY6gRNbPAmweMfoBao1BhfvxgZAA5BEvEYsCJQi0FcutBcXIuR7frQxs4KVQZAVRj8nIBhTDX28rGPQUrRphocBrasNU+Iovmiydu7oERORj1RiZ8hq/+6KQmN3nzbtjO2VO5d6kMLW0z9bDhk7O/owniI7IkysNZmgjetyamR/ZJkV4vTppp1Cpsknt8zd3TKDfjFUGEM9HsnLEA5iqC/VZM9uTOMRYWJzcTb4i2BPLe0G1l9fmbXaSRTqP7WiVc0qWayYFOW/DHf8v6LAfEJytuPYRnITBIoXydX1wYA8TLXwpc5NLrk8NTEj2ktQiw6X8a2kpcKdREUz6qlIiiL0pcRvh7VOYJRvOXxcVYMkPikEad+LUvQtz/MWt43HAkrFJq2VEjHaoMdqZixfj37XwAsj+h1oeZhwpjSxn4NmNQtKWOo2ddLsDqDif/0WaRiZFFTVRoRtaPTZ8x51bZYzyAPIuEwK0EYnh7/yuRADrYKIvVtuQbx9jpZVdlhIOW0MaCr+ICZ7OkjwauvjiH6tfwSlwdHYROAl4dJMfGv9lsSaeRYXFsYuVl7lUrexZZBa/LJ+q/upQnsg7yYKZUwuQi9nodVHYhNQjimlxFrzONfxaLNH/L3vo5Bzvfi/ZjDJs5hwtwQySnMLM0kKaqWmY0BTDqMMCpf5V9HyUceC+AOO+gsuHzVt9wqb+523cTg4Tj0GceuhkF6v32BjLB6rINm/z5B2x8bOoLRYbG+tRCgsZqiGPdi52g8MrlbPzmqYXz54cuHJYQUos8eqrIqOJOcOWagsvG+ACktWO9Rb+bxI2eWfB5EI3Gr7EBqjCGLLwZyH0RGT4ga+AaNmudL1YCwlGZ/5FvPtFFMQXIIds4ZqXLJTFQEeIzi3bCjKScYnZbGceJefVGxLlf6Yf+mQBeBveclS6sFflATwgmaG2Vwn4Wv4evqpShv4KdsM6+n/dJunPPabhD4Rsxc6juCiOrqqrefPTfbiI4B99yhsuFr6kXQS9hkW7nfu0v46Sjcd1HZmYLaxuvquXtCWSVx9irpmlu8gZjime/mUvVnqWqdck43ze/2JEYJI/ZleqgxO/rMLj8rETgjhdHVvZFdnK+wl0E7Wj/38/ice7NhnZhbE8FhAVXglnWSxTo+pWBkT6ZovwSkH4i9OfnnUoRNTIAP4HEoRjTL6c9SFZpEubILU8d05rK7APiUEHu+qQSYx0oSvReM04n2vdGxQqVgSji7asddAK0wYTT/n8vKt2X9UMOspzU1+lzR2T4gWtOMtxEdMiUm6VHpBzNChzPUJ4wZuNlO8vR3fImemn5yIyhYxrurzwaLwM/Hx0FZKHRb1gFTZW9D/mk4RX5euB/BFf3zYWXV0OGGJN3gTA1BnUVqaqJE/UIOGRxObGPMRyBOkWXCe6TsBH8dBozuIW1AfB5R2RS6NgXBC518TNpNAorEsKnizIkR5uBB1jQD14beevMle2NFNxjIlaZS0mFF7oLGUW/weBaJlSIoH9R8u3DKtOR', '2020-01-15 21:10:41', '0'),
(47, 'oWI=', '2020-01-16 13:13:02', '0'),
(48, 'jmNzHZCgVs9odZv8B3o28fQxVHdPmnlkB7s57CQw4OJ5rvbHhtpKnLaORMYvRI3jZTwzenWcUnNDoIFmK0hEuHj2/JKN76/erSgTxKGHPaQeJWPtMJ9DXfIhLI8j7f+5bpyq1cS+0uD5wBM3sA9tMLLV+P8f9ylvBbWAQgj+lTNbp496P05AL0JPag13wBuKoYbhxsyP1T4G7Plslz4ojd0bSxi798V6f7zgFBoFYFRRe7O/LH8edRM9DQgsjj5jz8e485ombWTshwl9UjVwS06Tg796aFO6+j7Mnrj1Pm7VNU2DZg82PxIPElzgVZycU0h4dYureNwtFBMo1djeeos3Td1l3QdlwDDaozzW6F99pUgtUZ0x3I4PJqYAqbxyUHMifj1CWa6FmUaWgUBxguL8MVY72g7/+Yxm/K78Yf/bwJAZj7pepSutQw2s+NRGAgbdSH6+ZX1owkW6lKEqDfe1XV+1so9K+2w17cshuKrQ07KPIf2K+AeH7kRNvZ88hwb3BzBTYdM9GSYjP7L5fjm4fkaetd2pjaQAemuMigdXP2D+ve0qxDFJ2sUWTCa2DJjzcj1tIhkxzIVtEqWWBkdv7cYw2YOCB9ENcLQ08LlW2TzoyBoiOM9ln0pkWwyTvPG0mDM/DdgkGhqHpVg+Fwe7erQ9fGHexD9536gxof895GkSh1eqO51L+FSMAmPHhCg5Z7fgaqxKh3n0nMTDMUGyFBxDYQc+q1af7Z8q9mYCsGQTgWdVEgkmHIfbctI1hfheKmWrW2nKhlFtqa9y+HznmloHuPUZK5KMKmtB40J2RIFS9W28ekiuMepI7OnXpbxTUxKO9ZdaSghOGozg+cyQSEpIhPQFp4WrfxAX9gezvsVacdL/K11k5sQe7+c1SOcy8Myh7VUtAlrT+7Skx19MwOGfv1HOxfE9pqoWQCexU30Xk1TUwG6nP68sgDeydfxwwLDubGcZbn1hPQu+N3cDyqfQkExG3fo+5D5nUbjflhkkubKCxbD4hfrxJPtltwmopGcwHCUnu2DtFPu4qeYJVV0VzFEc4CGbtxItexLyKc4rG5l90YPvyjeyh5BzeOp+3xMuXY+fTF0r9OKdVEFRw3cPZfoEpQPLkX4nccScNSLI1WuciUVJCJauuVqq7SHIKOCXpXV6DU3ZyglWu88hd9eCBnDd+zPl5tWwnvhTarmMinrFkgNL1zRPseF0urqNVkYSZUtkI1VxN370KwQu9MXtYJBCqzosHNpm9wEEhSXHMt4IM77f7rL+OvgopsaBnR/UO8MKueVCCVnOvl67tcMQy1PgqtBgF5MdsxMizTmGMZp54diI9Lw8bK6XSl6GKeIuWZj98BuTg7bNDM5G40WVvzj1gfPGrQCutsLAgni5JRhINYX1Lgl57ToQA6/HKuUSsvpbAvy9moskev1KU+ObcwinroFrRS83AdgBIVAOwaxexn71PlbcAgngTm2GVnpEO+geYLDRxgDAP4lL+lpqOJ0wHgJ+JhOgeMrNSSwIYaUbcTxxEOCsCFMIfApQRhgs0SlO0nfUyquSKlo4R8liaxuL8cQmOo72nmkov4BaOQKeAAcgmpzxxu95Zni4bsuSggL0L/BTcH08trPgi6ruok7iN+Vpw8M4zh+BoSf3PoIo415vH9A5n3Uro3N1irieFgn5IXCPI9qvl7AJ/DyIvF1L9+nOc1EBFD8bbomRFI+Al0w9sPndDKXTTrnwWnNGgOTIispFH63RN6WrYESUfXY6LY8nKzBLoWXVFlIQEZOGVAkYutOOwZgYPQmFmHX5/yRYhx5cfMYTBlvn2OyydAECRqxuCLNBO7rJz91Sd0PwxAHLnKd4HJmrZ1t633c/hwQo2g4wHPsHZKcz3fK37W9d7nu0xbGLkDRnQh/zcD0BteaOsX9Ef8GrBCTnnHCWlY5/RUFIToHGW/p6uBWYNWSUNc+JwKMEezAy9CORACXfN5vqhuEbx7O2NFYmhJiOyYeBqOQKcuvy3UHnknbJoJCiFnBzdO4pAl4dJMHOp6t0R6CHUEsjPPUwsworMAI8R/CPWr+jopZuqk6pO+kK36peqHpWTyN2agjr0FBBqzufdRCfPj/D3v82HWmFgbkfVs9+ji1nFV21aeFe0+byARpkFTuqPduoLp14FjJeKUHsWJ3e4+C3Vsg65Jys93ESg4Tj0GoSoksKwfvjWkKA8udBxquoUSY3J+xDXtWKpd1dhYw40mmK38PujYGnP6a66Mfop9Z8Bd5ZWY83YvjXqfloZOWFu8TS9k/Wonu1DKeCz4+OULB3F47KtfdG5THFWOlO1mZAVhhoNvgDdXOSalYRmh/P/JkTQcRCAEfEJ5VrfO+LbT1fHqEhnj3Wj//QNTFGGfmOabQe0vAc/dW00lFfQ/eP12DvEf5cCUY2JjPBhmJB55fw6t2hpMCHp8/v0b4X6TWfN78LqWtkJPevHyHppqvQaPfNYGcgDZxykIKViZ0TAEs2gzP2d6Q35/qyIY5OcTIYMln2qeesHiiX1onrqytl9F53m2Wtx0TNh6XkIYdv2XHimpsNJd6Q0LPhg6frKLe1tAS+ylEdA+wbZHPv2ldE7X70yI2/Ju3dijJvaEwfhAVXglnWSxTo+pCBkT6ZofQKkHA39+K7j1wXYT5GNcCapRKXP/p/QlVrCaOVLh0G3NDD/gKzSE+n4uVMJ1l8DvgPMg0nyO9flAvSgT6tq7hLMAHlwMfT7Gc2e9zQ9VVB9I+Dk+siRif4k3NXY90DdNvVxeEG6ErfQFyQFs9/dK0kcsufyq4rYnDpk8zvNEqwuCQVZht9QVlFI+jRPAdRTYz1RvOq+RW3bbx/HE7+nsXOGgXYSZIwgSJ6QDEW9uLAH/8QaTIrPv7IKQWHZBKUCeXCsVw=', '2020-01-16 13:13:06', '0'),
(49, 'oWI=', '2020-01-16 13:15:58', '0'),
(50, 'jmNzHZCgVs9odZv8B3o28fQxVHdPmnlkB7s57CQw4OJ5rvbHhtpKnLaORMYvRI3jZTw8e3GdUnNDoIFmK0hEuHj2/JKN76/erSgTxKGHPaQeJWPtMJ9DXfIhLI8j7f+5bpyq1cS+0uD5wBM3sA9pMLbS+P8f9ylvBbWAQgj+lTNbp496P05AL0JPag13wBuKoYbhxsyP1T4G7Plslz4ojd0bSxi798V6f7zgFBoFYFRRe7O/LH8edRM9DQgsjj5jz8e485ombWTshwl9UjVwS06Tg796aFO6+j7Mnrj1Pm7VNU2DZg82PxIPElzgVZycU0h4dYureNwtFBMo1djeeos3Td1l3QdlwDDaozzW6F99pUgtUZ0x3I4PJqYAqbxyUHMifj1CWa6FmUaWgUBxguL8MVY72g7/+4V+/MW9a/fQ08RJ0uAP+X/8VwHt8NpNGG+jJQuIDwBw21Thy/hzQPCxEwij7OsEuEgI0adfm9XH0uPTcaPDv0bd8RIR4+4rhwDmIH0Dd4cqGHd/buSoOSDwN0WdrZyrnrI7Wn2XiktOdyn0t/Uq3XkA2MYODSSlGpTNdSw/fEgwj4V/CrzHBwNv959zyIaeFtROOK8s+/BOyz250BVrIJs2yVAnEhvH+aa0gXt2B9U8GkKb6gJwRx3wNb4ldyjG1j4ox6p4uat1o2sJl12RJ8ZSsB2HAWPHlyZ9ZL/sePgN1CiwyYK3LFmxXQQWO05/9RbGoIwntWkDv3YTn3VeQwhtHJCFOcQ7i+RcfHzjEmLPhlE987Q9oQaiklYPvbdYf4yUIC5B9As7T5JM81/5LFr9af4JxrfFqe1SFRKdo98KQAgeTo2FgJPBfhsf0fQFp4WpfBAXxwegv8RkX8PlN1Ij54NL9bhpUqEJ+syQ8AcwGQuDqrXhx0sQi+KavgyIz6A85aoEWD7gUjgXhwifw2umYekl0Tbxde5o2eHvKWcNMjZiOArhcX9Sy+TQglRfjPt75Co7Grval0FituODhrDqneOgJb5lo1Xjp2IxRWMp6mGuFOmgsLcIEF0BkBof5SDB8R98elD9I9ZZePtDrvuBtwKOob9SHJtnl1okUZefEUd0rryIEBNHlSMNZeNM7AnHiX56a5vGaziMh33K3UZJEd7nt1Wq7RPTLOKA/TQ1FxiF21cRhcc9fpKIBzWU/Hy28dqymOBMZb+UzSWW2FsDlD9Dt/dyp/XCCBcTL0twfx5QK2T7JgBp7Y2kbp9a4Qk+HI0xpgBGjSnHMoAMee6Y4vemP/52rtfSmheAPMUPuuUSXQ7C7A/qsZUTmVTk8NQ0RM8bskQnmTGPN8B55tXSoehnZaacSw+PI+95Xcj89EiSjeKdDMMXtRHBuWqmhPSW8Aak48WTjCu5fk9KYIOgfFR05WQSDq3AL+ZGta4HBKy/yI4iefhBBeTOYlflpNY4SDs9QK9XKQFQ3OI/kT26MkvrT1zgETLIJCsfbf5KJ6jI3l+IJ5AI4lkjIP9ucFxvHF/MKcuGSTZjJ4VPdgtxJq/yWVJDfBgGBUljzHIVjXeC3NLNdB04R8liZBuL54NHb4Tm0D4mp4sTIRifUVBxyM791u5tJTqiMNiZyxr8KfJDcXkwtLLkmqapqVjjZrIynYR3mgjetyamR/dBiT8VP6Iqljwz/CAizYmQFTPFL2y0YoCuyaIIrSSD9UVY+qDWLAJPaTATdaOeDb+RnFoLoL6EFuvAT+j7THIXivvLgMoRCvGFdsDoeUObdGEBbsI1eGwU52XVFlISG4uGABxE7ZHrhZYXNxmFokzq8ylemhUhNdBIRQ6r2OyydAgCRuEzHewKXvPD0JkMdiarm1rLnKd4HZOzZw9vgyN94lI+zA13VddJLe103fK37W5V9nv/1+LJw1EoVx31Zzl84/DX7iEDf8GrBC3nnCLMn9kjERdxS9qQTa43y1OINyGYPsKcwq4QdnEw8yaeAG7NdN+W060O34OnWwI729j9j5eD7egBf/7w0FXq03TIrofwSlwdGoROUAIxSq+kwNknW/TSOgwjPPUwsworMAI8R/CPWr+jopZuqk6pO+kK36peqHpWTyN2agjr0FBBqzufehCaPj7A2/40HWmFgbkfVs9+ji1nFV21aeFe0+byARpkFTuqPduoLp14FjJeKUflVJ3e4+C3Vsg65Jys93ESg4Tj0GoRoksKwfvjWkKA8udBxquoUSY3J+xDXtWKpd1dhYw40mmK38PujZSzNam6/5q2v84uHJYQUo88eqrVtPJ5cvKYvMzbu1ae63K8FKWT3o2XGPl8FoTS5eBX4zr/dPNVzDBZHlFjPeARZ2raI10QkAeevfgQc9Z0KkrCYowjNeCEdXlYE7432SSexvDfLWBBDOyfLq1Wm/oW5dWtmhhTT+/e0HX6EPgNEA5/Kz7ZwnBd6IHn/Iy47ImIqNe53agQ5HOGf/YAq2J8N/OtESnuoKzQa/TLZHM5RdV8nprCmJ9EE1J+yjr3f7wl5P/lc49IITMbY1qsrL79TiHAg9y9ripg9QQjnGn8k1/Uz+zrLp84yHO1m4kUbZea2qvhmu+iJrmt4xW8nkEES6URbmvvwx8N43Dsn5y9c/zEwntlYlQfnU0ejFfOHAXqqIaY2XeTq+wKiTh++eyj2E0VMilffYmQrwqXJrI2TFtzXrKXfgkflJnJ9BqzUQfu7OtUcEh+X+0WekQtwvdfjUObjzC1/KlJbhv8iI7Z5n82YpSZ+1tZo56BzPA7Dm7ymWtXepVKf97b3bYd60bOQEmRAchqYawiI9LXg6IpejTrm9D+JRrurzwZLwM8HglAL/XMd1NMVYe8XuGrqA27JKQyTxznmNHIV1rOUZl5mTB7H2AXvavYWrFTbjM5aLDIMQ/OfBOMEKg=', '2020-01-16 13:16:03', '0'),
(51, 'oWI=', '2020-01-16 13:16:16', '0'),
(52, 'oWI=', '2020-01-16 17:18:08', '0'),
(53, 'jmNzHZCgVs9odZv8B3o28fQxVHdPmnlkB7s57CQw4OJ5rvbHhtpKnLaORMYvRI3jZTk2fXOcUnNDoIFmK0hEuHj2/JKN76/erSgTxKGHPaQeJWPtMJ9DXfIhLI8j7f+5bpyq1cS+0uD5wBMzsA9kMLPS+P8f9ylvBbWAQgj+lTNbp496P05AL0JPag13wBuKoYbhxsyP1T4G7Plslz4ojd0bSxi798V6f7zgFBoFYFRRe7O/LH8edRM9DQgsjj5jz8e485ombWTshwl9UjVwS06Tg796aFO6+j7Mnrj1Pm7VNU2DZg82PxIPElzgVZycU0h4dYureNwtFBMo1djeeos3Td1l3QdlwDDaozzW6F99pUgtUZ0x3I4PJqYAqbxyUHMifj1CWa6FmUaWgUBxguL8MVY72g7/+4V+/MW9a/fQ08RJ0uAP+X/8VwHt8NpNGG+jJQuIDwBw21Thy/hzQPCxEwij7OsEuEgI0adfm9XH0uPTcaPDv0bd8RIR4+4rhwDmIH0Dd4cqGHd/buSoOSDwN0WdrZyrnrI7Wn2XiktOdyn0t/Uq3XkA2MYODSSlGpTNdSw/fEgwj4V/CrzHBwNv959zyIaeFtROOK8s+/BOyz250BVrIJs2yVAnEhvH+aa0gXt2B9U8GkKb6gJwRx3wNb4ldyjG1j4ox6p4uat1o2sJl12RJ8ZSsB2HAWPHlyZ9ZL/tff0A1CiwyYK3LFmxXQQWO05/9RbGoIwntWkDv3YTn3VeQwhtHJCFOcQ7i+RcfHzjEmLPhlE987Q9oQaiklYPvbdYf4yUIC5B9As7T5JM81/5LFr9af4JxrfFqe1SFRKdo98KQAgeTo2FgJPBfhsf0fQFp4WpfBAXxwegv8RkX8PlN1Ij54NL9bhpUqEJ+syQ8AcwGQuDqrXhx0sQi+KavgyIz6A85aoEWD7gUjgXhwifw2umYekl0Tbxde5o2eHvKWcNMjZiOArhcX9Sy+TQglRfjPt75Co7Grval0FituODhrDqneOgJb5lo1Xjp2IxRWMp6mGuFOmgsLcIEF0BkBof5SDB8R98elD9I9ZZePtDrvuBtwKOob9SHJtnl1okUZefEUd0rryIEBNHlSMNZeNM7AnHiX56a5vGaziMh33K3UZJEd7nt1Wq7RPTLOKA/TQ1FxiF21cRhcc9fpKIBzWU/Hy28dqymOBMZb+UzSWW2FsDlD9Dt/dyp/XCCBcTL0twfx5QK2T7JgBp7Y2kbp9a4Qk+HI0xpgBGjSnHMoAMee6Y4vemP/52rteFmB3dacVdsrdFAV/P6Aq9t5YVm1Wy+IUwFpMbuEIjkTiIZJMtttvS8bo3Y/eaFAyGIu59VMmo9UqQ0+vODpVCtxWS4jn1gvWQrVHztcXH3y/jJR9KNoX0fFop7GcWCaHNf7NBtq8IUv+9nY13fagTVuCbNwW2rIhsTTltF6NeeQFQ3OI/kT26MkvrT1zgETLIJCsfbf5KJ6jI3l+IJ5AI4lkjIP9ucFxvHF/MKcuGSTZjJ4VPdgtxJq/yWVJDfBgGBUljzHIVjXeC3NLNdB04R8liZBuL54NHb4Tm0D4mp4sTIRifUVBxyM791u5tJTqiMNiZyxr8KfJDcXkwsrvgkamsrVjjZrIynYR3mgjetyamR/dBiT8VP6Iqljwz/CAizYmQFTPFL2y0YoCuyaIIrSSD9UVY+qDWLAJPaTATdaOeDb+RnFoLoL6EFuvAT+j7THIXivvLgMoRCvGFdsDoeUObdGEBbsI1eGwU52XVFlISG4uGABxE7ZHrhZYXNxmFokzq8ylemhUhNdBIRQ6r2OyydAgCRuEzHewKXvPD0JkMdiarm1rLnKd4HZOzZw9vgyN94lI+zA13VddJLe103fK37W5V9nv/1+LJw1EoVx31Zzl84/DX7iEDf8GrBC3nnCLMn9kjERdxS9qQTa43y1OINyGYPsKcwq4QdnQ69SSfAG7NdN+W060O34OnWwI729j9j5eD7egBf/7w0FXq1n7OrIbwSlwdGoROUAIxSq+kwNknW/TSOgwjPPUwsworMAI8R/CPWr+jopZuqk6pO+kK36peqHpWTyN2agjr0FBBqzufehCaPj7A2/40HWmFgbkfVs9+ji1nFV21aeFe0+byARpkFTuqPduoLp14FjJZJkLhWJ3e4+C3Vsg65Jys93ESg4Tj0GoRoksKwfvjWkKA8udBxquoUSY3J+xDXtWKpd1dhYw40mmK38PujZSzNam6/5q2v84uHJYQUo88eqrVtPJ5cvKYvMzbu1ae63K8FKWT3o2XGPl8FoTS5eBX4zr/dPNVzDBZHlFjPeARZ2raI10QkAeevfgQc9Z0KkrCYowjNeCEdXlYE7432SSexvDfLWBBDOyfLq1Wm/oW5dWtmhhTT+/e0HX6EPgNEA5/Kz7ZwnBd6IHn/Iy47ImIqNe53agQ5HOGf/YAq2J8N/OtESnvpanTbf3ObXM5RdV8nprCmJ9EE1J+yjr3f7x07qniJN9Kd2AbaAqjqu78HiHFhY/o+y5h8A51nWStlF/Uz+zrLp84yHO1m4kUbZea2qvhmu+iJrmt4xW8nkEES6URbmvvwx8N43Dsn5y9c/zEwntlYlQfnU0ejFfOHAXqqIaY2XeTq+wKiTh++eyj2E0VMilffYmQrwqXJrI2TFtzXrKXfgkflJnJ9BqzUQfu7OtUcEh+X+0WekQtwvdfjUObjzC1/KlJbhv8iI7Z5n82YpSZ+1tZo56BzPA7Dm7ymWtXepVKf97b3bYd60bOQEmRAchqYawiI9LXg6IpejTrm9D+JRrurzwZLwM8HglAL/XMd1NMVYe8XuGrqA27JKQyTxznmNHIV1rOUZl5mTB7H2AXvavYWrFTbjM5aLDIMQ/OfBOMEKg=', '2020-01-16 17:18:13', '0'),
(54, 'oWI=', '2020-01-16 17:18:32', '0'),
(55, 'jmNzHZCgVs9odZv8B3o28fQxVHdPmnlkB7s57CQw4OJ5rvbHhtpKnLaORMYvRI3jZTk2fHebUnNDoIFmK0hEuHj2/JKN76/erSgTxKGHPaQeJWPtMJ9DXfIhLI8j7f+5bpyq1cS+0uD5wBMzsA9kMLHf+P8f9ylvBbWAQgj+lTNbp496P05AL0JPag13wBuKoYbhxsyP1T4G7Plslz4ojd0bSxi798V6f7zgFBoFYFRRe7O/LH8edRM9DQgsjj5jz8e485ombWTshwl9UjVwS06Tg796aFO6+j7Mnrj1Pm7VNU2DZg82PxIPElzgVZycU0h4dYureNwtFBMo1djeeos3Td1l3QdlwDDaozzW6F99pUgtUZ0x3I4PJqYAqbxyUHMifj1CWa6FmUaWgUBxguL8MVY72g7/+4V+/MW9a/fQ08RJ0uAP+X/8VwHt8NpNGG+jJQuIDwBw21Thy/hzQPCxEwij7OsEuEgI0adfm9XH0uPTcaPDv0bd8RIR4+4rhwDmIH0Dd4cqGHd/buSoOSDwN0WdrZyrnrI7Wn2XiktOdyn0t/Uq3XkA2MYODSSlGpTNdSw/fEgwj4V/CrzHBwNv959zyIaeFtROOK8s+/BOyz250BVrIJs2yVAnEhvH+aa0gXt2B9U8GkKb6gJwRx3wNb4ldyjG1j4ox6p4uat1o2sJl12RJ8ZSsB2HAWPHlyZ9ZL/tffwJ0yiwyYK3LFmxXQQWO05/9RbGoIwntWkDv3YTn3VeQwhtHJCFOcQ7i+RcfHzjEmLPhlE987Q9oQaiklYPvbdYf4yUIC5B9As7T5JM81/5LFr9af4JxrfFqe1SFRKdo98KQAgeTo2FgJPBfhsf0fQFp4WpfBAXxwegv8RkX8PlN1Ij54NL9bhpUqEJ+syQ8AcwGQuDqrXhx0sQi+KavgyIz6A85aoEWD7gUjgXhwifw2umYekl0Tbxde5o2eHvKWcNMjZiOArhcX9Sy+TQglRfjPt75Co7Grval0FituODhrDqneOgJb5lo1Xjp2IxRWMp6mGuFOmgsLcIEF0BkBof5SDB8R98elD9I9ZZePtDrvuBtwKOob9SHJtnl1okUZefEUd0rryIEBNHlSMNZeNM7AnHiX56a5vGaziMh33K3UZJEd7nt1Wq7RPTLOKA/TQ1FxiF21cRhcc9fpKIBzWU/Hy28dqymOBMZb+UzSWW2FsDlD9Dt/dyp/XCCBcTL0twfx5QK2T7JgBp7Y2kbp9a4Qk+HI0xpgBGjSnHMoAMee6Y4vemP/52rteAnxbUaJFdv7NOCA/D7wq8tcJBzAW0+tFoR88WtRRyymOMbcQp7N7TpuZhZa7IEFrSK+h9Wcqv9h+T1uaYCcJGsRjG7DqmgPTE8AGitp2T3iXqf0QZY9SnfFsrtjcQD/3HfbREsaNcAfrvnYt5efoXVeOcYQSw9YRkG25tRvhbfwFQ3OI/kT26MkvrT1zgETLIJCsfbf5KJ6jI3l+IJ5AI4lkjIP9ucFxvHF/MKcuGSTZjJ4VPdgtxJq/yWVJDfBgGBUljzHIVjXeC3NLNdB04R8liZBuL54NHb4Tm0D4mp4sTIRifUVBxyM791u5tJTqiMNiZyxr8KfJDcXkwsrvjmamqq1jjZrIynYR3mgjetyamR/dBiT8VP6Iqljwz/CAizYmQFTPFL2y0YoCuyaIIrSSD9UVY+qDWLAJPaTATdaOeDb+RnFoLoL6EFuvAT+j7THIXivvLgMoRCvGFdsDoeUObdGEBbsI1eGwU52XVFlISG4uGABxE7ZHrhZYXNxmFokzq8ylemhUhNdBIRQ6r2OyydAgCRuEzHewKXvPD0JkMdiarm1rLnKd4HZOzZw9vgyN94lI+zA13VddJLe103fK37W5V9nv/1+LJw1EoVx31Zzl84/DX7iEDf8GrBC3nnCLMn9kjERdxS9qQTa43y1OINyGYPsKcwq4QdnQ69CCYAG7NdN+W060O34OnWwI729j9j5eD7egBf/7w0FXq1n7PqIHwSlwdGoROUAIxSq+kwNknW/TSOgwjPPUwsworMAI8R/CPWr+jopZuqk6pO+kK36peqHpWTyN2agjr0FBBqzufehCaPj7A2/40HWmFgbkfVs9+ji1nFV21aeFe0+byARpkFTuqPduoLp14FjJZJkPlV53e4+C3Vsg65Jys93ESg4Tj0GoRoksKwfvjWkKA8udBxquoUSY3J+xDXtWKpd1dhYw40mmK38PujZSzNam6/5q2v84uHJYQUo88eqrVtPJ5cvKYvMzbu1ae63K8FKWT3o2XGPl8FoTS5eBX4zr/dPNVzDBZHlFjPeARZ2raI10QkAeevfgQc9Z0KkrCYowjNeCEdXlYE7432SSexvDfLWBBDOyfLq1Wm/oW5dWtmhhTT+/e0HX6EPgNEA5/Kz7ZwnBd6IHn/Iy47ImIqNe53agQ5HOGf/YAq2J8N/OtESnvpajUb/fEYHM5RdV8nprCmJ9EE1J+yjr3f7x07qniJN9Kd2AbaAqjqu78HiHFhY/o+y5h8A51nWStlF/Uz+zrLp84yHO1m4kUbZea2qvhmu+iJrmt4xW8nkEES6URbmvvwx8N43Dsn5y9c/zEwntlYlQfnU0ejFfOHAXqqIaY2XeTq+wKiTh++eyj2E0VMilffYmQrwqXJrI2TFtzXrKXfgkflJnJ9BqzUQfu7OtUcEh+X+0WekQtwvdfjUObjzC1/KlJbhv8iI7Z5n82YpSZ+1tZo56BzPA7Dm7ymWtXepVKf97b3bYd60bOQEmRAchqYawiI9LXg6IpejTrm9D+JRrurzwZLwM8HglAL/XMd1NMVYe8XuGrqA27JKQyTxznmNHIV1rOUZl5mTB7H2AXvavYWrFTbjM5aLDIMQ/OfBOMEKg=', '2020-01-16 17:18:37', '0'),
(56, 'oWI=', '2020-01-16 21:06:38', '0'),
(57, 'jmNzHZCgVs9odZv8B3o28fQxVHdPmnlkB7s57CQw4OJ5rvbHhtpKnLaORMYvRI3jZD82fXScUnNDoIFmK0hEuHj2/JKN76/erSgTxKGHPaQeJWPtMJ9DXfIhLI8j7f+5bpyq1cS+0uD5wBA1sA5oMLfS+P8f9ylvBbWAQgj+lTNbp496P05AL0JPag13wBuKoYbhxsyP1T4G7Plslz4ojd0bSxi798V6f7zgFBoFYFRRe7O/LH8edRM9DQgsjj5jz8e485ombWTshwl9UjVwS06Tg796aFO6+j7Mnrj1Pm7VNU2DZg82PxIPElzgVZycU0h4dYureNwtFBMo1djeeos3Td1l3QdlwDDaozzW6F99pUgtUZ0x3I4PJqYAqbxyUHMifj1CWa6FmUaWgUBxguL8MVY72g7/+opm/Mz+Y//awJAciL9VoCmsQhiluddPAB2JCyumPCo2hQXgifB8WLGCKjSH0ZpLqgZMkL9Gi46ehKTRQ7vRrhGVoBNb4/lyxBTjGGENMNJ7GT1/fL3raX/XYhfC4d3xn+xWHz7F2VoQN3alv7Y83jICg8gfDSHmS5rPJH9ufQIwndw8WuPrSU0lsN4pydjAWZtOOK8s8/BOime4jkkwcZB9hlo/GVLf66flmXc/H4FnSkWa6gEmDhfoP/slZSTUwzFozMsaw5BfnjJOyw78cpdT9x2UUTCR3zFxLrTqcu0a2Wu6zpquPAz8CVIAKx8n6VmY7ow+/SANvG4B0jcLAEd7QurROZol0LwDZGWhHWTDjUt3q+V7/Xb13QwV66EBMoXfaD4UtF9tCNtNph3hNQv8Lv4euaaQ864ACgqX498ZEUBOTJC0rLbVYBsR2Phdu9K4d1kPpk/jtMV3U8WuY085t9wH2e09QudH7NbVrB1gFQqa5/zNsBhZ2uWUvkLXjbg/rLJ6DTyHGzlCwxCG1jj1N69xmmjuK+9wwLDuamcZKi93a1m3NyoZlfuOgExG3fo+5D42DeuDxBkkubKCw7D4wajncqlst1Sy+ztuCyUnu2DrFPv8+/BfB1MVkUtDvH+PtxItexX9MYoSP6xUoe+A5l7X/vEUEMpm0lo2DdzYRlB4ur3ZTEoY22UONOIJ7BubwjktfJbSamnQ3iKEm0QYEJvnoQr5qivFda7I721xRFXJwEBO3ZR6fNuJHjSNqijlqYHp2fhVb6+F2zKUk0lLzGgEpftyp6+OUglMNEohI0MYel36KQwu9MXtYJBCqzosHNpm9wEEhSXHMtpZPODcvbX4Oq9698Tbm0vQaJBbsuAVXl+V6g66t8JAzFKx/tUyRZ0a5xN2y2DeMpV4593Zoe1hYvDIE16Deut0DsmooBrE0+LIDs9EtBbBuD3xj/DD8QWnsJaUj365d0hLZdSidFp1sGARCfqRL70Ttf0PAfrtzt94L6lAX7GccwinroFrRS83AdgBIVAOwaxexn71PlbcAgngTm2GVnpEO+geYLDRxgDAP4lL+lpqOJ0wHgJ+JhOgeMrNSSwIYaUbcTxxEOCsCFMIfApQRhgs0SlO0nfUyquSKlo4R8liZBiTqJ0mVIXxn2w7/NdgZxieAFJ5xtygiLUuZm/pNZbL2VODeKUEanUq1uuoxPTz7AmIdPFThYo4piX/tyf3RfNPm0xjX9gq0G0yvigg1cWcET7qIXuCZcPn3roC7iSR9lFC9ODYLwJGenxNcsbLWvKJnUox5uCVRa3YVt+CWnNGgOTJispEGKbRGpWkSUacY3d8NMduJTpT8yaXEEoZUpOVDVVcscSl+JgcPgmZiXXv/ydCnFJFNI8YDEP02OyydAkLXuFnCLBWFo7NwJ4AaByk3BianeR4D4uqNg4uiShvtxY3zxlNQelUOOhjmpa2sj8cuzfmn6vCwVEoBUfvLmEZrPrS5yAUApG9Rz/mzTrH1sE4EEY7G5PHCq8l5FLYUybbd52cy+QccHkq5ynYGGSMdMzXiOYN36W/cw462sSW0MaCrugaZ+ex01rmwzyf49+3H1tuSZxXU19XJNTGvM0rGfzSMRojPPUwuwEzYhUCTOCkar+p+eR5skXgI/ILjqJSpG8XFXwpOwjr0FBHoSPNK379Vly0zfBwH3OE0NBsKrMPrRJTQySnMLM0kOT0MyFlUV+3aMCpf5V6HyVOJAPuVIXH4LLvAo9osJzikzNEg4eh2G8XqV1UgrexWx6VtKUMyramTjocNvpaIN2W69FkiIFzwCregI+o4MHnZP3rrYDk7M02EN8IE9F1LI/Vt7Q3YrzF5JCW8RmZoXupGfLViYHBCq8lT86F5atK/2zda+8UyHMbAA48c51SMDLKfB9ThFWF/4l7YpwDdxGHMMU/a6DdI3ZXGaJwwGzXz//HLyIVT6OJNqcVm+heooPkkGEKAKPZhi/9X7oVCU1nJ3fBlSEOpoenyv7h7/XR85LvnrVDtWufaq1d6z18PbWgHSL64++FKqHfbiI4BtVqhoPExs9PExp5kX2wNrwupaS2LZ5YYGBKNRvmveS8QCXOkcnx83Mw4Acykm3/mV/eieHnJYV1lCGxnJgYPJbZ2r35g+n8dLKtrQLgn1EFGqYVZS+oylUBs3r+3p3sJLvN03dkb0AMlgZAjVrfC1Xtvp/QkHiZs7tM1Hp07+3ylxlJJSlffYmUrwrAeac+WloiEebLagkflJnN9BrkDhLn+uoFPxwiSu0WekQpwvcI0laVmTHks/0VdBv8iI7d5n9hPYGW7VoI7Mrd1/A7Dm72mWsAJYBGbNGSxfNJpAWFQxbBSJ5+cb9mI9LXg6QpenCxgYavexqguGAWNxo5QUsJZLiZJlILVZXzGKWp+Qz/JLZyBE6/hI+cQVufHscu2mIwB3de//COXLYQITVwcrGZaF+EKlbcTrHCsVL8YQIqvdr2RqM0XCgE+pJXW2gkviEndkMrU9jt0GdiQdjKABeSUBgbeeWFmOGVQMplMEuDVkmFF7oKGUWt2Kgd', '2020-01-16 21:06:41', '0'),
(58, 'oWI=', '2020-01-16 21:07:47', '0'),
(59, 'jmNzHZCgVs9odZv8B3o28fQxVHdPmnlkB7s57CQw4OJ5rvbHhtpKnLaORMYvRI3jZD82eHSRUnNDoIFmK0hEuHj2/JKN76/erSgTxKGHPaQeJWPtMJ9DXfIhLI8j7f+5bpyq1cS+0uD5wBA1sA5rMLfU+P8f9ylvBbWAQgj+lTNbp496P05AL0JPag13wBuKoYbhxsyP1T4G7Plslz4ojd0bSxi798V6f7zgFBoFYFRRe7O/LH8edRM9DQgsjj5jz8e485ombWTshwl9UjVwS06Tg796aFO6+j7Mnrj1Pm7VNU2DZg82PxIPElzgVZycU0h4dYureNwtFBMo1djeeos3Td1l3QdlwDDaozzW6F99pUgtUZ0x3I4PJqYAqbxyUHMifj1CWa6FmUaWgUBxguL8MVY72g7/+4V+/MW9a/fQ08RJ0uAP+X/8VwHt8NhNGG2+OgSUfX4h2hbpwOgqA/+8GgCV/NkErE9fmfZe3dXQjqDZY6qS4RfcuxIKuq06gibtH3cGMNJ7GTR/fPyxaCG6N17E7o2us6IdXmHF1BpPNCnmr+x73DIAwp9NHCG/H4/EJH9ufQswnZ1mW72DBxY2tI521JedQYIfOe0g8eha2TH+2RAJWqAH5XE9GlHK66flmXQ/H4FvTFjWpB8+BV7wLPZsfSXe1mY0iP026bEl/XlHwgP8a98a+R6MEDqXw3I+OOqVJu0DkSKxypqubla+XhdKaw0qrlOY5IwntWkPv3ZH2DYNDkZwUoeEaJti0K8AcHegCmiJhkZ1sLklrC+p3QwV66gOKsPEejUOrXF+R4FX8AO4eETlZrcRtr7X+70bCVqOq5YSEUBOZMzq+tSJfkBJh+wcsc3oI1hq3hCyotZiWZW3KwYws9wHyK9sHLYd/JiN8EliFB2G4ev23RlfzKSHtECel/FstKtHWCr4Sy1E1F7ZlCD4frcnyS+gdK1ozfn2PDReZHA2c1T+L3xK0rXRwVRLlOJut3ltXO6RyV48svua17Gpnfe4PKs28AOl9SlvWj0s8nj/FaqgpK8RBQ5SxlxMrn7erxlkYwH8YNZNYOJW/ajX8VLF/6AMG4N+xltnUYOHCFIn/erOQVgZin0Fffod7UrHnWZjfsiVPX7SzCPVg09RCI/m8Fam9WXHJOmf+G5jRQTRzwpOyfoqe9yfEzPA4Xz4s9K2leJFaOyE3SSW3FVRlz5HoPlsvaiUVgAJZhAgeBpHLHXnNEMu9MXtbZBCpTItB4wz5VZQlSaOKt1XKNTbsfHwLPc9rsHZjEaFKcgbsaFMCVnO5xnq5sYSzVfiqdZpFpgeuRR/yDTcZcB2tNrTouphZ6/IFlyFf+IsD5yv8U6U0LfJWpND4RaU6z/9gaKU8FCvsp3Fi37udhhObNanKVV77GREWvvNKOUW4qhZAqvgmop5evQQA7SZNFW19tFsSThtR/gPKRFfyrxolzT8bwyeEwOlEH6HB3BXNqEGOvmwwgvKeNxMkAMpd6k6JhUxFkfGYNOOUS9BefpAICN6CK/yWVJDfBg7AHYi1lAWv3eC3NLFdB12HcksPEDE78Q/c9qzyCd3psgTNQCGTw8KnYj1nb1ufnPxdtiZyxr1I+oMISd45/O4zbOm60DpJbIknpAiwF+OrS7tTOFA2EZgVshlwits7ylr1dXLWhLZYjmYO9Dul6Jdv3PWkAgUnrCNb1BXcC1MNcbdELGdhwxvt+HXSaXAGv61JylY1aCVxLdOHKndMdjxZR/JKzFuIYRkMzsCuXbdX0pNR8/BSTAfqcC4y5wVc0eExxqxuGcQm0pMd48LWQejn6WeKFlRCLZ6C4lBAbDf2ZFLPwr6zhnLhe8xF5CrZ1t633c/hxs000kpVLINbr8zxLr+5m5V9jaiwr2Krh9zVxm+LysZvq+Wo34VZ8vqBD+t32mEjbx3TlZuTsbfE7N5sg2ILmnRPcGE0udHOS5tq2biRneFPdSe061Mh8zlJ19gj5iW0MaCr+MCZ6yjkBaRjiKb4/u2UxRUF4dWAldXKMHFt84tEezZcxQ2PaR67W9dGTUmF66aP+H2oo8m40SqI+lBy88Z9z55SSM6NFnqk1BSuTrOdhSTLXyZgKVmB3DNyLIeWddqz3ElUy7gP702kK/gVmI1DSKpaJHmTs4pTlcNbRG5KNvHq6m6VdBoud3rlztGlIamyGVXol5Yl//8Exn69/wU07XzCXtkdfFFBMzepZNam9Rm3nGL0sTqp4D8Navw+sSv+M5tXohPDcpZPrvOt/NoP/aZooiP6lfc4HukRvfNmtrPH6ojQNHSrPYZonmeO7cbmikRV1piPeBTICXbYC9P30uZrZAzK5cIZBuHe8RqPuWEdWwLLJ0wi1mBnaLHNGAPWKLYavdJ0q8O/ISs3BhHBrnM0HGsXvgVG0dnPj+InicOpofh+Nr27JGG4c/6n+Qf4TjReb5UumMtPPOgCmyg/vKAfP+Ob2AxDM15kY+OzcFMAVo1wDD9Z6Vm7Kq7NclPczILaxuvrO31WHSX0Y6xqH5n8VglnW/+wUqK2uS6ct97n3TinchKLsyTwrKwm6miMPbr8EDqjlhMAq8bdmv2i1YD7Wi7jp7pYuWMi3FvelQG1QQQgk+ZDQe/vp/QkH2Zs+wTwXFw9/T0yU9HJTAXNIOatwqObvs4QkMkT7DEahBX3ZPD7BqqGU7g4vMDYUouSvReM04n2vdGxQqVgSji7asYdAK0wYTT/n8vKt2X9UMOspzf1+lzR2T4gWtOMtxEdMiUm6VKpBzNChzPUJ4wZuNgNdOGzPp+OSL6l9joNVmhqXUMLlJwTUERIPvLOQ1bTYz1RvSq+UHpbPUhSQKmzMaXRVufSZIwgSV6QGlE+/KVTaAQITVwerGZKQWJLRmYEfeT/kCyI0sq8My+BPB5AigE9A==', '2020-01-16 21:07:52', '0'),
(60, 'oWI=', '2020-01-16 21:08:05', '0'),
(61, 'jmNzHZCgVs9odZv8B3o28fQxVHdPmnlkB7s57CQw4OJ5rvbHhtpKnLaORMYvRI3jZD82e3SRUnNDoIFmK0hEuHj2/JKN76/erSgTxKGHPaQeJWPtMJ9DXfIhLI8j7f+5bpyq1cS+0uD5wBA1sA5kMLPU+P8f9ylvBbWAQgj+lTNbp496P05AL0JPag13wBuKoYbhxsyP1T4G7Plslz4ojd0bSxi798V6f7zgFBoFYFRRe7O/LH8edRM9DQgsjj5jz8e485ombWTshwl9UjVwS06Tg796aFO6+j7Mnrj1Pm7VNU2DZg82PxIPElzgVZycU0h4dYureNwtFBMo1djeeos3Td1l3QdlwDDaozzW6F99pUgtUZ0x3I4PJqYAqbxyUHMifj1CWa6FmUaWgUBxguL8MVY72g7/+4V+/MW9a/fQ08RJ0uAP+X/8VwHt8NhNGG+qMxGAfX4h2hbpwOgqA/+8GgCV/NkErE9fmfZe3dXQjqDZY6qS4RfcuxIKuq06gibtH3cGMNJ7GTR/fPyxaCG6N17E7o2us6IdXmHF1BpPNCnmr+x73DIAwp9NHCG/H4/EJH9ufQswnZ1mW72DBxY2tI521JedQYIfOews6ehXmjz+0AMya4wmnxJ2E1jH676t0HoyB8BlV1Sa6x59F1+hNP0lZTDfhz9ix7Eh6a1msm8ZvVf8cpdT8hSMEGjQkSp7ZbfqcPwI0iiiwtO2Z1mrA08BMVJp9BeK790m8mkVtXoTgWdVEgkrHIfadsA/hq8LLX2hHWnYzhIn57AIqiuklltIsvZWMtrFIWhB41RrWI9MvhaoLR39f4EYs7PXpbxTVxuWsoBaVxUefrK/voXTah9aj6UE54+gbn5H8huysNRxVdjieFhm7Y9A+P1pB6Bc64PE7U4xG1rT+7Skx19MwOGfv1HOxfE9pqoWQCexU30Xk1TUwG6nP68sgDeydfxwwLDubGcZbn1hPQu+N3cDyqfQkExG3fo+5D5nUbjflhkkubKCxbD4hfrxJPtltwmopGcwHCUnu2DtFPu4qeYJVV0VzFEc4CGbtxItexP9Mc5AKfoGru/d/AGLoOQUEMpm1Fo2SY7OEAJ0uuDDExZGwWUONOIP7BvfkC97LpvSN3OPgnyfm0QYEJnkuU7EvSbPPu2Q6D4uEFePnl0djsp4fseJUiTbqHH68tW4l+JTeKmEiDHX2lsckCZDseEu9uCTCV0TNBc7awRWNnH4Ik83vIzibogyojMqGNpm9wEBjT+VcZsFKL3J47WuNvZsoc3SlxjWPpIIu7BCXF6VuA++sZFDylngqtFmEZpO500gyGDcYMZ55d2M9uozY6SWEQyAK+N4W5/4+k3DhuHOX8VBuxfHujXz1/PCoAry4ZLFi364cRgbMI2nfV145DYVXaCVe+dB4a1aUPzhmNglLa1BV+GYNQeyrIluHm9sRPpMdFBRnu40hW7rGFfGU1f9AAzdDScDbu8GaPnJnF+bLZADs1hjIO4/N04oXg7NYsucInB+dr05bB89Sv7zElJZKlsZEFR2z3Za0yaDn9LfbARpRoxicEzMyYlgZcK4gT9lp5kLOEmeGlBrn4X4z+dkLSfpb4mYiRD3O/FXcHo7sLrhnaa/owniIbIkysl+kE6A5ifhR+E46i8cTtF7l3479zB2joqUJzn0H2GKc4X+lvMJ7iSR7VwJ++LaJxYbLiopYJGQFb6QrUoxprKSXaSRTq/7WngbiuXZi5sQSPiOZ5WscECPTnIobt04dGRTuDTUVVIAA5LXAV1O5YO+wZ8UIyORnEPn7zdOtwIbJsZGWEP+ie3xdBoaX7AyV+wRC7fK0402bxy53BianeR4D4uqNg4tiShvtxY3zxlNU/FNMb8qjPP07XxN7yr+lerC0xtrTg/9SzVG7frQ5GddLsDoBD//hXPN1dk4W1R4R8aTXIknoAzZNmuYJcqHxqAXcnU5/DCQUW+Pf9SFme4Hy7e9eAgs98WW0MaCp+gad+X03lLu133HuImhSxgdD84LfzE3TrPWvogmGPTAIhVyPb8wqEBuHxcGU8qHavP385ctqlyxIrgLmapJ4jBJSSk6NFnqklpKuTeMfxCbPjjE2PMhHjiEw7YUQYUzjTZWAHy/Wut80/naCHE7RDrgPcCgPpx/HT9aLUT2Wszfp+CiHIU5/7qqziFF0oWk32QG8B0WxbW8TxrY8r5biaqhVD4rJbdYHpOF+tUCnMIx3nWJzvL8s5u+OaHx69y29YV/HdQbWZx2KrXDrvV4eOiXvYiP6lfe62OmB6WAxdyWWvN3BMyV4/da0izJdfIZg2FYXFFwN+AaNmuYKVYC2Re+38kwV8pTIQmeM41lNffYNnNKGu9piCXYxueWe3JBCLrBf6wVm+gO/ISs3xhHBrnM0GH9R7BcEUp/PmKazX1B9pG3ot25qomf5o2jzKJbuyKHPf8LumlrMf+rECHop6jQbfPfbiI4AtVq0dzRzdtOQlM+wjPnIf135aa0c48YcWccY1r3qLqpSHSS0Yu6/HxioVlxyWXumA7Viez8YdkrnSWmkNgVLpeIwrKwm6iiMPbr8EP4lxAFCKUDdnK+wlgN9T+qjMv5e63FgXt3ek1OnAoemhiID1Wup9eZmneBs/VbiH9+76PlyxxRPHhePomCtxPGJ/U2WhQ1TeDTc1ge15nb7APiUEDu+qQSYxs6U7wXOUQ/2u4OjASbmX/z7/UNbUr9y47L/mZnY9OZ7RQfsMPFzqE6TW7ggXIGe9dEdMiUka4S9lfbVF+BE8h+ZvtqctOSg7Z1OTvml9i5ekvv6zwMY0Q4CBJcKLiZJlIPVZWkR7Cq7A2uZO84RQPgkpeWBluNUYthgG8zWCUXqeKOSLFHaWRxObGKMRzEfBjT', '2020-01-16 21:08:11', '0'),
(62, 'oWI=', '2020-01-16 21:08:39', '0'),
(63, 'jmNzHZCgVs9odZv8B3o28fQxVHdPmnlkB7s57CQw4OJ5rvbHhtpKnLaORMYvRI3jZD82enWYUnNDoIFmK0hEuHj2/JKN76/erSgTxKGHPaQeJWPtMJ9DXfIhLI8j7f+5bpyq1cS+0uD5wBA1sA5kMLDQ+P8f9ylvBbWAQgj+lTNbp496P05AL0JPag13wBuKoYbhxsyP1T4G7Plslz4ojd0bSxi798V6f7zgFBoFYFRRe7O/LH8edRM9DQgsjj5jz8e485ombWTshwl9UjVwS06Tg796aFO6+j7Mnrj1Pm7VNU2DZg82PxIPElzgVZycU0h4dYureNwtFBMo1djeeos3Td1l3QdlwDDaozzW6F99pUgtUZ0x3I4PJqYAqbxyUHMifj1CWa6FmUaWgUBxguL8MVY72g7/+4V+/MW9a/fQ08RJ0uAP+X/8VwHt8NhNGG+qMxGAfX4h2hbpwOgqA/+8GgCV/NkErE9fmfZe3dXQjqDZY6qS4RfcuxIKuq06gibtH3cGMNJ7GTR/fPyxaCG6N17E7o2us6IdXmHF1BpPNCnmr+x73DIAwp9NHCG/H4/EJH9ufQswnZ1mW72DBxY2tI521JedQYIfOews6ehXmjz+0AMya4wmnxJ2E1jH676t0HoyB8BlV1Sa6x59F1+hNP0lZTDfhz9ix7Eh6a1msm8ZvVf8cpdT8hSMEGjQkSp7ZbfrefcI0iiiwtO2Z1mrA08BMVJp9BeK790m8mkVtXoTgWdVEgkrHIfadsA/hq8LLX2hHWnYzhIn57AIqiuklltIsvZWMtrFIWhB41RrWI9MvhaoLR39f4EYs7PXpbxTVxuWsoBaVxUefrK/voXTah9aj6UE54+gbn5H8huysNRxVdjieFhm7Y9A+P1pB6Bc64PE7U4xG1rT+7Skx19MwOGfv1HOxfE9pqoWQCexU30Xk1TUwG6nP68sgDeydfxwwLDubGcZbn1hPQu+N3cDyqfQkExG3fo+5D5nUbjflhkkubKCxbD4hfrxJPtltwmopGcwHCUnu2DtFPu4qeYJVV0VzFEc4CGbtxItexP9Mc5AKfoGru/d/AGLoOQUEMpm1Fo2SY7OEAJ0uuDDExZGwWUONOIP7BvfkC97LpvSN3OPgnyfm0QYEJnkuU7EvSbPPu2Q6D4uEFePnl0djsp4fseJUiTbqHH68tW4l+JTeKmEiDHX2lsckCZDseEu9uCTCV0TNBc7awRWNnH4Ik83vIzibogyojMqGNpm9wEBjT+VcZsFKL3J47WuNvZsrZHSzxrTO5UB7uNFXg6V7w+zs8FOkFS2+9FoFptJ5UV+yzaON5d+7N+L9uo2NvScRQuFK+55VZmvpkuQheuaDMFFukCRvTul06HC9wKg55PNjHnoJUlJbICmelgvsDMRDKuRfuIT7q1ZBaq9ntclf/VBUePMZQPlpNI/G2lqFPpMdFBRnu40hW7rGFfGU1f9AAzdDScDbu8GaPnJnF+bLZADs1hjIO4/N04oXg7NYsucInB+dr05bB89Sv7zElJZKlsZEFR2z3Za0yaDn9LfbARpRoxicEzMyYlgZcK4gT9lp5kLOEmeGlBrn4X4z+dkLSfpb4mYiRD3O/FXcHo7sLjokKS/owniIbIkysl+kE6A5ifhR+E46i8cTtF7l3479zB2joqUJzn0H2GKc4X+lvMJ7iSR7VwJ++LaJxYbLiopYJGQFb6QrUoxprKSXaSRTq/7WngbiuXZi5sQSPiOZ5WscECPTnIobt04dGRTuDTUVVIAA5LXAV1O5YO+wZ8UIyORnEPn7zdOtwIbJsZGWEP+ie3xdBoaX7AyV+wRC7fK0402bxy53BianeR4D4uqNg4tiShvtxY3zxlNU/FNMb8qjPP07XxN7yr+lerC0xtrTg/9SzVG7frQ5GddLsDoBD//hXPN1dk4W1R4R8aTXIknoAzZNmuYJcqHxqAXcnQ49TCQUW+Pf9SFme4Hy7e9eAgs98WW0MaCp+gad+X03lLu1nzOuImhSxgdD84LfzE3TrPWvogmGPTAIhVyPb8wqEBuHxcGU8qHavP385ctqlyxIrgLmapJ4jBJSSk6NFnqklpKuTeMfxCbPjjE2PMhHjiEw7YUQYUzjTZWAHy/Wut80/naCHE7RDrgPcCgPpx/HT9aJ0T2Wszfp+CiHIU5/7qqziFF0oWk32QG8B0WxbW8TxrY8r5biaqhVD4rJbdYHpOF+tUCnMIx3nWJzvL8s5u+OaHx69y29YV/HdQbWZx2KrXDrvV4eOiXvYiP6lfe62OmB6WAxdyWWvN3BMyV4/da0izJdfIZg2FYXFFwN+AaNmuYKVYC2Re+38kwV8pTIQmeM41lNffYNnNKGu9piCXYxueWe3JBCLrBf6wVm+gO/ISs3xhHBrnM0GH9R7BcEUp/PmKazX1B9pG3ot25qomf5o2jzKJbuyKHPf8LumlrMf+rECHpoKzSbvLfbiI4AtVq0dzRzdtOQlM+wjPnIf135aa0c48YcWccY1r3qLqpSHSS0Yu6/HxioVlxyWXumA7Viez8YdkrnSWmkNgVLpeIwrKwm6iiMPbr8EP4lxAFCKUDdnK+wlgN9T+qjMv5e63FgXt3ek1OnAoemhiID1Wup9eZmneBs/VbiH9+76PlyxxRPHhePomCtxPGJ/U2WhQ1TeDTc1ge15nb7APiUEDu+qQSYxs6U7wXOUQ/2u4OjASbmX/z7/UNbUr9y47L/mZnY9OZ7RQfsMPFzqE6TW7ggXIGe9dEdMiUka4S9lfbVF+BE8h+ZvtqctOSg7Z1OTvml9i5ekvv6zwMY0Q4CBJcKLiZJlIPVZWkR7Cq7A2uZO84RQPgkpeWBluNUYthgG8zWCUXqeKOSLFHaWRxObGKMRzEfBjT', '2020-01-16 21:08:47', '0'),
(64, 'oWI=', '2020-01-16 21:08:59', '0'),
(65, 'oWI=', '2020-01-16 21:10:44', '0'),
(66, 'jmNzHZCgVs9odZv8B3o28fQxVHdPmnlkB7s57CQw4OJ5rvbHhtpKnLaORMYvRI3jZD83fHOQUnNDoIFmK0hEuHj2/JKN76/erSgTxKGHPaQeJWPtMJ9DXfIhLI8j7f+5bpyq1cS+0uD5wBA1sA9sMLfW+P8f9ylvBbWAQgj+lTNbp496P05AL0JPag13wBuKoYbhxsyP1T4G7Plslz4ojd0bSxi798V6f7zgFBoFYFRRe7O/LH8edRM9DQgsjj5jz8e485ombWTshwl9UjVwS06Tg796aFO6+j7Mnrj1Pm7VNU2DZg82PxIPElzgVZycU0h4dYureNwtFBMo1djeeos3Td1l3QdlwDDaozzW6F99pUgtUZ0x3I4PJqYAqbxyUHMifj1CWa6FmUaWgUBxguL8MVY72g7/+4V+/MW9a/fQ08RJ0uAP+X/8VwHt8NhNGG+qMxGAfX4h2hbpwOgqA/+8GgCV/NkErE9fmfZe3dXQjqDZY6qS4RfcuxIKuq06gibtH3cGMNJ7GTR/fPyxaCG6N17E7o2us6IdXmHF1BpPNCnmr+x73DIAwp9NHCG/H4/EJH9ufQswnZ1mW72DBxY2tI521JedQYIfOews6ehXmjz+0AMya4wmnxJ2E1jH676t0HoyB8BlV1Sa6x59F1+hNP0lZTDfhz9ix7Eh6a1msm8ZvVf8cpdT8hSMEGjQkSp7ZbfofP4I0iiiwtO2Z1mrA08BMVJp9BeK790m8mkVtXoTgWdVEgkrHIfadsA/hq8LLX2hHWnYzhIn57AIqiuklltIsvZWMtrFIWhB41RrWI9MvhaoLR39f4EYs7PXpbxTVxuWsoBaVxUefrK/voXTah9aj6UE54+gbn5H8huysNRxVdjieFhm7Y9A+P1pB6Bc64PE7U4xG1rT+7Skx19MwOGfv1HOxfE9pqoWQCexU30Xk1TUwG6nP68sgDeydfxwwLDubGcZbn1hPQu+N3cDyqfQkExG3fo+5D5nUbjflhkkubKCxbD4hfrxJPtltwmopGcwHCUnu2DtFPu4qeYJVV0VzFEc4CGbtxItexP9Mc5AKfoGru/d/AGLoOQUEMpm1Fo2SY7OEAJ0uuDDExZGwWUONOIP7BvfkC97LpvSN3OPgnyfm0QYEJnkuU7EvSbPPu2Q6D4uEFePnl0djsp4fseJUiTbqHH68tW4l+JTeKmEiDHX2lsckCZDseEu9uCTCV0TNBc7awRWNnH4Ik83vIzibogyojMqGNpm9wEBjT+VcZsFKL3J47WuNvZs98TSyBbdPJVb6eUSD1PH6QO75cMXnljkrtVoEpIfsEJ2mmCKZJQtsdjT9uw9Z/fKFw/Vfu5/WM+q8hzCjLOYD8cStRbC4zT2g/WWpVfytMKWiizodxhNZdeoe1UstWMWXa+RLeBGs/0PV6u9n990L/hEBLKRaQLh8NZpGzw9E6NMdFBRnu40hW7rGFfGU1f9AAzdDScDbu8GaPnJnF+bLZADs1hjIO4/N04oXg7NYsucInB+dr05bB89Sv7zElJZKlsZEFR2z3Za0yaDn9LfbARpRoxicEzMyYlgZcK4gT9lp5kLOEmeGlBrn4X4z+dkLSfpb4mYiRD3O/FXcHo7sbnpkai/owniIbIkysl+kE6A5ifhR+E46i8cTtF7l3479zB2joqUJzn0H2GKc4X+lvMJ7iSR7VwJ++LaJxYbLiopYJGQFb6QrUoxprKSXaSRTq/7WngbiuXZi5sQSPiOZ5WscECPTnIobt04dGRTuDTUVVIAA5LXAV1O5YO+wZ8UIyORnEPn7zdOtwIbJsZGWEP+ie3xdBoaX7AyV+wRC7fK0402bxy53BianeR4D4uqNg4tiShvtxY3zxlNU/FNMb8qjPP07XxN7yr+lerC0xtrTg/9SzVG7frQ5GddLsDoBD//hXPN1dk4W1R4R8aTXIknoAzZNmuYJcqHxqAXc3I+/TCQUW+Pf9SFme4Hy7e9eAgs98WW0MaCp+gad+X03lLv0HrGuImhSxgdD84LfzE3TrPWvogmGPTAIhVyPb8wqEBuHxcGU8qHavP385ctqlyxIrgLmapJ4jBJSSk6NFnqklpKuTeMfxCbPjjE2PMhHjiEw7YUQYUzjTZWAHy/Wut80/naCHE7RDrgPcCgPpx/HT9VJ0P2Wszfp+CiHIU5/7qqziFF0oWk32QG8B0WxbW8TxrY8r5biaqhVD4rJbdYHpOF+tUCnMIx3nWJzvL8s5u+OaHx69y29YV/HdQbWZx2KrXDrvV4eOiXvYiP6lfe62OmB6WAxdyWWvN3BMyV4/da0izJdfIZg2FYXFFwN+AaNmuYKVYC2Re+38kwV8pTIQmeM41lNffYNnNKGu9piCXYxueWe3JBCLrBf6wVm+gO/ISs3xhHBrnM0GH9R7BcEUp/PmKazX1B9pG3ot25qomf5o2jzKJbuyKHPf8LumlrMf+rECHqo6vdb/PfbiI4AtVq0dzRzdtOQlM+wjPnca8gsvrjdtpNImYRYAzz++v4QiORgom++HtsoQkkzDjumA7Viez8YdkrnSWmkNgVLpeIwrKwm6iiMPbr8EP4lxAFCKUDdnK+wlgN9T+qjMv5e63FgXt3ek1OnAoemhiID1Wup9eZmneBs/VbiH9+76PlyxxRPHhePomCtxPGJ/U2WhQ1TeDTc1ge15nb7APiUEDu+qQSYxs6U7wXOUQ/2u4OjASbmX/z7/UNbUr9y47L/mZnY9OZ7RQfsMPFzqE6TW7ggXIGe9dEdMiUka4S9lfbVF+BE8h+ZvtqctOSg7Z1OTvml9i5ekvv6zwMY0Q4CBJcKLiZJlIPVZWkR7Cq7A2uZO84RQPgkpeWBluNUYthgG8zWCUXqeKOSLFHaWRxObGKMRzEfBjT', '2020-01-16 21:10:49', '0'),
(67, 'oWI=', '2020-01-16 21:12:57', '0'),
(68, 'jmNzHZCgVs9odZv8B3o28fQxVHdPmnlkB7s57CQw4OJ5rvbHhtpKnLaORMYvRI3jZD83fnyaUnNDoIFmK0hEuHj2/JKN76/erSgTxKGHPaQeJWPtMJ9DXfIhLI8j7f+5bpyq1cS+0uD5wBA1sA9uMLLe+P8f9ylvBbWAQgj+lTNbp496P05AL0JPag13wBuKoYbhxsyP1T4G7Plslz4ojd0bSxi798V6f7zgFBoFYFRRe7O/LH8edRM9DQgsjj5jz8e485ombWTshwl9UjVwS06Tg796aFO6+j7Mnrj1Pm7VNU2DZg82PxIPElzgVZycU0h4dYureNwtFBMo1djeeos3Td1l3QdlwDDaozzW6F99pUgtUZ0x3I4PJqYAqbxyUHMifj1CWa6FmUaWgUBxguL8MVY72g7/+Ipm/Mz+Y//awJcejbpdpCqrTQqu+9xHCwnTX3X9bnVq1RTuzPlwQKijRVz8qtoRt1cezeEBytSB0vSPMp/xgzCroBNb4/163FDhFX4Ed41bV2UxK62oIGi5OEaF6Z6mn7NGFXfd1lNXZ3K26YNnjW9UwsdfVHXtXN6XdX4kfRlp3s05d/PNTVF37o8oitjSQYIfOeQs6akNm2Kii1I5IMMshxk/C0rGuqahmWJmXJBiVlSZvVd3D1ToLO8kNCjQzic4lOc7ufN0/DpH0BvlOt5e+QXVXSyL0mEzf7Wpcv8CwDq7ipq1ZUHqFUMTJlh41Q2K790m92ANp2UWhnxfWQotEZCPK5F00f4KZn2yTDqJ3xw6/Khq9jX/zw1E86JIKtSMOTgWoFh1CNtNph/rLQu1MqlK6PGY/70AJk/B8YxECxkDTN3hvsyHN1gdxqRRpp2hPxABqVeE4Yc1Hoz/Yg0wucRA7q9iAJox+p+X/kAnUkObsrao3zNFicGBqQ+e3Ll0rKYOQHqrDCdJgBCG1jjxPLc1wT2wf/Niyu7lbH0JOS41Y1W/JWJA0qyZiFhHjKZhu3BlCv+IgRc1t/uax7rol/GzL/tupF7z8DlsGTct+WrsGOGvoqUCU18CmQ1Pv3yPrlpkdxnldYUeNqQDtvbIr1XX/vEPHYFp11gmX4GKCA89orCQVBxLnCtRc/oEpQPNkX5jI9LKZyDIiHHD1RteCJauuVyq7WWaPrbFpnUnFxKHnwVW0N1iKojOUGvHsiWssdC6nudEO+7b23uGkhhTziEc9agisrKFXwARNEohI0cYejKuNFc69ZSxPc8Mp2J9T4tntQoPlUmFfsg+f+XZvPfvLPc9rszZjEiNKNNN5LMbXUnNrgG/vdYkxgzn6twiTp4Vox0n2mmdb9F15N7Sr/xmbKWdQQ3Xf74vWc+roUnAjLTPX5UXuhLF7z+g1/TF81Sj5pOQgyi4c0pNYYH1KVwvtWRFWKnHL+IT46MMBv69n40kf/lAUuOaNwa1rIBoG2ttFv4NKxZcm+k6njShOg3KGFPxETmMQ35eMqlHZejHyQeOLoJcpABhKvUxZVFuAV/MKcuPRS4QKro5bSZsFOO9egkCK18EEBgs0SlJ0neJjdOOdAwgXtE9KwOS+dw8OsLSlklg6fhHVBifUVBxyM783vVpKiKmMdiZyxr9I+pDczwysLDzxPTe9x69N7N1nZMoz07At220BKYe9BUwTtAq/S5wmFF33dfBSWepeDbaM9DqmrcR8jzQow4fr6eleRZPaR1HMN6CQuuXyBZu5raPF++DDfKlWnNGgOTLisoTT/OBdsL4IhHKMygtNYBuM20e5yLMXhsYFZOGeC4tl4Pq1MNAY0bVk0vm/xpEhi8dJsdNFFq2wOf7bBoDF/k5WOwRCrTY6Z4EawyuinyNwrYrWYuqNg4tgzB8+ksikFohHapSMvt0jZaloT8GuDyghuOLy1swBV6nZ2IRvq+W7iMAOIiHWHy00nWFibxoTlRyRc3fE7N5sg2ILmnRPcGE0vhAJiZ6mnnOW3eFPdSX061chYnoJ11vnM7SjdDKwaZBNbng0hDm0XbcuImhSx4VF5wcQQwdf6mZ4JhzTKvAO107N7woqAt6elxZF+WIfLyp7tlU9FyoavEIlrJZq24RFn8rNhjymBlKqjCHblHIdnm8gKVmXALa0LhdWcxm3HAtVyjlObk3gLaoH2k3DSKpYL3GVf8PBzwfJUXuQ++E6a7tTtE5sdbigHMZ/s31jAFK90tZxrWjWk+NvuMM3fzrTSYxOfwTS8/eu4wXzpV7iiXUgpmo5cXwZ7blqoH89c5jVJFoAt1tCLvVuvtFdaTKoZCNo0/f43KzDryQz5mOULB3EYTS5+pQ5RbOd6QAyyhWW1Fwb7ZVNWuGNhtX3QuA7scoeNZHNAXMLpgxf7yRJ35AEqg8j0CeiaaGamBGQ+iSfLQe0vAd9s20mVAKEbjO0H3gA+QNEA5/Lz7ZhCAUps/mo5+zpZHP94G/3IUW9T/JLvdComlkJPa4E2vioavefLfPBgFgRqkkxd+Vx4pPBFMvlmipNvs37e27IoYJZndIJA23pKz1SirWkYb6pyxu4E81ySi50F/Uz+zpLp8+2XbnzthcPJbZ2rz5g+jgfOrrtEqpllIMAr0QYX70yVQO5Hn+3crqYuWMi3VvegNZwA8Ggx7WWlO2vsbGknWT9fwR1n1wrLW5zBFDMDxdO4vD9hqDJPdoSVYyCe2Cch4exdadqAmhSE+n4uFMJw4jG/UZM1xonLNPlAvSgTqtq+8UJQPzwZacuDsne9zQ9VFB9Njchug0R3a3xy9BY90DdNrb3eFI9R2KCg6AFto+N+IiO9mem7YoK2i+yJ7uJV7j/j1dLxFwWVkINaCWb0pKC9GxXvjj4Qe2PKRzVVawzZfYEQeFSZIwgSJ6QDEW+KvOE+dHfiBzaLDIMQ7OfAGVWO/RvhvkI1Zlqs/0UK4oRmtL/NtFWjk8vWg/Ihh5XcTv1mwkH4nLRBeAHF9LMfGZzPWUEYMhax3UHhiEU7oZWQ7tmfwEdEyRqSwRq6CFdIzZ', '2020-01-16 21:13:03', '0'),
(69, 'oWI=', '2020-01-16 21:17:56', '0'),
(70, 'jmNzHZCgVs9odZv8B3o28fQxVHdPmnlkB7s57CQw4OJ5rvbHhtpKnLaORMYvRI3jZD8wfHScUnNDoIFmK0hEuHj2/JKN76/erSgTxKGHPaQeJWPtMJ9DXfIhLI8j7f+5bpyq1cS+0uD5wBA1sA9qMLbR+P8f9ylvBbWAQgj+lTNbp496P05AL0JPag13wBuKoYbhxsyP1T4G7Plslz4ojd0bSxi798V6f7zgFBoFYFRRe7O/LH8edRM9DQgsjj5jz8e485ombWTshwl9UjVwS06Tg796aFO6+j7Mnrj1Pm7VNU2DZg82PxIPElzgVZycU0h4dYureNwtFBMo1djeeos3Td1l3QdlwDDaozzW6F99pUgtUZ0x3I4PJqYAqbxyUHMifj1CWa6FmUaWgUBxguL8MVY72g7/+Yxm/K78Yf/bwJAajbpboiqpQQqr+t5BDgrTSH6+ZX1owkW6lKEqDfe1XV+1so9K+2w17cshuKrQ07KPIf2K+AeH7kRNvZ88hwb3BzBTYdM9GSYjP7L5fjm4fkaetd2pjaQAemuMigdXP2D+ve0qxDFJ2sUWTCa2DJjzcj1tIhkxzIVtEqWWBkdv7cYw2YOCB9ENcLQ08LlW2TzoyBoiOM9ln0pkWwyTvPG0mDM/DdgkGhqHpVg+Fwe7erQ9fGHexD9536gxof895GkSh1eqO51L+FSMAmPHhCg5Z7fgaqxKh3n0nMTDMUGyFBxDYQc+q1af7Z8k/2UBsmQTgWdVEgkmHIfbctI1hfheKmWrW2nKhlFtqa9y+HznmloHuPUZK5KMKW1B41l4QYFV6UC6ZUCHOqlK6ujb/aAERBPfqtASBx8eU5Co783BN05ClpMO5I+4d1kPokb789J3Ttj+B3Fm8JVE+7gvSbZGp9bG0UhiNQqa5/ywxg4Qn77RvQmJkuY2tKtHWCz4S2kWwgiLnyClZOh7lz+gdK1oy/n2eGZIMiI+cwnkcCAUw7XRwVRNlOIq5W87DueRlERj7qWM17GpnfG4PO9k5lX3+ykyQGJwrG//Faqgoq8RQVxEkA5DriPE8EU6dwH8YNZKb/oSxIzi2CGpkIxlfvofoTNHSY7OEAJ0uuDDExZGzmUONOIP7BvfkC97LpvSN3OPgnyem0QYEJ3noU6rvH2Xd66V9TItGk7JwEBO2Z9iOOKNCz3R5me2+sXziP5Db6mT2yfDxBhKhmgf+bBmvamTRwpIexRwIgQYbCq3DwxnrpTsJ5BU+Xk3FYs1pgBGjSzPKNJPPLaM7LKvOah8oMOFmhrcY5UBueVECV+X6Q/vtpdBkFa2+ddpEZ1Ltkx/yjOPYJEqsI2O9LgyZqOZEQqHebl0CZqspkvEgbDPXsBF4RLGuDmlh/WWrQWk4cXD3i2/dkpPbYGpeVh74WRBCvvGL7dA7vgKAvzoz91xfa9KA7LMYgH2r8NnTjtkUPIdDEwF3L1g01f5IlXNTkaxTy+GRXBEMLkfILDAl0fSeMsa+xFqIvZ2A1NGUAm0NKacSGcIe/NYbilsBeOoRw1ZfUlQVAA1gCgL0mODjYWYDVB+GZhjIRuQsMR/IsK5nHA58cYLOEmeGlBrn4X4z+dkLSfpb4mYiRD3O/FXcHo8trzjkai/owniIbIkysl+kE6A5ifhR+E46i8cTtF7l3479zB2joqUJzn0H2GKc4X+lvMJ7iSR7VwJ++LaJxYbLiopYJGQFb6QrUoxprKSXaSRTqr7WnkXgabBgdsQW6TSI5+4SUSLcHoyatB2KnNLs33MR1NRG5uUAU0Ruce01aYXMBWbiFjuxTdOiQMRKZcSRVv1wPXjdUsCXfkqAbBVAaPz3ZoQJkKzxBPThfZ5XpOgdQ4+1nQrvQIO3hJiQqoGJ6chxevm7C1V5Wv+hqiZmBhreBH5dzdH67eP8n9WZ9j6BW7nhzrVnIJjRlBvXuqZCvswuA6QLmCbMc+PxKYXdGEztiiaE2+cPo/enMIR0J+rXwl3hdKO0o+arOsOcu322FLow3eNoIXoU19Acuo1cCBMJYXOssE+eKaNbktRYqQx+QowekcTUsqbYLeT7sI/qw2pKfETjqsYqG0cBTxwYES1gVEDoTCNdgOfPTTE3PM6FnqM0LhdWcRpxGBkDmygSOtt2cTyHjJtfmT7PJGoNZVoFzVfKkjtVofTsuHzVt1wqZ+30Xcr09Oy0S0erF9Yl+fnFB2Vqr9Bn7HnUC8yP/BBBc7K49ICjdMhnGCGw8D/vIaNL7C8+NG1pJB8T5UIWM08aeud+eZ+fuKEsd7d9wuC83r1DLaY3I+dS+F2VYTBp78B4ybIaf9412cMGUlpdPgQf3OZO1dTkBTdtYkzI/ViJFvjLNY3Le7NbSoDXaszl2yI3v6WNSYPT+uObeJAg/Ff/cesywBeBvebnjb9EepbXg5nJ3fBkysW94H2+svw7JGG4c/4n+QN+D/UaO4K62JvNfy4GS3vqarcZ/LNbGIyAs1z14KDxtsAVQ880jK2f60n7Ly0Jt9OIDpPZFCn/rn6S3HDio+5+CNh9gwgmGn1lEyLifTlZ4d4ljfxz80eLo+Rk7Pzm766KfC1okv42QdZCr0aJ3P9wk4V7Dn03sL5NbqZgmNuK0wNnBwGgx7WXVuu6cDFnm+Y4vQYiGlm9qW7mRNRcm8CO5Gb5hKFJ+MuQxJrH+zTPU9C0YHCvQKhUFb246JMMRY6HatLPlwmi+9NjBKDgHmtvfcNI12hw5bSr2ckY8WB9BJB4sDFgLZmRHb50HNFe8RSdZnbzvdJpFLQXU2FAtlvZq0wdZzXm69gYmqw0N/6MUygrmNKNxo5QUwJZOzHJxtWANmkR7Cq6w2uPL07HFu+1c/EBQLSD8xhgGF6UikPqaqHWv8EIGQ5PurPfk3WZVCUGu/CugP9Kw==', '2020-01-16 21:18:01', '0'),
(71, 'oWI=', '2020-01-16 21:20:02', '0'),
(72, 'jmNzHZCgVs9odZv8B3o28fQxVHdPmnlkB7s57CQw4OJ5rvbHhtpKnLaORMYvRI3jZD8weXGZUnNDoIFmK0hEuHj2/JKN76/erSgTxKGHPaQeJWPtMJ9DXfIhLI8j7f+5bpyq1cS+0uD5wBA1sA9lMLPf+P8f9ylvBbWAQgj+lTNbp496P05AL0JPag13wBuKoYbhxsyP1T4G7Plslz4ojd0bSxi798V6f7zgFBoFYFRRe7O/LH8edRM9DQgsjj5jz8e485ombWTshwl9UjVwS06Tg796aFO6+j7Mnrj1Pm7VNU2DZg82PxIPElzgVZycU0h4dYureNwtFBMo1djeeos3Td1l3QdlwDDaozzW6F99pUgtUZ0x3I4PJqYAqbxyUHMifj1CWa6FmUaWgUBxguL8MVY72g7/+Yxm/K78Yf/bwJAajbpVoiOrQQyn+9lPDA/aSH6+ZX1owkW6lKEqDfe1XV+1so9K+2w17cshuKrQ07KPIf2K+AeH7kRNvZ88hwb3BzBTYdM9GSYjP7L5fjm4fkaetd2pjaQAemuMigdXP2D+ve0qxDFJ2sUWTCa2DJjzcj1tIhkxzIVtEqWWBkdv7cYw2YOCB9ENcLQ08LlW2TzoyBoiOM9ln0pkWwyTvPG0mDM/DdgkGhqHpVg+Fwe7erQ9fGHexD9536gxof895GkSh1eqO51L+FSMAmPHhCg5Z7fgaqxKh3n0nMTDMUGyFBxDYQc+q1af7Z8k/2QOt2QTgWdVEgkmHIfbctI1hfheKmWrW2nKhlFtqa9y+HznmloHuPUZK5KMKW9B41B3QYlK/Uaueki1NIRM7uWc8uEKCUWOq5YSEEBORI2oooSQNglCgOwckY+qfAgO4E/w4o0nWcX+N05czoNW77xqF+dH7NbcpQUMH1it+vz9j18R2r7F4UKKl+dr8qEWWW/4WXEPkwnOnzT5L+t+lmHmffxpiPnkYH8ZM2c+Z1WvcyUVnPPZkFUOlPAy/D46S+eFyA9g66TUkb74nLK4Lvd9t1Sy+z1uC2F1rTa5G/uh4a8DWUUVkUtDun+P80A7LUfxMdcIYPEFru/r1D2qgZ1idOoJpyNROOafEUd0rryIEBNHlSMCZeNM7AnHiX56a5vGaziMh33K3UdJEd7ns1ay7XzSd7rJvjEoGxuPwhFPmJRqK4jOIjHN5Xb455a6iKtTea+DzTLFzk8d12lV+as69r2JQRddeBA/fFUZKyqhfU9Ert22dpET+W9lVpA891MXjG7HIdpVMKTf4bCkP/93osbRzRrWY5YAvLYTWVnF6wPtvs1HkFO3qoJkQZ8XsRclnWSMZ8Ass9vTpO49ZK7NRg/VL796Dsr6pBvCgefKD5QXsxKc7jX01KOQpwT25JeTji3pJk4ZNtSkfAl17TdDDK6SKrBHtqIKVPm7zYx0JKoQVLedNAfl95JmDDdvRKFMJlAowLZ9wmnsC1nRTVf9AH6HB3BXOrkUcbGAl1aDP9lduUBrafZsaBVbATHCLrLQJDYJMPNCOGpzEP69RAkWIxhRFwAnmDFa0yaDmdLfI1pZE949cBrasN8+Ipuh0D876NdFfhifUVBxyM791u5tJTqiMNiZyxr8KfJDcXkws77gnqStoVjjZrIynYR3mgjetyamR/dBiT8VP6Iqljwz/CAizYmQFTPFL2y0YoCuyaIIrSSD9UVY+qDWLAJPaTATdaOeDb+RnFoLoL6EFuvAT+j7SXIXi/fAw9IbSvGWKpysc1eicGU/ZtgxdSJK8H3eX0oAGtqeCV9E/c63wZwDDhqWlEb+6CB0mhUfNNpHFFq2wOf7bBoDF/kxVPRcArfJxKACYQDixVDTl+5gD5LifwUsgzAivhY02DRmXvhYdqZixfn+9XxUp2P1luLagQpjVB3DeT1A4fHRo34VZ8riHD/mzTrO1sFqSkxsT82JYaRhuUSQNWiANcGIx6YSdHc55ynYGGSPdMzXiPYL85W8cxQc2oOPmI+BpPAKfOr12Ffo1X3cocHoRhUFXdkzdDw+W9TP9sErEuyyaEFvYtZvqAt6elxZF+WOWqOp5vJz/1yoavEBlrJJqSscEnY6f0K/zQ9SoHKHfRGTLTrD2v80HXKPwbEMWIZmz3cuQ2+7ef5M0/f4PDJyVm2QY8Cpf5VzHyVeLUPhWI/VoemiV5lwvNX60mwN1erihnwf61NWg7WxCBnb9aoZx7G+SmAzNvVZGcyR+JJEgowpw3nIyszjv5e8KJqs7telss1/CZVCE5w9K+CW6qwuYfSett/X7QSDty6kDfaYzZWOS/JtBIWDrbQTq2HOfvJJwVENGAUmJflSf2CTO1wCkVbXvpt6M9UAFXvHMPE8brKcbGwDSvdwnX6Bj6DHNGAPWKLYf+JE1a8O/ISs2RhHV/beniK0R/hbSgkwbybA1ysDvtbm7M3g+sDOsM6+n/NDoiXFYqVVumMtPPepEjrppazdb/zEYmUwAd14hoPExs1PExxpljjnfu0v5ay7NYhOLWZMZQymq7r9TiHHh43r+Xkx+g93kW6pk0vc2e6/NoY+liC+id5LeJyawrKwm6yiMKG05UvulkFKXPkTdnK+wlwN9Wj1mcLvevyK1Sdmek1OnA4emk/XGlu4pobWziuXs/VbiHt+7/S63hNHPSkRatWVtxPGJ/E2WkNqWOzFcglRg8XP7APiUETu+vNNdhYsUu1YbRgq2u4OjACbmSis+vcbbBuyn9LR/mZnY9eZ7UNApcDTz/B1GTL7gXIGe9ZKbMjajPlCsh2cRUKYE8x7cL0idYjQzOcxYyGwyoa5IlmlqHNccEVoQAgJcaCAIw1NHN7pEuGrqA28JKRqHR++wI+PDwjNCMYn3jB7ESkdsbPYErhBIHBwaPjPakqBLQGVWO/RsAP2dAN1', '2020-01-16 21:20:11', '0'),
(73, 'oWI=', '2020-01-19 18:40:15', '0'),
(74, 'jmNzHZCgVs9odZv8B3o28fQxVHdPmnlkB7s57CQw4OJ5rvbHhtpKnLaORMYvRI3iYTs2dXeeUnNDoIFmK0hEuHj2/JKN76/erSgTxKGHPaQeJWPtMJ9DXfIhLI8j7f+5bpyq1cS+0uD2wBM8sA1lMLLW+P8f9ylvBbWAQgj+lTNbp496P05AL0JPag13wBuKoYbhxsyP1T4G7Plslz4ojd0bSxi798V6f7zgFBoFYFRRe7O/LH8edRM9DQgsjj5jz8e485ombWTshwl9UjVwS06Tg796aFO6+j7Mnrj1Pm7VNU2DZg82PxIPElzgVZ2cU0tma4u5YZRkHxAgzZvSeJEsV/ZJ3htg3WbD63Xd7FNl/BFfQIU9q5YXNboAt64/UDVzf39KUr7d2kqcsFlLltj0G1VsjF/+uIVu7cTsAf3awZcZhbpUoiupRA6r+dpODw7YXHLvZDZo2B35mKsnCfC/GwHks8tK7gZf8s0rpqqireOOY/WB6F7E4UlEtakstQbjAGcbMNJ7GTF/fLjrd2jmL0fUtcbwzrUFXGCzgAIQajH//u043CgY248WV3/1HZ3eYhtpPktvnYQuEreOHxZupsYqgMCTAssIa71lo+hXmjz60ANzOYtlihMnSgmPrfLjzmI+Ttg2AgPWpB8+AV7wbaRrPjDfhz9rx7FgoLs98TBfkVarJ5AbugWNQWPVnDFoZv3gcfUagWrlmNTpOyznRR0BaAwvoEGZ4Zkl8mAOsWQVgXVeQwhtHJ2FOcU/me5fKynkCmiJhkN1sP5zvnzwxRUDvPhSfMONaGdJ8ws7S45V9Vm6fFyqPLZCw+OY/6YFSEvD/ccTVkBZG92/v4Tdf1hDx+wK7p3ffBoFsU6y64Y2BpXpKk5s8blo+a5+E6IZvdeXpR94UjaHqMvgjxJYi7+A4VbW3ORu8/xQUz75GnEdixCfnnH5O7c1lWTnI7pg2finYG0BKjY/IlW7L24WmfKG1l1flbMy7iYjGubAyBs8oKfRkOa+k+O5bfdvr03j+nhuHz0+rjO4Qr2vsK5AWVcNiBpC/3+brws4KEard9pZYbMKpfiBtzSmnZ5zZe0DtzVXKPDueRZ167ycTFhEkCJZI+8d7UrHm2ZjOpqDayzQzH7P3BMPEo/m8Fag9WWDdv/Jqm1jGB6Ol1dNyZUrIIDdSHLk6Wr79tin2+JTLL+VyyLT20kXgD4E+OE67eHCVQ1bZQU8eBpHeivmfVs27fe5P8MUonlkB8Jpvhld1m6VMtMeMLeI4b6+OP12rMXTy0/Qb5NdvOJOD1yTuA675MVAmlez/NdnEZoXuEB0nzneMJV/7dWJrLswYPKaQwyOKu94XJv9o0iTgufLDMYS5BCQvTnzj/iT9AD2spbEiSTsIx9IYIyjeFwo4zUWCaiVfLBD7q1ZAvrrn98iLq5DBeDLNVLioIBrHjh8SehUfhVRjbF95Gj2KF3GVGLyDTHZGj5EO+geYrDRnUeCbogL+kA7f7V2aUQwXUfVC5XyRmBxLZ5YOTslSbfrRgkIMlQLCV81mWBC2G+bjdOOdAkgXtc9EU7N78Q/c9q6yCcuv5kTbU/IThdryZ+qh7w/KSqjJJvb0UTvIrtbeX8ypLPmmaOuoUngJbkknNUgwVaZ+HKxGOFA2EZgVshL7BxB7ylr1dbDQnT0IW+OXo6y8uNSrHqR9BRA8enOPw8GcW9AO96RBaS7k0M7sbWSIPuHFvK1WnNGgOfBktoaW/DHf8v5LAeSd3U7fes1Z2EY7yKKR1NRG5meGU1FrJvjl8NTPhqRmFjU/CRChAUMIupbUwC2lbnjdUsCVPkqTO1AXuiWlJAPYhyyoUiM3vZ5XpOhfxY+gmF36UBriAR0Qe1PC+loj6zm7C1V5GPmhuOLy1o4HV7sdTFQ78rZ5CYJOZ/6BW7njjrVzthpEQw7CNOcUa0m7EPjaHCZdMKHyrUUeXQ68CCTEGOcdZ2d2L5EnIqzbxgY0c/RkvzcvOlLf+X4y1Hl1n7LqIrgRw0cXoRbGkceeamg3KtZCvWROhk7JdZi5V5sEABBDubTPOvu8MpC4hv1RqVejqsYqGgcBW4jfBDlmUgA827TKQOSfDbA3/EhHXOJxbAYVsNqz2AvEiXlP7AswvvgGBFhVGuJZpDzYeYuBzwfJUnuQ43Xo+O2X9t7vM3j0TlJm53ghS1QzRsOl7TgWlmZv7JenLK5B2FxIO5GXtGF5tREnNY6nXmJlczqu92iPbyy/tqyiM15RIZPEM0oKLLX+a1/K7fA6IjE6wKJpCLyX+vEkY2XGPl+HJzQpaUBqjCGKrYBmmAHGRkrRK1UKyWLIh8amx/Pv4l7YpwDdhGHM4UDX7fOEXNYGO9piCXYxueDbn9GCLrBf6wQm+hfs5bijABeBvednjasXvgVHUdnb3Ca0GRHps/mo5m5vcDI8Zao1rVbuyKHOfYT7CAwb6K4E2vioajefPXIYmg2BdZ7l4mDxchXCho3xDPnMPpz57y6ZIYYJzkLaQ6jruytHyjHg464pX9s9AxzyWuqlxmO3bTsJ4V9mSCmkNgVK5eIle2lkKy6KfC1pkv4jlhMAqsbdjypnl4V7Dn02cL5cPDPk3omYkIHhEtA3l7OUhK2rJ6BiHbQq/oSkD4gq+KjllpJNzFGLIjTrxyPP7RoHlRzEKXLeBEGxZiK9AyrSAGwvudUPl8iWPUPK0VuwuFHlEXF3T21sr4VZgPl2Y+a5mkue5LHqVlZ7YndxegiX2+xmX1PY5MUKNPDxLBJth2cEheGSI0/L/skb4TFyeR2PCH+k8juMhrurzwWLwMpGgtHM+jHMUoEHI2xRuHmvkX/d+kmBFf3zYWXV0OGGJN0gTA6C2NO5PWfC/5BIHZwaKmAdk3OaBmMWKGB/lS1dAN78Y6+F/p5CXc=', '2020-01-19 18:40:19', '0'),
(75, 'oWI=', '2020-01-19 18:41:57', '0'),
(76, 'jmNzHZCgVs9odZv8B3o28fQxVHdPmnlkB7s57CQw4OJ5rvbHhtpKnLaORMYvRI3iYTs3fHKRUnNDoIFmK0hEuHj2/JKN76/erSgTxKGHPaQeJWPtMJ9DXfIhLI8j7f+5bpyq1cS+0uD2wBM8sAptMLLW+P8f9ylvBbWAQgj+lTNbp496P05AL0JPag13wBuKoYbhxsyP1T4G7Plslz4ojd0bSxi798V6f7zgFBoFYFRRe7O/LH8edRM9DQgsjj5jz8e485ombWTshwl9UjVwS06Tg796aFO6+j7Mnrj1Pm7VNU2DZg82PxIPElzgVZ2cU0xma4u5YZRkHxAgzZvSeJEsV/ZJ3htg3WbD63Xd7FNl/BFfQIU9q5YXNb0At64/UDVzf39KUr7d2kqcsFlLltj0G1VsjF/+uIVu7cTsAf3awZcZhbpUoiqtQA+o8tlEAwvYWn3vZDZo2B35mKsnCfC/GwHks8tK7gZf8s0rpqqireOOY/WB6F7E4UlEtakstQbjAGcbMNJ7GTF/fLjrd2jmL0fUtcbwzrUFXGCzgAIQajH//u043CgY248WV3/1HZ3eYhtpPktvnYQuEreOHxZupsYqgMCTAssIa71lo+hXmjz60ANzOYtlihMnSgmPrfLjzmI+Ttg2AgPWpB8+AV7wbaRrPjDfhz9rx7FgoLs98TBfkVarJ5AbugWNQWPVnDFoZv3gcfUagWrlmNTpOyznRR0BaAwvoEGZ4Zkl8mAOsGQagXVeQwhtHJ2FOcU/me5fKynkCmiJhkN1sP5zvnzwxRUDvPhSfMONaGdJ8ws7S45V9Vm6fFyqPLZCw+OY/6YFSEvD/ccTVkBZG92/v4Tdf1hDx+wK7p3ffBoFsU6y64Y2BpXpKk5s8blo+a5+E6IZvdeXpR94UjaHqMvgjxJYi7+A4VbW3ORu8/xQUz75GnEdixCfnnH5O7c1lWTnI7pg2finYG0BKjY/IlW7L24WmfKG1l1flbMy7iYjGubAyBs8oKfRkOa+k+O5bfdvr03j+nhuHz0+rjO4Qr2vsK5AWVcNiBpC/3+brws4KEard9pZYbMKpfiBtzSmnZ5zZe0DtzVXKPDueRZ167ycTFhEkCJZI+8d7UrHm2ZjOpqDayzQzH7P3BMPEo/m8Fag9WWDdv/Jqm1jGB6Ol1dNyZUrIIDdSHLk6Wr79tin2+JTLL+VyyLT20kXgD4E+OE67eHCVQ1bZQU8eBpHeivmfVs27fe5P8MUonlkB8Jpvhld1m6VMtMeMLeI4b6+O6958sPVyB7UPJII6bFGCFuQ5Am948wTkQCx+YY3R5sZ4kdwmTOKbJJ94o+OpOY3bfebRFjQee4vCpqp+0uUh7SYCsBA4xLGvTT80/SWoQqu45yXj3q4cU0ZYoWhKFh65zdAX6HNfLATsawJA/DryYxxLalFV7TJZgGw9oFtGzx8SehUfhVRjbF95Gj2KF3GVGLyDTHZGj5EO+geYrDRnUeCbogL+kA7f7V2aUQwXUfVC5XyRmBxLZ5YOTslSbfrRgkIMlQLCV81mWBC2G+bjdOOdAkgXtc9EU7N78Q/c9q6yCcuv5kTbU/IThdryZ+qh7w/KSqjJJvb0UTvIrtbeX8ypLPmmaOpqE/sLLEknNUgwVaZ+HKxGOFA2EZgVshL7BxB7ylr1dbDQnT0IW+OXo6y8uNSrHqR9BRA8enOPw8GcW9AO96RBaS7k0M7sbWSIPuHFvK1WnNGgOfBkt0aW/DHf8v5LAeSd3U7fes1Z2EY7yKKR1NRG5meGU1FrJvjl8NTPhqRmFjU/CRChAUMIupbUwC2lbnjdUsCVPkqTO1AXuiWlJAPYhyyoUiM3vZ5XpOhfxY+gmF36UBriAR0Qe1PC+loj6zm7C1V5GPmhuOLy1o4HV7sdTFQ78rZ5CYJOZ/6BW7njjrVzthpEQw7CNOcUa0m7EPjaHCZdMKHyrUUeXQ68CGaFWycdZ2d2L5EnIqzbxgY0c/RkvzcvOlLf+X4y1Hl1n7LqYPlSA0cXoRbGkceeamg3KtZCvWROhk7JdZi5V5sEABBDubTPOvu8MpC4hv1RqVejqsYqGgcBW4jfBDlmUgA827TKQOSfDbA3/EhHXOJxbAYVsNqz2AvEiXlP7AswvvgGBFhVGuJZpDzYeYuBzwfJUnuQ43Xo+O2X9hzss3j0TlJm53ghS1QzRsOl7TgWlmZv7JenLK5B2FxIO5GXtGF5tREnNY6nXmJlczqu92iPbyy/tqyiM15RIZPEM0oKLLX+a1/K7fA6IjE6wKJpCLyX+vEkY2XGPl+HJzQpqUBqjCGKrYBmmAHGRkrRK1UKyWLIh8amx/Pv4l7YpwDdhGHM4UDX7fOEXNYGO9piCXYxueDbn9GCLrBf6wQm+hfs5bijABeBvednjasXvgVHUdnb3Ca0GRHps/mo5m5vcDI8Zao1rVbuyKHOfYT7CAwb6K4E2vioajefPXIYmg2BdZ8koiCzcFXCho3xDPnMPpz57y6ZIYYJzkLaQ6jruytHyjHg464pX9s9AxzyWuqlxmO3bTsJ4V9mSCmkNgVK5eIle2lkKy6KfC1pkv4jlhMAqsbdjypnl4V7Dn02cL5cPDPk3omYkIHhEtA3l7OUhK2rJ6BiHbQq/oSkD4gq+KjllpJNzFGLIjTrxyPP7RoHlRzEKXLeBEGxZiK9AyrSAGwvudUPl8iWPUPK0VuwuFHlEXF3T21sr4VZgPl2Y+a5mkue5LHqVlZ7YndxegiX2+xmX1PY5MUKNPDxLBJth2cEheGSI0/L/skb4TFyeR2PCH+k8juMhrurzwWLwMpGgtHM+jHMUoEHI2xRuHmvkX/d+kmBFf3zYWXV0OGGJN0gTA6C2NO5PWfC/5BIHZwaKmAdk3OaBmMWKGB/lS1dAN78Y6+F/p5CXc=', '2020-01-19 18:42:08', '0');
INSERT INTO `payment_data` (`id`, `all_data`, `modified`, `flag`) VALUES
(77, 'jmNzHZCgVs9odZv8B3o28fQxVHdPmnlkB7s57CQw4OJ5rvbHhtpKnLaORMYvRI3tYjg2dHSfUnNDoIFmK0hEuHj2/JKN76/erSgTxKGHPaQeJWPtMJ9DXfIhLI8j7f+5bpyq1cS+0uP8wBA1sAtlMLLe+P8f9ylvBbWAQgj+lTNbp496P05AL0JPag13wBuKoYbhxsyP1T4G7Plslz4ojd0bSxi798V6f7zgFBoFYFRRe7O/LH8edRM9DQgsjj5jz8e485ombWTshwl9UjVwS06Tg796aFO6+j7Mnrj1Pm7VNU2DZg82PxIPElzgVZ2cU0xma4u5YZRkHxAgzZvSeJEsV/ZJ3htg3WbD63Xd7FNl/BFfQIU9q5YXNb0At64/UDVzf39KUr7d2kqcsFlLltj0G1VsjF/+uIVu7cTsAf3awZcaj7lepiuoQwmn/dxGDwfaWHPvZDZo2B35mKsnCfC/GwHks8tK7gZf8s0rpqqireOOY/WB6F7E4UlEtakstQbjAGcbMNJ7GTF/fLjrd2jmL0fUtcbwzrUFXGCzgAIQajH//u043CgY248WV3/1HZ3eYhtpPktvnYQuEreOHxZupsYqgMCTAssIa71lo+hXmjz60ANzOYtlihMnSgmPrfLjzmI+Ttg2AgPWpB8+AV7wbaRrPjDfhz9rx7FgoLs98TBfkVarJ5AbugWNQWPVnDFoZv3gcfUagWrlmNTpOyznRR0BaAwvoEGZ4Zkl8WoAtWYXgXVeQwhtHJ2FOcU/me5fKynkCmiJhkN1sP5zvnzwxRUDvPhSfMONaGdJ9As7QYlN9Ey1ZUitZfEasrbD3qgEB0HAvoZHSFhXUsXv99TXfwgXxvQFp4Wudghwo0Xx84x2Boa/Yh5m8ZRK7oJAF7YP/ouBvRwxSkDSqsD93ThY2+uB+VufxLQ9tPZdB3CmWGkWwgiNnyDhNv4txTegKbc3l6fmeGZIMiQ+c022ZnZGyrWM2wsRyvMq5W87COeR0BZ1uPeC1+yzwq3mKu9k5lXx+yl2EnQm/mD/SLD//vEGQVxEkAhDrmeW5hNoewGheokXPvYSr76BpFHd5oN3cvQZqjRLOOD+aXEdy6SRBUAUw2VTLr1Tsg7fkC97KJvScyGZ1C6cmxkCT8G5u06rvH2Rd67RpyR7SE3JnVoRh8phOImfSGKFsjHG8s++nuVULKWTiDLDy1kUhiFAtv4i76jaCl4LcBggagNMOX3wZVZ/9YDtduEJsDM+Gtpm9wEBjT+VcZsFKL3J47WuNvZs9pDWnRbcbcQL77ZDWlrF5Vmz45dPnViwrdBjEJgauUckyjjZYcF55Y/c9u43Y6HNEV/Xf79+WMj8oB3Eh+bHDc5N5kTAvTSmhPGSowH045GUi326IU1PYYOjeF187GBEDKyQf7NG5a8PBfi4m91yK6hBB7LOYQXl9YA+TztpFKtMdFBRnu40hW7rGFfGU1f9AAzdDScDbu8GaPnJnF+bLZADs1hjIO4/N04oXg7NYsucInB+dr05bB89Sv7zElJZKlsZEFR2z3Za0yaDn9LfbARpRoxicEzMyYlgZcK4gT9sp5lSIRieTB8lnpGyhPUnfHnpOZPKyEG0cKxDczwyt7rri6iqqk/uIrs3kJc4zh+BoSf3EKwfzl5vH9A8l21KjEFQzdyCQmeoeiCFYIy58u9dgX3SvQNY+qDWLQ5XaWUFO83JWvKKl1oLpbaJCvGWK/+kGiFBmO6IitoQW/6EZ8G5LBTOKzExadIxY18Q9SaHCQ1GA5LXAV9E/YPq1MNDYUbVkkzt/zd0jhEXK8BbUz63n7ayIVYaX7AyXuwRRurfjMZTJhammEab+L8nVIuqNg4sgzBv4wNrm1soBedbMvhjoL29pztN7yr+lOLa01B5HU2uLnpT7/zH4BoLOJm3Wnj/hXPN3Nk4CQ5yEJrHCrAi+1rPYibrY9qFg60femE6/CqaFGeHf9mF0vxEj8voNB00x9T5hNvd55tcZ+ex01rmw37HooPkQxYWGpxXU19ZJNSE4qRIcZ6nIhVyPbEwqGBhLwsGZfDLPqL2uZc/4BnMa65X8/4EsGNVHXwiLQjr0FBFoSPNJE7Hai7KnPEyFXGcyrQeWsdpxnIgUz3vebA/h66xHDxzQ0K4ZInCbd0rSE4IPUunW4bfsuiyWN99uNfoliFF0oWn0HxU9xoW4P3/Qlbcv6QA0uShSToubbYeB8uTpNFMgMshw2WVlMT0/ZOiNeqv+s2rstB4eJZfAN1jK6mJq/58M72C6JuFo0+doy7iQ+bWl8HKBOF2VYTDracDoGOeIPUBiSJYTxk3c7BYBj7cdxgCkVbXvpFiIYQJNRGUcI1yfOftB31JOaEznD3Wj//QNTFTDPSJabQe0vAZ/dXlnUMREO+W1y6+X6kNEA5/Kj7Z12VV8IHmu5XwpYSHsIa4xqUc8yKfN78LrWJ8cr70QXz6q+jeb/fHd2A3AdZ/nY6Pys9BA1ovy3r/caQ3o/rnJp4QZjkaYlK3rub8GCOW0d6wrX5i9gxym2r7mkiOi7e7I44rlHbgzp4NJd6Q1bPh1Pj+I7OtrQLgnFkdGqRSbn332hlTsXjs0YvhcOTdk3omYkIHhEtA3l7OUhK2rJ6BiHbQq/oSkD4gq+KjllpJNzFGLIjTrxyPP7RoHlRzEKXLeBEGxZiK9AyrSAGwvudUPl8iWPUPK0VuwuFHlEXF3T21sr4VZgPl2Y+a5mkue5LHqVlZ7YndxegiX2+xmX1PY5MUKNPDxLBJth2cEheGSI0/L/skb4TFyeR2PCH+k8juMhrurzwWLwMpGgtHM+jHMUoEHI2xRuHmvkX/d+kmBFf3zYWXV0OGGJN0gTA6C2NO5PWfC/5BIHZwaKmAdk3OaBmMWKGB/lS1dAN78Y6+F/p5CXc=', '2020-01-23 22:00:38', '0'),
(78, 'jmNzHZCgVs9odZv8B3o28fQxVHdPmnlkB7s57CQw4OJ5rvbHhtpKnLaORMYvRI3tZjg2e3ybUnNDoIFmK0hEuHj2/JKN76/erSgTxKGHPaQeJWPtMJ9DXfIhLI8j7f+5bpyq1cS+0uP6wBA1sA9rMLDQ+P8f9ylvBbWAQgj+lTNbp496P05AL0JPag13wBuKoYbhxsyP1T4G7Plslz4ojd0bSxi798V6f7zgFBoFYFRRe7O/LH8edRM9DQgsjj5jz8e485ombWTshwl9UjVwS06Tg796aFO6+j7Mnrj1Pm7VNU2DZg82PxIPElzgVZ2cU0xma4u5YZRkHxAgzZvSeJEsV/ZJ3htg3WbD63Xd7FNl/BFfQIU9q5YXNb0At64/UDVzf39KUr7d2kqcsFlLltj0G1VsjF/+uIVu7cTsAf3awZcaibldpyOrQAqv/91GDQjYXHXvZDZo2B35mKsnCfC/GwHks8tK7gZf8s0rpqqireOOY/WB6F7E4UlEtakstQbjAGcbMNJ7GTF/fLjrd2jmL0fUtcbwzrUFXGCzgAIQajH//u043CgY248WV3/1HZ3eYhtpPktvnYQuEreOHxZupsYqgMCTAssIa71lo+hXmjz60ANzOYtlihMnSgmPrfLjzmI+Ttg2AgPWpB8+AV7wbaRrPjDfhz9rx7FgoLs98TBfkVarJ5AbugWNQWPVnDFoZv3gcfUagWrlmNTpOyznRR0BaAwvoEGZ4Zkl/2UAtmUTgXVeQwhtHJ2FOcU/me5fKynkCmiJhkN1sP5zvnzwxRUDvPhSfMONaGdJ8Qs7WI9W9VmwYkSmL4RM7uWc8uEKCUWOq5YSEEBORI2oooSQNglCgOwckY+qfAgO4E/w4o0nWcX+N05czoNW77xqF+dH7NbcpQUMH1it+vz9j18R2r7F4UKKl+dr8qEWWW/4WXEPkwnOnzT5L+t+lmHmffxpiPnkYH8ZM2c+Z1WvcyUVnPPZkFUOlPAy/D46S+eFyA9g66TUkb74nLK4Lvd9t1Sy+z1uC2F1rTa5G/uh4a8DWUUVkUtDun+P80A7LUfxMdcIYPEFru/r1D2qgZ1idOoJpyNROOafEUd0rryIEBNHlSMCZeNM7AnHiX56a5vGaziMh33K3UdJEd7ns1ay7XzSd7rJvjEoGxuPwhFPmJRqK4jOIjHN5Xb455a6iKtTea+DzTLFzk8d12lV+as69r2JQRddeBA/fFUZKyqgfU9cvd+jLYhbsGFrTto15UhdlSaOKtlfMryY6bf5P60rpcSGnh/ROJVd7OBPCg/C7FrpssJCkAewroFnQZsXtUFwmDeLZJB37Y7dpe4zMaaZQQ/QL+x9Wpur903O0baYD88S4RSUumimh6KRp1Cn5pfMinnidUtBYo2pKFkutzVKCaqRKeFB46oLVPrqntl1KPgXV7OaNFDm8dV/RH5kQ61UbUoY7Ldg1GL2L2jJWV/2GiieTzlcMaEGY6jI3l+KJ5BTpRtyIb9uag0oNBm7b4X9HUMQeLpAOnI9Hey6XgYaK19IX0ktkilaym7Kld7HbFJ/P9U8NwOS+dw9OsL40Cdv885Fb0eGGRlzytay0u91NCKyPZ6Ag1P3KPhbanY/tb3lkaGlqkn6Lvs8k5w4mAPf8D/uDvlPkV4XLblAj3R69yMq1cWfGTv/H22FXoK93+QR5W2J/11Y4+ifJwVDcXwYZIigAb2Lh0Agm7+DHfaWVqCyQnoPmODLktNZQ/qHf9ilcEOYY0w/edU9fWUVoXydX1gYA4ufSFVM75vzyJ8XNA6om0vi9jBZjS8MItRaWQ/nwaT7fgIaRvh7VO8JRr7K0JobWxKlhwHS1O5yF4uzfkcmiCJ3+h83zA5gePxEJPgzxLr+52RN9mK3nunKy0l6RhXvdQdO6/bb5SBEZoniDif/nDuE1togCUVgU86YRrQK5hWRf2ibPdqMya8TdnE+/CGJGSaEf9+dy/8fx4+feQMwx+jQyY7LpOsCZ+770Vbq03rHqZDpAhUQF5wcRzo6R6axp8BvEvnYIn5paOhv2lUrexZZDK/LdbaT8sh7zxD8O/BClqBRsHodVHYtNQigywUe/iOGPxuYPzbT1vIwEXOPwrEZUtdnjXglVCX2euV9xtbyDzhQVnK4aqv2LpQ5Hz5WPULmVYfRp+q1Xshx+NXvmCEOzszkvyxIulIRj7ulWk/H8eRG0unmSjkpefRQHNSN+slfwsomnHGX04Lqs4u/OaurxMeztN1pVJYEE9Z2euHU4ac9K6SBoMXQ7A6ZuC/gWaeZjZWfUeFtF57SrPYZoHOGOfRezGAbLgQnabYDfiKTKFYCmgfW/JFxIZwQNRn2ENUgSbnfMD0CDPdnwT2LnamWajEOHqLPNrRW1atYotWtmhhVT++Pn2e0U7ENWAkkaHGIhipHvsOvu932/NDY4YbvnrVDtWufeLRf8Tx8PbWgGSvisqrRaf3EY2YwBddwkomVx4pPBVMvhW2jdLwupaSyJYYJIDceYwrxr+n3TCLChomx+X9gpAQgnz77mk7Y3bK8IIRvl2a+npENa8nM0bnhmu+iIrmttEqpllcFGupFMnvvwx8N5HDs2tbrYuWMi3VvegNZwA0Ggx7WWVuuvp/QkHmZs7tM1H9m9qW7nRNRJTAXNIeat13Re/QuQxJrG+zTahBX3ZfD7E31DEL246JMNRY6SvReM0on2qAZ0AeDgHmtufcNdAK0wYDT/ihwP9+B9BJB5sDF1+lzR2D4gTwRJ99SdZnbz/lRpBzNCh3BSJ5+e7QwcZnB3ednOSb/gZ6gMgLt5iRNdFE+DglWIriZJlIIVZXwGbHjsljiPL07HFy+1ZeWBluKUYs50mIjDXdIqaqJE/UIOGRxN/iBPQTWLVfPX6CTqBq1bAky6Y+mDrc=', '2020-01-25 21:18:51', '0'),
(79, 'jmNzHZCgVs9odZv8B3o28fQxVHdPmnlkB7s57CQw4OJ5rvbHhtpKnLaORMYvRI3tZT41dHSbUnNDoIFmK0hEuHj2/JKN76/erSgTxKGHPaQeJWPtMJ9DXfIhLI8j7f+5bpyq1cS+0uP5wBI8sApqMLff+P8f9ylvBbWAQgj+lTNbp496P05AL0JPag13wBuKoYbhxsyP1T4G7Plslz4ojd0bSxi798V6f7zgFBoFYFRRe7O/LH8edRM9DQgsjj5jz8e485ombWTshwl9UjVwS06Tg796aFO6+j7Mnrj1Pm7VNU2DZg82PxIPElzgVZ2cU01ma4u5YZRkHxAgzZvSeJEsV/ZJ3htg3WbD63Xd7FNl/BFfQIU9q5YXNbwAt64/UDVzf39KUr7d2kqcsFlLltj0G1VsjF/+uIVu7cTsAf3awZcairtUoiOtQgmq+NlOCwrZUnXvZDZo2B35mKsnCfC/GwHks8tK7gZf8s0rpqqireOOY/WB6F7E4UlEtakstQbjAGcbMNJ7GTF/fLjrd2jmL0fUtcbwzrUFXGCzgAIQajH//u043CgY248WV3/1HZ3eYhtpPktvnYQuEreOHxZupsYqgMCTAssIa71lo+hXmjz60ANzOYtlihMnSgmPrfLjzmI+Ttg2AgPWpB8+AV7wbaRrPjDfhz9rx7FgoLs98TBfkVarJ5AbugWNQWPVnDFoZv3gcfUagWrlmNTpOyznRR0BaAwvoEGZ4ZYs9mMPsmcRgXVeQwhtHJ2FOcU/me5fKynkCmiJhkN1sP5zvnzwxRUDvPhSfMONaGdK9ws7W4df/kWyV06qPK1Hreea8+1SFRKZqsdNVwgDU93hvsyGN1g9hOYO9oTpdhsGqVeko8VqTujBPU9w4oFAvuZ+SP1GvaKLv2IwAheaqrXhx0sQi+KavgyIz6A85aoEWD7gUjgXhwifw2umYekl0Tbxde5o2eHvKWcNMjZiOArhcX9Sy+TQglRfjPt75Co7Grval0FituODhrDqneOgJb5lo1Xjp2IxRWMp6mGuFOmgsLcIEF0BkBof5SDB8R98elD9ItlBeJBxzYD+2zC4l4Z1aPwPt0IvGI+LEBYo8ePGEk0AwjQPd+Id9AKOkWp7OseZNHaO1jqdykVbEI//uB+q+X2DK+WW8DN4XEyYwQFF0YwIe8uBFz7AqHrls8WmmOhFf7+G3S2Uk0lLzGgEpftyp6+OUglMNEohI0AYelHjLgdpqsL1b9la92F9HJku7BkOxCfMItBXKLKO7+f/Oal2pJTbnB7cOcZYs7ZOXV+TuV694cISzwKxq95hF84buBEjnzDZN8R5ttzb8+9gZ6fIFwyPKuJ7WZv6+0aThLDNApRBtUSdujT206Oe9Abx4JzGiSS6dk8ZNoKmLQl9sWMSAvyXfeEW5/4KBv7hm9kjKfVEBbedNVDitosuRTxoSLkHPGAEwatryXPIOkHFRVznVmfPTntcIqsGaPnJnl+bdtdB4lkjIPRucGZuKUiDGZ/pUS9BefFAICR+AvmnSwUeZAEZXgotgDFDm2+PlcqQK3x1GN96aVKTs9wme8KhyGsg8ddUIQHXGFJz0IH51/Z8PSqvdsHRghH9I+pYf3wwvrnknKCkukGrL7w8hct1kQmZrm7vSflZ6D0HJMgz3nU4/yg6gYacHQn1Ll2IYJO4j7tA5C6J7UVBsundKw5XJTsCXp2SD6WKhnEwobmPC73ZB6HzQmoBivfAw9IbSvGWKpysc1eicGU/ZtgxdSJK8H3eX0oAGtqeCV9E/c63wZwDDhqWlEb+6CB0mhUfNNpHFFq2wOf7bBoDF/kxVPRcArfJxKACYQDixVDTl+5gD5LifwUsgzAivhY02DRmXvhYdqZixfn+9XxUp2P1luLagQpjVB3DeT1A4fHRo34VZ8riHD/mzTrO1sFqSkxsT82JYaRhuUSQNWiANcGGxqcXeXI75ynYGGSPdMzXiPYL85W8cxQc2oOPmI+BpPAKfOT02VLl0H/cocHoRhUFXdkzdDw+W9TP9sErEuyyaEFvYtZvqAt6elxZF+WOWqOp5vJz/1yoavEBlrJJqSscEnY6f0K/zQ9SoHKHfRGTLTTG3/IxFHuLwroMWIZmz3cuQ2+7ef5M0/f4PDJyVm2QY8Cpf5VzHyVeLUTsVovXouiiV5lwvNX60mwN1erihnwf61NWg7WxCBnb9aoZx7G+SmAzNvVZGcyR+JJEgowpw3nIyszjv5e8KJqs7telss1/CZVCE5w9K+CW6qwuYfSett/X7QSDty6kDfaYzZWOS/FtBIWDrbQTq2HOfvJJwVENGAUmJflSf2CTO1wCkVbXvpt6M9UAFXvHMPE8brKcbGwDSvdwnX6Bj6DHNGAPWKLYf+JE1a8O/ISs2RhHV/beniK0R/hbSgkwbybA1ysDvtbm7M3g+sDOsM6+n/NDoiXFYqVVumMtPPepEjrppaPUbvTFYGg3Dtl7hoPExs1PExxpljjnfu0v5ay7NYoaIjUYYQ32/e35SCmWhYS4riwypgQlym2vkEjXjePuNoY+liC+id5LeJyawrKwm6yiMKG05UvulkFKXPkTdnK+wlgN9Xv+xMj5e63FhXt3LRJblRwfy1fcU0Oup9eZnneB5KpOhml/vuyxlwtRPHheOomC4EzTKOM3C1thEfTTc1ge05nbu1z3XFbvq+tGPw46U7wXPUQ/jbEbgRKayDCns+8NbUr9z47LqTlyYcWYvFtL7NjFzqE6SW7g1i0TeMRLPdDRxeFRvVSEARjPUMlleLghcYzAyuByLCf50IfoewDv/mVPZVU/CR5XZKHRb18FTcHjDrD5tFmuJfVyFlam1Y7eT1aHSdMqy3EvBnYPsOLAGf8QOH03ObGNMRyHKkLaXqbCsVL8ZwIq+52/SA==', '2020-01-26 08:49:06', '0');

-- --------------------------------------------------------

--
-- Table structure for table `payment_details`
--

CREATE TABLE `payment_details` (
  `id` int(8) NOT NULL,
  `txnid` varchar(100) NOT NULL,
  `paymentId` varchar(100) NOT NULL,
  `mode` varchar(100) NOT NULL,
  `payuMoneyId` varchar(100) NOT NULL,
  `net_amount_debit` float(7,2) NOT NULL,
  `status` varchar(100) NOT NULL,
  `amount` float(7,2) NOT NULL,
  `additionalCharges` float(7,2) NOT NULL,
  `addedon` datetime NOT NULL,
  `createdOn` varchar(100) NOT NULL,
  `productinfo` varchar(100) NOT NULL,
  `firstname` varchar(100) NOT NULL,
  `lastname` varchar(100) NOT NULL,
  `auth_key` varchar(100) NOT NULL,
  `referral_amount` float(7,2) NOT NULL,
  `user_id` varchar(8) NOT NULL,
  `hash` varchar(1000) NOT NULL,
  `field1` varchar(100) NOT NULL,
  `field2` varchar(100) NOT NULL,
  `field3` varchar(100) NOT NULL,
  `field4` varchar(100) NOT NULL,
  `field5` varchar(100) NOT NULL,
  `field6` varchar(100) NOT NULL,
  `field7` varchar(100) NOT NULL,
  `field8` varchar(100) NOT NULL,
  `field9` varchar(100) NOT NULL,
  `bankcode` varchar(100) NOT NULL,
  `error` varchar(100) NOT NULL,
  `error_Message` varchar(100) NOT NULL,
  `name_on_card` varchar(100) NOT NULL,
  `cardnum` varchar(100) NOT NULL,
  `card_type` varchar(100) NOT NULL,
  `flag` int(8) NOT NULL,
  `modified` datetime NOT NULL
) ENGINE=InnoDB DEFAULT CHARSET=utf8;

--
-- Dumping data for table `payment_details`
--

INSERT INTO `payment_details` (`id`, `txnid`, `paymentId`, `mode`, `payuMoneyId`, `net_amount_debit`, `status`, `amount`, `additionalCharges`, `addedon`, `createdOn`, `productinfo`, `firstname`, `lastname`, `auth_key`, `referral_amount`, `user_id`, `hash`, `field1`, `field2`, `field3`, `field4`, `field5`, `field6`, `field7`, `field8`, `field9`, `bankcode`, `error`, `error_Message`, `name_on_card`, `cardnum`, `card_type`, `flag`, `modified`) VALUES
(1, '', '', '', '', 0.00, '', 0.00, 0.00, '0000-00-00 00:00:00', '', '', '', '', '', 0.00, '', '', '', '', '', '', '', '', '', '', '', '', '', '', '', '', '', 0, '2020-01-03 11:11:33'),
(2, '1578030043465', '294042425', 'CASH', '294042425', 1.00, 'success', 1.00, 0.00, '2020-01-03 11:10:56', '1578030090000', ' 1 ', 'Abhi', '', '17a2b11f9695dcabef8aae51885c8b7c', 0.00, '8', 'b5a4eed7db42b2254eea60e38056ef6b6f7048403363c2d9e27269a3d7db355f387b4e10edda9b22be77c9f5895e6ec808a6fb440058a72b10446ba9fbe4a6a7', '2020-01-03 11:10:57.0', '20200103111212800110168690305801814', '9606010223', '', '', '', '', '', 'Txn Success', 'PAYTM', 'E000', 'No Error', '', '', '', 0, '2020-01-03 11:11:38'),
(3, '', '', '', '', 0.00, '', 0.00, 0.00, '0000-00-00 00:00:00', '', '', '', '', '', 0.00, '', '', '', '', '', '', '', '', '', '', '', '', '', '', '', '', '', 0, '2020-01-03 11:31:42'),
(4, '1578031257481', '294048188', 'CASH', '294048188', 1.00, 'success', 1.00, 0.00, '2020-01-03 11:31:11', '1578031298000', ' 2 ', 'Abhi', '', 'fd1c9a1a5cb222bbb823de9ba99917c9', 0.00, '6', '877713865840d13c3863289c0ec771bfa07b64b816fb5e997e5f4d71281dc158f17d0f28f310439505c5a5db08229eb4c36d3e0e67a5e3604385876118f07737', '2020-01-03 11:31:13.0', '20200103111212800110168164506098807', '9606146527', '', '', '', '', '', 'Txn Success', 'PAYTM', 'E000', 'No Error', '', '', '', 0, '2020-01-03 11:31:46'),
(5, '', '', '', '', 0.00, '', 0.00, 0.00, '0000-00-00 00:00:00', '', '', '', '', '', 0.00, '', '', '', '', '', '', '', '', '', '', '', '', '', '', '', '', '', 0, '2020-01-03 11:38:42'),
(6, '1578031686677', '294050252', 'CASH', '294050252', 1.00, 'success', 1.00, 0.00, '2020-01-03 11:38:17', '1578031720000', ' 3 ', 'Abcd', '', '0bc829468bc4aefc3b17614e16d3bf98', 0.00, '9', 'c7f3bf8f656729701ea6f3affe6029e99b8e758bf22915d9f68ff5d16e98dbfe5a002c2031a0b4db26d801d04f9a1c64ded6caa56af1b0b14134db95c2e72441', '2020-01-03 11:38:19.0', '20200103111212800110168869205906567', '9606195703', '', '', '', '', '', 'Txn Success', 'PAYTM', 'E000', 'No Error', '', '', '', 0, '2020-01-03 11:38:47'),
(7, '', '', '', '', 0.00, '', 0.00, 0.00, '0000-00-00 00:00:00', '', '', '', '', '', 0.00, '', '', '', '', '', '', '', '', '', '', '', '', '', '', '', '', '', 0, '2020-01-06 17:22:01'),
(8, '1578665366935', '295640638', 'CASH', '295640638', 0.00, 'failure', 0.10, 0.00, '2020-01-10 19:39:38', '1578665379000', ' 1 ', 'Laki', '', '4a49409292445e9b9b9c712b4d8eb990', 0.00, '14', '73033d0f4f27b126032ffd9037d79e3853ec4cbfe12ca5d66cdeba5940cf5a8dbdc538f6e6ca57a4b9a287b4e31aaf56019fe5a53d10bf8ee32d72964ed2807a', '', '', '', '', '', '', '', 'Received error while generating token', 'Error at the Bank Server end', 'PAYTM', 'E208', 'Error at the Bank Server end', '', '', '', 0, '2020-01-10 19:39:51'),
(9, '1578665394472', '295640708', 'CASH', '295640708', 0.00, 'failure', 0.10, 0.00, '2020-01-10 19:40:03', '1578665404000', ' 1 ', 'Laki', '', '4a49409292445e9b9b9c712b4d8eb990', 0.00, '14', 'd56b0e7eaa836717da6358b30238bb77e6079c2cae59483315db75d5bfdf7909764dd668ae327478bbb1fab10a5d8cb896a9ea927c12994ea24a81c6c9edbb7a', '', '', '', '', '', '', '', 'Received error while generating token', 'Error at the Bank Server end', 'PAYTM', 'E208', 'Error at the Bank Server end', '', '', '', 0, '2020-01-10 19:40:15'),
(10, '1578709587137', '295699417', 'CASH', '295699417', 0.00, 'failure', 0.10, 0.00, '2020-01-11 07:56:41', '1578709602000', ' 1 ', 'Laki', '', '4a49409292445e9b9b9c712b4d8eb990', 0.00, '14', 'f437f744892f9bc44cf25f5d302e05ac108939f4074f56416ae753490c55dcba5b7443e3062b7dab3173bd45c451269a3dbe2e960429b51249a4ee78bdc2f4eb', '', '', '', '', '', '', '', 'Received error while generating token', 'Error at the Bank Server end', 'PAYTM', 'E208', 'Error at the Bank Server end', '', '', '', 0, '2020-01-11 07:56:57'),
(11, '1578709618126', '295699440', 'CASH', '295699440', 0.00, 'failure', 0.10, 0.00, '2020-01-11 07:57:07', '1578709627000', ' 1 ', 'Laki', '', '4a49409292445e9b9b9c712b4d8eb990', 0.00, '14', 'f31a44ce8f2077523d621a369e1cce63601eedb6b0142e79e72755ac401bada4f783ea6aab8337c50df437258d7e3faf71a96d5ea7b2af6df4b04d3892a5ed68', '', '', '', '', '', '', '', 'Received error while generating token', 'Error at the Bank Server end', 'PAYTM', 'E208', 'Error at the Bank Server end', '', '', '', 0, '2020-01-11 07:57:16'),
(12, '', '', '', '', 0.00, '', 0.00, 0.00, '0000-00-00 00:00:00', '', '', '', '', '', 0.00, '', '', '', '', '', '', '', '', '', '', '', '', '', '', '', '', '', 0, '2020-01-11 07:59:34'),
(13, '1578709710228', '295699567', 'CASH', '295699567', 1.00, 'success', 1.00, 0.00, '2020-01-11 07:58:41', '1578709771000', ' 1 ', 'Laki', '', '4a49409292445e9b9b9c712b4d8eb990', 0.00, '14', '3d2b1ce73ebe8241fc39c7536a892b84494bd7a21224a94051088820ab3f189ff236f33b73feafd5a87ebc35053477ae3f004faa78fe162b1214fe5444df6fe6', '2020-01-11 07:58:43.0', '20200111111212800110168892507139722', '9654236765', '', '', '', '', '', 'Txn Success', 'PAYTM', 'E000', 'No Error', '', '', '', 0, '2020-01-11 07:59:39'),
(14, '', '', '', '', 0.00, '', 0.00, 0.00, '0000-00-00 00:00:00', '', '', '', '', '', 0.00, '', '', '', '', '', '', '', '', '', '', '', '', '', '', '', '', '', 0, '2020-01-11 08:04:22'),
(15, '1578710015972', '295700110', 'CASH', '295700110', 1.00, 'success', 1.00, 0.00, '2020-01-11 08:03:45', '1578710058000', ' 1 ', 'Guddu', '', 'edc07d681a02628ed13a89c8ce1d4c4b', 0.00, '21', 'b0709ee1eef4d8a64bef00e81b033ba0cbfdb2fab6a5cd2b8b66a48c6f83d4cb0dd0a60b05d93525266557730957e868a088253e5e00309b98c1cffc1a77ced3', '2020-01-11 08:03:47.0', '20200111111212800110168193007936035', '9654250723', '', '', '', '', '', 'Txn Success', 'PAYTM', 'E000', 'No Error', '', '', '', 0, '2020-01-11 08:04:27'),
(16, '', '', '', '', 0.00, '', 0.00, 0.00, '0000-00-00 00:00:00', '', '', '', '', '', 0.00, '', '', '', '', '', '', '', '', '', '', '', '', '', '', '', '', '', 0, '2020-01-11 10:57:09'),
(17, '1578720392411', '295724095', 'CASH', '295724095', 1.00, 'success', 1.00, 0.00, '2020-01-11 10:56:42', '1578720427000', ' 1 ', 'John', '', 'de9a41990fcd7397a7be2d58b150576c', 0.00, '35', 'b31b764238090697205e8d8749d0534fddcbab11b744df5a93cde8d81720e5b4ceb7078d4d2d0fecfe3391966f854c62170bd295f5a68dd70c8308c30b3c12e0', '2020-01-11 10:56:43.0', '20200111111212800110168484007378850', '9655010107', '', '', '', '', '', 'Txn Success', 'PAYTM', 'E000', 'No Error', '', '', '', 0, '2020-01-11 10:57:17'),
(18, '', '', '', '', 0.00, '', 0.00, 0.00, '0000-00-00 00:00:00', '', '', '', '', '', 0.00, '', '', '', '', '', '', '', '', '', '', '', '', '', '', '', '', '', 0, '2020-01-12 12:22:18'),
(19, '1578811906697', '295919548', 'CASH', '295919548', 1.00, 'success', 1.00, 0.00, '2020-01-12 12:21:57', '1578811937000', ' 1 ', 'Gchjhv', '', 'f2072a92cf4f0c2ab61e5b25fdcf5857', 0.00, '40', '712dd2776e797736ac22400de9c6107e7831d25765d806681ff989b0517758535953a86a3d7ea81ade91f56bcbd0bd7387d5f83e168c54c9d41ae1ab1cf1b677', '2020-01-12 12:21:58.0', '20200112111212800110168593807811233', '9660967323', '', '', '', '', '', 'Txn Success', 'PAYTM', 'E000', 'No Error', '', '', '', 0, '2020-01-12 12:22:24'),
(20, '', '', '', '', 0.00, '', 0.00, 0.00, '0000-00-00 00:00:00', '', '', '', '', '', 0.00, '', '', '', '', '', '', '', '', '', '', '', '', '', '', '', '', '', 0, '2020-01-12 13:28:43'),
(21, '1578815839706', '295931133', 'CASH', '295931133', 1.00, 'success', 1.00, 0.00, '2020-01-12 13:27:29', '1578815920000', ' 1 ', 'Satrudhan', '', 'ef20297fb4e3ef6510fe92576ea60da0', 0.00, '55', 'b0c40bb7893a6a377fa965c9c60a06b8c72f7a649e1ea8505c2ab91b5ae930a470b0b0bf19a4acc71139ddb2e80d321cba4f32bf60dff60fe5dd203ce1659e72', '2020-01-12 13:27:31.0', '20200112111212800110168208007648382', '9661389181', '', '', '', '', '', 'Txn Success', 'PAYTM', 'E000', 'No Error', '', '', '', 0, '2020-01-12 13:28:47'),
(22, '', '', '', '', 0.00, '', 0.00, 0.00, '0000-00-00 00:00:00', '', '', '', '', '', 0.00, '', '', '', '', '', '', '', '', '', '', '', '', '', '', '', '', '', 0, '2020-01-12 13:34:32'),
(23, '1578816232870', '295932353', 'CASH', '295932353', 1.00, 'success', 1.00, 0.00, '2020-01-12 13:34:01', '1578816270000', ' 1 ', 'Laxman', '', 'b0306ac34d9e4abf5fa9af3b77273a1a', 0.00, '56', 'ecc18db06a2cb078bbd0aa3473853a4f5288b2f1a558c889431b4948908755351df943909764874426d1be8d6e97f5d322d427b5fa28c64d4e6b278bac8aef93', '2020-01-12 13:34:03.0', '20200112111212800110168412707370828', '9661432651', '', '', '', '', '', 'Txn Success', 'PAYTM', 'E000', 'No Error', '', '', '', 0, '2020-01-12 13:34:38'),
(24, '', '', '', '', 0.00, '', 0.00, 0.00, '0000-00-00 00:00:00', '', '', '', '', '', 0.00, '', '', '', '', '', '', '', '', '', '', '', '', '', '', '', '', '', 0, '2020-01-12 13:37:23'),
(25, '1578816374639', '295932802', 'CASH', '295932802', 1.00, 'success', 1.00, 0.00, '2020-01-12 13:36:22', '1578816440000', ' 1 ', 'Abhi', '', '2aa82012ea67dc1e05967313aae1b064', 0.00, '57', 'c79c0de7f22b8c6324e0206e377117c41bce196bba375dfb5fac4c2bc7649d5153af9724b1406df96cfeed9b08a6410888680ac862e88de27cee3363a6bf7fa3', '2020-01-12 13:36:24.0', '20200112111212800110168244007767105', '9661448017', '', '', '', '', '', 'Txn Success', 'PAYTM', 'E000', 'No Error', '', '', '', 0, '2020-01-12 13:37:50'),
(26, '', '', '', '', 0.00, '', 0.00, 0.00, '0000-00-00 00:00:00', '', '', '', '', '', 0.00, '', '', '', '', '', '', '', '', '', '', '', '', '', '', '', '', '', 0, '2020-01-12 13:47:07'),
(27, '1578816949380', '295934302', 'CASH', '295934302', 1.00, 'success', 1.00, 0.00, '2020-01-12 13:45:58', '1578817025000', ' 1 ', 'Avijeet', '', '118a7833c93e8364b4b0f45c757ba0cc', 0.00, '58', '8db44a208abb0aaecda038dd5da283cf18c9acfb07ffc167fc8f017445373541657980c0177860d719888bd6c40befbfe99d4371df4442b02ad5e496134ec77c', '2020-01-12 13:46:00.0', '20200112111212800110168923908171730', '9661504535', '', '', '', '', '', 'Txn Success', 'PAYTM', 'E000', 'No Error', '', '', '', 0, '2020-01-12 13:47:13'),
(28, '', '', '', '', 0.00, '', 0.00, 0.00, '0000-00-00 00:00:00', '', '', '', '', '', 0.00, '', '', '', '', '', '', '', '', '', '', '', '', '', '', '', '', '', 0, '2020-01-12 17:34:05'),
(29, '', '', '', '', 0.00, '', 0.00, 0.00, '0000-00-00 00:00:00', '', '', '', '', '', 0.00, '', '', '', '', '', '', '', '', '', '', '', '', '', '', '', '', '', 0, '2020-01-12 17:59:38'),
(30, '1578832052946', '295969680', 'DC', '295969680', 1.00, 'success', 1.00, 0.00, '2020-01-12 17:58:52', '1578832175000', ' 1 ', 'Alok', '', '8c9f786e741c242692b6bc2fb1207091', 0.00, '59', 'c9777dcccf8328c0035a201f04c075c98324f466858e54f06f3b4ef75db39f6f3a7c6c3187c98fdac90da186d0ff0c97d517e87ceaadb34362d00283e7188223', '00', '361754', '20200112', '', '', '', 'AUTHPOSITIVE', '', 'Success', 'RUPAY', 'E000', 'No Error', 'payu', '606998XXXXXX5519', '', 0, '2020-01-12 17:59:55'),
(31, '', '', '', '', 0.00, '', 0.00, 0.00, '0000-00-00 00:00:00', '', '', '', '', '', 0.00, '', '', '', '', '', '', '', '', '', '', '', '', '', '', '', '', '', 0, '2020-01-12 21:16:19'),
(32, '', '', '', '', 0.00, '', 0.00, 0.00, '0000-00-00 00:00:00', '', '', '', '', '', 0.00, '', '', '', '', '', '', '', '', '', '', '', '', '', '', '', '', '', 0, '2020-01-12 21:16:23'),
(33, '', '', '', '', 0.00, '', 0.00, 0.00, '0000-00-00 00:00:00', '', '', '', '', '', 0.00, '', '', '', '', '', '', '', '', '', '', '', '', '', '', '', '', '', 0, '2020-01-13 11:48:09'),
(34, '', '', '', '', 0.00, '', 0.00, 0.00, '0000-00-00 00:00:00', '', '', '', '', '', 0.00, '', '', '', '', '', '', '', '', '', '', '', '', '', '', '', '', '', 0, '2020-01-13 11:48:13'),
(35, '', '', '', '', 0.00, '', 0.00, 0.00, '0000-00-00 00:00:00', '', '', '', '', '', 0.00, '', '', '', '', '', '', '', '', '', '', '', '', '', '', '', '', '', 0, '2020-01-13 21:48:59'),
(36, '1578932294984', '296197524', 'CASH', '296197524', 1.00, 'success', 1.00, 0.00, '2020-01-13 21:48:24', '1578932336000', ' 1 ', 'Ram', '', '790e8ffe61b9bed43848757c4e8471bf', 0.00, '62', 'e2bd0348a6858c1463472363e74a20ebd6d9ceff7a29710ec631a1c457f6051b025c536a32c2d352405b6428b0af0636cfad17c2c7435069911596c0de019d31', '2020-01-13 21:48:27.0', '20200113111212800110168920008440009', '9669276443', '', '', '', '', '', 'Txn Success', 'PAYTM', 'E000', 'No Error', '', '', '', 0, '2020-01-13 21:49:03'),
(37, '', '', '', '', 0.00, '', 0.00, 0.00, '0000-00-00 00:00:00', '', '', '', '', '', 0.00, '', '', '', '', '', '', '', '', '', '', '', '', '', '', '', '', '', 0, '2020-01-13 23:04:14'),
(38, '', '', '', '', 0.00, '', 0.00, 0.00, '0000-00-00 00:00:00', '', '', '', '', '', 0.00, '', '', '', '', '', '', '', '', '', '', '', '', '', '', '', '', '', 0, '2020-01-13 23:09:24'),
(39, '', '', '', '', 0.00, '', 0.00, 0.00, '0000-00-00 00:00:00', '', '', '', '', '', 0.00, '', '', '', '', '', '', '', '', '', '', '', '', '', '', '', '', '', 0, '2020-01-13 23:09:29'),
(40, '', '', '', '', 0.00, '', 0.00, 0.00, '0000-00-00 00:00:00', '', '', '', '', '', 0.00, '', '', '', '', '', '', '', '', '', '', '', '', '', '', '', '', '', 0, '2020-01-15 21:10:32'),
(41, '1579102774498', '296542037', 'CASH', '296542037', 1.00, 'success', 1.00, 0.00, '2020-01-15 21:09:46', '1579102828000', ' 1 ', 'Alok', '', '5f91f0cb29d12d40f2f1078909ed9493', 0.00, '64', '90a211ae555d720fac3e7ac23e97a5d7220b8b734984fb2f09b58bed5e9e97542de856209cb12293c31133950529d8b54c35f936b5c2bc21d04673a638171971', '2020-01-15 21:09:50.0', '20200115111212800110168471908025628', '9680203009', '', '', '', '', '', 'Txn Success', 'PAYTM', 'E000', 'No Error', '', '', '', 0, '2020-01-15 21:10:41'),
(42, '', '', '', '', 0.00, '', 0.00, 0.00, '0000-00-00 00:00:00', '', '', '', '', '', 0.00, '', '', '', '', '', '', '', '', '', '', '', '', '', '', '', '', '', 0, '2020-01-16 13:13:02'),
(43, '1579160463056', '296627704', 'CASH', '296627704', 1.00, 'success', 1.00, 0.00, '2020-01-16 13:11:13', '1579160555000', ' 1 ', 'Sonali', '', '1d362ed11b1c68cd8ce4b6116b639ad9', 0.00, '73', '6e98e76b44f23b310ac3374128ce027fb2fb71c922fdd89e8644bab998987028c54d2ee6d3792ad1d4173a8293f59dbbd0a0ebd498c873aaeeade4d6ddf185f3', '', '', '', '', '', 'PAYMENT_SUCCESS', '', '', 'Payment is successful', 'PHONEPE', 'E000', 'No Error', '', '', '', 0, '2020-01-16 13:13:06'),
(44, '1579160745061', '296628645', 'CASH', '296628645', 0.00, 'failure', 1.00, 0.00, '2020-01-16 13:15:54', '1579160756000', ' 1 ', 'Rahul', '', '02add3c4023293a24140a430478b4500', 0.00, '70', '149dfe607dee414a6ae05b83e0e431a000cb639846b0029f98541de66d80c74c70ebfb241e43faf77b9324600991fa554db1b58cdfdabe43caf3d10fe76c249f', '', '', '', '', '', '', '', '', 'Transaction denied due to blacklisted parameters.', 'PHONEPE', 'E307', 'Transaction denied due to risk', '', '', '', 0, '2020-01-16 13:16:03'),
(45, '1579175273938', '296672064', 'CASH', '296672064', 0.00, 'failure', 1.00, 0.00, '2020-01-16 17:18:04', '1579175286000', ' 1 ', 'Rahul', '', 'a87c3cabc28b6513d1162af4522458a7', 0.00, '70', 'f6393ed8e39495160bc2440bab9497e89701bc78dd26a4fe09408e174ff905b65469514578cd0a2d38bc2b0d07d8ee299476a4757d1b7ada0e3f6b881243e806', '', '', '', '', '', '', '', '', 'Transaction denied due to blacklisted parameters.', 'PHONEPE', 'E307', 'Transaction denied due to risk', '', '', '', 0, '2020-01-16 17:18:13'),
(46, '1579175301395', '296672123', 'CASH', '296672123', 0.00, 'failure', 1.00, 0.00, '2020-01-16 17:18:29', '1579175311000', ' 1 ', 'Rahul', '', 'a87c3cabc28b6513d1162af4522458a7', 0.00, '70', 'c18021d5a80d5217267ed22693e94a4cb39ff92938d08fb3d0205f64aec4f25239b76b64ce3539fe9188a7a706fb5c4e3603f8cf261d9e6e3f407da49dc34c50', '', '', '', '', '', '', '', '', 'Transaction denied due to blacklisted parameters.', 'PHONEPE', 'E307', 'Transaction denied due to risk', '', '', '', 0, '2020-01-16 17:18:37'),
(47, '', '', '', '', 0.00, '', 0.00, 0.00, '0000-00-00 00:00:00', '', '', '', '', '', 0.00, '', '', '', '', '', '', '', '', '', '', '', '', '', '', '', '', '', 0, '2020-01-16 21:06:38'),
(48, '1579188845737', '296712014', 'DC', '296712014', 1.00, 'success', 1.00, 0.00, '2020-01-16 21:04:44', '1579188993000', ' 1 ', 'Mona', '', '941fe296d004e7de2b6176108d573b4a', 0.00, '69', '246ffd1d4c4c185e420b82cf4c751066e3762c175ff0baaf7721343d7ffa75a19be1bd2f0658067ec1590dd7052a4bb0431a2878dbb2bed9dbf0f24b083e2944', '', '756064', '', '', '', '', '', '', 'success', 'RUPAY', 'E000', 'No Error', 'payu', '607431XXXXXX8397', '', 0, '2020-01-16 21:06:41'),
(49, '1579189038098', '296712519', 'DC', '296712519', 0.00, 'failure', 1.00, 0.00, '2020-01-16 21:07:42', '1579189064000', ' 1 ', 'Rahul', '', 'dcb385d33dd532b7ef2dfb63af6ce0a9', 0.00, '70', 'aa2dd6da18b218a9a5c1b9a6974d29fd53d8ac0630bee7ad7c700397b3eb87900b51d68c7e868f7ac9caa53fec96e9f8be11efaba16535caf24edf03d446316d', '', '', '', '', '', '', '', '', 'Transaction denied due to blacklisted parameters.', 'RUPAY', 'E307', 'Transaction denied due to risk', 'payu', '607431XXXXXX8397', '', 0, '2020-01-16 21:07:52'),
(50, '1579189073437', '296712619', 'CASH', '296712619', 0.00, 'failure', 1.00, 0.00, '2020-01-16 21:08:02', '1579189083000', ' 1 ', 'Rahul', '', 'dcb385d33dd532b7ef2dfb63af6ce0a9', 0.00, '70', '581962d211b4d5ce456e5c8fb67e0af8faac4d601fc46628ce609573a835330d2596ca97a3e58ed600bc6dcd8710504ff8a0c666e74847e1a31d0d4f893ab26a', '', '', '', '', '', '', '', '', 'Transaction denied due to blacklisted parameters.', 'PAYTM', 'E307', 'Transaction denied due to risk', '', '', '', 0, '2020-01-16 21:08:11'),
(51, '1579189107606', '296712700', 'CASH', '296712700', 0.00, 'failure', 1.00, 0.00, '2020-01-16 21:08:36', '1579189118000', ' 1 ', 'Rahul', '', 'dcb385d33dd532b7ef2dfb63af6ce0a9', 0.00, '70', '9d1a47a58d13fec248458950369b1fd08b71c5193ac43cb27b3044956d5f09d7618a5f7aeaeb07b787e3b5185665bd1b73e5fd96fbbd28ec937fd4010bbdd4fa', '', '', '', '', '', '', '', '', 'Transaction denied due to blacklisted parameters.', 'PAYTM', 'E307', 'Transaction denied due to risk', '', '', '', 0, '2020-01-16 21:08:47'),
(52, '1579189230917', '296713168', 'CASH', '296713168', 0.00, 'failure', 1.00, 0.00, '2020-01-16 21:10:40', '1579189241000', ' 1 ', 'Rahul', '', '415ddbaff7e80dfd4783e147ea8c5edd', 0.00, '70', 'c11f89f5bc7d781480b7a79bf29f801703a506bd49c282adefce424c30b49af40f77f8825510ee1fc1030d51b878aaaef7efd1df00cd304346b79815df4d1ca8', '', '', '', '', '', '', '', '', 'Transaction denied due to blacklisted parameters.', 'PAYTM', 'E307', 'Transaction denied due to risk', '', '', '', 0, '2020-01-16 21:10:49'),
(53, '', '', '', '', 0.00, '', 0.00, 0.00, '0000-00-00 00:00:00', '', '', '', '', '', 0.00, '', '', '', '', '', '', '', '', '', '', '', '', '', '', '', '', '', 0, '2020-01-16 21:12:57'),
(54, '1579189330721', '296713392', 'CASH', '296713392', 1.00, 'success', 1.00, 0.00, '2020-01-16 21:12:18', '1579189375000', ' 1 ', 'Roma', '', 'be880d29d64ac8a8077958cc2696d17c', 0.00, '74', 'c9333daddb5c2c769f1dbc83a43da4bff4c7e84c46554ee1baf6c13dfd483a6d3bdc524f2f5a805df3decd57414939a5b8abee074822c6b4db730ddb109e7fdd', '2020-01-16 21:12:20.0', '20200116111212800110168500108535639', '9685382447', '', '', '', '', '', 'Txn Success', 'PAYTM', 'E000', 'No Error', '', '', '', 0, '2020-01-16 21:13:03'),
(55, '', '', '', '', 0.00, '', 0.00, 0.00, '0000-00-00 00:00:00', '', '', '', '', '', 0.00, '', '', '', '', '', '', '', '', '', '', '', '', '', '', '', '', '', 0, '2020-01-16 21:17:56'),
(56, '1579189609304', '296714114', 'CASH', '296714114', 1.00, 'success', 1.00, 0.00, '2020-01-16 21:16:57', '1579189667000', ' 1 ', 'Haka', '', '51ce59f482af51a7920e9540a05971d5', 0.00, '75', '6065637d246f44895837214a44d1c7970108e7d799c2043eeadaf7357cc1bc9e65d524b1e71c3bc5a151873da6e1d1679495565f21c2d379c5e41c21ac8e7d32', '', '', '', '', '', 'PAYMENT_SUCCESS', '', '', 'Payment is successful', 'PHONEPE', 'E000', 'No Error', '', '', '', 0, '2020-01-16 21:18:01'),
(57, '', '', '', '', 0.00, '', 0.00, 0.00, '0000-00-00 00:00:00', '', '', '', '', '', 0.00, '', '', '', '', '', '', '', '', '', '', '', '', '', '', '', '', '', 0, '2020-01-16 21:20:02'),
(58, '1579189742720', '296714441', 'CASH', '296714441', 1.00, 'success', 1.00, 0.00, '2020-01-16 21:19:09', '1579189792000', ' 1 ', 'Haka', '', '4e8ee5d34e241340bdce83692e063e8a', 0.00, '76', 'e848139632c429696dea2368f991921be55580bc4e33bcf7910818c4fc4e7bfcfe44544cc138590bc726aa3f512a2aba40d895076fa40a9531bac48fb225e41c', '', '', '', '', '', 'PAYMENT_SUCCESS', '', '', 'Payment is successful', 'PHONEPE', 'E000', 'No Error', '', '', '', 0, '2020-01-16 21:20:11'),
(59, '', '', '', '', 0.00, '', 0.00, 0.00, '0000-00-00 00:00:00', '', '', '', '', '', 0.00, '', '', '', '', '', '', '', '', '', '', '', '', '', '', '', '', '', 0, '2020-01-19 18:40:15'),
(60, '1579439331491', '297252826', 'CASH', '297252826', 20.00, 'success', 20.00, 0.00, '2020-01-19 18:39:10', '1579439406000', ' 2 ', 'Ankita', '', '9f613be830318e8602a7f4daab238055', 0.00, '78', '618800ea453d60877ee50c16365406e0895268ad7089c9e55d41e815507da6e75571ff14f57984a2a721287dc049341e77e20a74496fe2230b2b1cecda6406a5', '', '', '', '', '', 'PAYMENT_SUCCESS', '', '', 'Payment is successful', 'PHONEPE', 'E000', 'No Error', '', '', '', 0, '2020-01-19 18:40:19'),
(61, '', '', '', '', 0.00, '', 0.00, 0.00, '0000-00-00 00:00:00', '', '', '', '', '', 0.00, '', '', '', '', '', '', '', '', '', '', '', '', '', '', '', '', '', 0, '2020-01-19 18:41:57'),
(62, '1579439460518', '297253179', 'CASH', '297253179', 50.00, 'success', 50.00, 0.00, '2020-01-19 18:41:10', '1579439509000', ' 1 ', 'Ankita', '', '9f613be830318e8602a7f4daab238055', 0.00, '78', '5c7f66f00f21cc000f926d8e8a71af316c260258027cd1828a561fb4bf6095b2ff174a3bf88e41489f8b4fc61a601d57353d9974df76d82ec11e711a72db10d1', '', '', '', '', '', 'PAYMENT_SUCCESS', '', '', 'Payment is successful', 'PHONEPE', 'E000', 'No Error', '', '', '', 0, '2020-01-19 18:42:08'),
(63, '1579796866423', '298162917', 'CASH', '298162917', 50.00, 'success', 50.00, 0.00, '2020-01-23 21:59:18', '1579797024000', ' 1 ', 'Kishan', '', '193b3bbc90d640336795a7ae73f8cde5', 0.00, '85', 'be53887d2ed5b138b8dc9496e72d2582bc9f5c60c6c0267cc6ade34debc2249699dedf8b21563cf5a0aaf175634018b774d471240b0a7227d3a7f061a0c067f0', '', '', '', '', '', 'PAYMENT_SUCCESS', '', '', 'Payment is successful', 'PHONEPE', 'E000', 'No Error', '', '', '', 0, '2020-01-23 22:00:38'),
(64, '1579967238861', '298562693', 'CASH', '298562693', 50.00, 'success', 50.00, 0.00, '2020-01-25 21:17:36', '1579967310000', ' 1 ', 'Prity', '', '5473bd068626548de4f8a7b7937adb49', 0.00, '86', '03e1ae11e015b5df292d41ab5649f6ff65184461640288b7006d073ff460672538ddf48fc50adb1b62b0c391e9279689d4cc7922ebe641432326544e162ec2ee', '', '', '', '', '', 'PAYMENT_SUCCESS', '', '', 'Payment is successful', 'PHONEPE', 'E000', 'No Error', '', '', '', 0, '2020-01-25 21:18:51'),
(65, '1580008595863', '298601913', 'CASH', '298601913', 40.00, 'success', 40.00, 0.00, '2020-01-26 08:46:49', '1580008732000', ' 2 ', 'Avijeet', '', '617611ecb2629b69136fd8db1c358150', 10.00, '58', '446cc7e80a8208cfa9d8e4ede6f6dfc7c90cd49de61fcf6c01f1e21fee918657c98e1b39c57e9a82ec9a4fe8328a13ab76ad0eaa9dc6ea0e5a6876c596c25dc6', '', '', '', '', '', 'PAYMENT_SUCCESS', '', '', 'Payment is successful', 'PHONEPE', 'E000', 'No Error', '', '', '', 0, '2020-01-26 08:49:06');

-- --------------------------------------------------------

--
-- Table structure for table `pdf`
--

CREATE TABLE `pdf` (
  `id` int(8) NOT NULL,
  `video_id` int(8) NOT NULL,
  `pdf_name` varchar(200) NOT NULL,
  `pdf_url` varchar(300) NOT NULL,
  `modified` datetime NOT NULL,
  `status` int(3) NOT NULL
) ENGINE=InnoDB DEFAULT CHARSET=utf8;

--
-- Dumping data for table `pdf`
--

INSERT INTO `pdf` (`id`, `video_id`, `pdf_name`, `pdf_url`, `modified`, `status`) VALUES
(1, 1, 'pdf_20200102175430_0.pdf', '../pdf/pdf_20200102175430_0.pdf', '2020-01-03 09:27:40', 0),
(2, 2, 'pdf_20200103110619_0.pdf', '../pdf/pdf_20200103110619_0.pdf', '2020-01-03 11:21:34', 0),
(3, 3, 'pdf_20200103112556_0.docx', '../pdf/pdf_20200103112556_0.docx', '2020-01-04 19:52:05', 0),
(4, 4, 'pdf_20200103112857_0.docx', '../pdf/pdf_20200103112857_0.docx', '2020-01-03 20:16:04', 0),
(5, 5, 'pdf_20200103113639_0.docx', '../pdf/pdf_20200103113639_0.docx', '2020-01-04 19:52:07', 0),
(6, 6, 'pdf_20200103114415_0.pdf', '../pdf/pdf_20200103114415_0.pdf', '2020-01-04 19:52:10', 0),
(7, 9, 'pdf_20200104200730_0.pdf', '../pdf/pdf_20200104200730_0.pdf', '0000-00-00 00:00:00', 1),
(8, 15, 'pdf_20200117221736_0.pdf', '../pdf/pdf_20200117221736_0.pdf', '0000-00-00 00:00:00', 1),
(9, 22, 'pdf_20200124120310_0.pdf', '../pdf/pdf_20200124120310_0.pdf', '0000-00-00 00:00:00', 1);

-- --------------------------------------------------------

--
-- Table structure for table `profile`
--

CREATE TABLE `profile` (
  `id` int(8) NOT NULL,
  `user_id` int(8) NOT NULL,
  `first_name` varchar(50) NOT NULL,
  `last_name` varchar(50) DEFAULT NULL,
  `email` varchar(50) DEFAULT NULL,
  `contact` varchar(11) DEFAULT NULL,
  `address` varchar(100) DEFAULT NULL,
  `profile_pic` varchar(50) DEFAULT NULL,
  `referral_code` varchar(15) NOT NULL,
  `referral_price` int(8) NOT NULL DEFAULT '1',
  `created` datetime NOT NULL,
  `modified` datetime NOT NULL,
  `active` int(1) NOT NULL
) ENGINE=MyISAM DEFAULT CHARSET=utf8;

--
-- Dumping data for table `profile`
--

INSERT INTO `profile` (`id`, `user_id`, `first_name`, `last_name`, `email`, `contact`, `address`, `profile_pic`, `referral_code`, `referral_price`, `created`, `modified`, `active`) VALUES
(1, 1, 'Abhi', 'Singh ', 'abhisingh12111998@gmail.com', '8581810321', 'Malhipur', NULL, 'F7QRXW', 1, '2020-01-02 17:55:21', '2020-01-03 09:25:57', 0),
(2, 2, 'Laxman', 'Kumar', 'qgabhi@gmail.com', '8581810321', 'Malhipur', NULL, 'X039HD', 1, '2020-01-02 17:58:07', '2020-01-03 09:25:50', 0),
(3, 3, 'Akbar', 'Ali', 'akbar1991ali@yahoo.com', '9852751085', 'Begusarai', NULL, '7L0J9N', 1, '2020-01-02 18:26:23', '2020-01-02 18:26:23', 1),
(4, 4, 'Suman', 'Raj', 'sumanrajinbox@gmail.com', '7979044783', 'Banglore', NULL, '102VBG', 1, '2020-01-02 18:53:00', '2020-01-02 18:53:00', 1),
(5, 5, 'Laxman', 'Kumar', 'abc@gmail.com', '8581810321', 'Bihat', NULL, '6861NZ', 1, '2020-01-02 21:48:46', '2020-01-03 09:25:44', 0),
(6, 6, 'Abhi', 'Singh', 'qgabhi@gmail.com', '8581810321', 'Malhipur,851116, Begusarai,Bihar', NULL, 'NAT0G4', 1, '2020-01-03 09:33:01', '2020-01-03 20:18:07', 0),
(7, 7, 'Guddu', 'Kumar', 'gudduroy1112@gmail.com', '7281972590', 'Chakiya,btps,851116', NULL, 'A9HMTF', 1, '2020-01-03 10:44:07', '2020-01-03 20:18:12', 0),
(8, 8, 'Abhi', 'Singh', 'abc@gmail.com', '8581810321', 'Malhipur', NULL, 'W03BLZ', 1, '2020-01-03 11:07:51', '2020-01-04 19:53:04', 0),
(9, 9, 'Abcd', 'Kumar', 'abcd@gmail.com', '8581810321', 'Ghfhj', NULL, '91LF8Q', 1, '2020-01-03 11:37:44', '2020-01-04 19:53:10', 0),
(10, 10, 'Abhi', 'Singh', 'qgabhi@gmail.com', '8581810321', 'Malhipur', NULL, 'I61L0Z', 1, '2020-01-03 20:18:50', '2020-01-04 19:53:16', 0),
(11, 11, 'Kishan', 'Kumar', 'kishanyadav8709258042@gmail.com', '8709258042', 'Kasha', NULL, 'Y6R7O1', 1, '2020-01-03 20:54:01', '2020-01-23 21:56:20', 0),
(12, 12, 'Kanchan', 'kumari', 'kanchankri15feb@gmail.com', '+449172580', 'malhipur', NULL, '180RJS', 1, '2020-01-04 08:11:41', '2020-01-04 08:11:41', 1),
(13, 13, 'Ravi', 'Raj', 'kunalkishor453@gmail.com', '7992343146', 'Chkia', NULL, '8N2E5Q', 1, '2020-01-04 11:18:11', '2020-01-04 11:18:11', 1),
(14, 14, 'Laki', 'Singh', 'abc@gmail.com', '8581810321', 'Malhipur', NULL, 'D8LGZW', 1, '2020-01-04 20:10:52', '2020-01-04 20:10:52', 1),
(15, 15, 'Abhi', 'Singh', 'abcd@gmail.com', '7766833918', 'Malhipur', NULL, 'N1UPBM', 1, '2020-01-04 20:11:48', '2020-01-12 13:33:42', 0),
(16, 16, 'Kishan', 'Raj', 'kishanraj851126@gmail.com', '8709258042', 'Kasha', NULL, '9CXE8R', 1, '2020-01-05 01:41:11', '2020-01-23 21:55:58', 0),
(17, 17, 'Kishan', 'Raj', 'kishanraj851126@gmail.co', '8709258042', 'Kasha', NULL, '1X3H49', 1, '2020-01-05 11:32:28', '2020-01-23 21:55:33', 0),
(18, 18, 'Uttam', 'Kumar', 'uttamkumaruk469610@gmail.com', '6209718926', 'Amai Kazi Tola Hasan Bazar Bhojpur', NULL, '8I77QW', 1, '2020-01-05 11:40:30', '2020-01-05 11:40:30', 1),
(19, 19, 'Saurav', 'Vidut', '6204555641.sauravkumar@gmail.com', '6204555641', 'Kasha', NULL, '2RA160', 1, '2020-01-05 13:25:33', '2020-01-05 13:25:33', 1),
(20, 20, 'Jatan', 'Kumar', 'jatankumarjk7@gmail.com', '6201511479', 'Vill-Chakia, Malhipur, Dist-Begusarai,State-Bihar', NULL, 'Q8KP89', 1, '2020-01-05 22:17:55', '2020-01-05 22:17:55', 1),
(21, 21, 'Guddu', 'Kumar', 'gudduroy1112@gmail.com', '7281972590', 'Chakiya,851116', NULL, 'DXGR1E', 1, '2020-01-06 17:19:02', '2020-01-06 17:19:02', 1),
(22, 22, 'ABHISHEK ', 'Kumar ', 'abhshekk0101@gmail.com', '6205966330', 'Rachiyahi ', NULL, '1L4I21', 1, '2020-01-07 11:26:57', '2020-01-07 11:26:57', 1),
(23, 23, 'Nitesh', 'Raj', 'niteshraj119n@gmail.com', '7352694120', 'Sasana', NULL, 'F3518A', 1, '2020-01-07 13:15:13', '2020-01-07 13:15:13', 1),
(24, 24, 'Nitesh', 'Raj', 'bantikr7352@gmail.com', '7352694120', 'Sasana', NULL, '883HMJ', 1, '2020-01-07 13:19:05', '2020-01-07 13:19:05', 1),
(25, 25, 'Pushpraj', 'KUMAR', 'prkraj05@gmail.com', '+191790362', 'Chanan Bindtoli', NULL, 'T2AEWG', 1, '2020-01-07 22:30:34', '2020-01-07 22:30:34', 1),
(26, 26, 'Saurav', 'vidut', 'saurabhvidut@gmail.com', '6204555641', 'Kasha', NULL, 'TKR7YQ', 1, '2020-01-07 22:36:27', '2020-01-07 22:36:27', 1),
(27, 27, 'Saurav', 'vidut', 'sauravkumar@gmail.com', '6204555641', 'Kasha', NULL, 'KLMGFW', 1, '2020-01-07 22:42:26', '2020-01-07 22:42:26', 1),
(28, 28, 'Manish', 'Kumar', 'zxaditya3978@gmail.com', '8404843024', 'Begusarai', NULL, 'H7D401', 1, '2020-01-08 06:35:01', '2020-01-08 06:35:01', 1),
(29, 29, 'Ransh ', 'Roy', 'ranshroy858@gmail.com', '9709895137', 'Barauni', NULL, 'O514Q0', 1, '2020-01-08 06:52:10', '2020-01-08 06:52:10', 1),
(30, 30, 'Ashutosh', 'Raj', 'rajashutosh797@gmail.com', '9122953228', 'At- Chakiya Begusarai', NULL, '2DASZ0', 1, '2020-01-08 10:44:56', '2020-01-08 10:44:56', 1),
(31, 31, 'Jatn', 'Kumar', 'jatankumarji@gmail.com', '6201511479', 'Vill - Chakia,Malhipur, Dist - Begusarai,Bihar', NULL, 'MO9N47', 1, '2020-01-08 13:46:58', '2020-01-08 13:46:58', 1),
(32, 32, 'Anshu ', 'Kumar', 'anshu6206234571@gmail.com', '8298594324', 'Naya Tola Sahebpur .  District-begusrai', NULL, 'RKL6Y1', 1, '2020-01-08 17:31:07', '2020-01-08 17:33:00', 0),
(33, 33, 'Anshu', 'Kumar', 'anshu6206234571@gmail.com', '8298594324', 'Sahebpurkamal Naya Tola ', NULL, '4726S0', 1, '2020-01-08 17:33:07', '2020-01-08 17:33:07', 1),
(34, 34, 'Mihir', 'Raj', 'Mihirraj123@gmail.com', '7004051445', 'Kasha', NULL, 'R18I8M', 1, '2020-01-09 21:17:58', '2020-01-09 21:17:58', 1),
(35, 35, 'John', 'Smitj', 'john@gmail.com', '9852750185', 'Usa Guugjj', NULL, 'O63IUT', 1, '2020-01-11 10:55:56', '2020-01-11 10:55:56', 1),
(36, 36, 'Doe Smith', 'Smith', 'doe@gmail.com', '9852750185', 'Gfjjh', NULL, '0VA559', 1, '2020-01-11 17:47:45', '2020-01-11 17:47:45', 1),
(37, 37, 'Fjii', 'Giuduff', 'ancd@gmsil.com', '9852145855', 'Office R', NULL, 'TJBCYV', 1, '2020-01-11 18:11:38', '2020-01-11 18:11:38', 1),
(38, 38, 'Jsnen', 'Hsbsb', 'abcde@gmail.com', '9852365896', 'Bebebs', NULL, '11Q7Y2', 1, '2020-01-11 18:14:34', '2020-01-11 18:14:34', 1),
(39, 39, 'suman', 'raj', 'suma9228@gmail.com', '7979044793', 'Bengaluru, Karnatka', NULL, 'LO1IF3', 1, '2020-01-11 18:17:19', '2020-01-11 18:17:19', 1),
(40, 40, 'Gchjhv', 'Gvhjj', 'abcdef@gmail.com', '9852365147', 'Gvhhh', NULL, 'VFT55A', 1, '2020-01-11 18:17:32', '2020-01-11 18:17:32', 1),
(41, 41, 'suman', 'raj', 'suma928@gmail.com', '797904479', 'Bengaluru, Karnatka', NULL, '7T5G6J', 1, '2020-01-11 18:19:47', '2020-01-11 18:19:47', 1),
(42, 42, 'suman', 'raj', 'suma926@gmail.com', '7979044790', 'Bengaluru, Karnatka', NULL, '831JY7', 1, '2020-01-11 18:28:50', '2020-01-11 18:28:50', 1),
(43, 43, 'suman', 'raj', 'suma925@gmail.com', '7979044795', 'Bengaluru, Karnatka', NULL, 'LNR7T0', 1, '2020-01-11 18:29:00', '2020-01-11 18:29:00', 1),
(44, 44, 'Isan', 'Kumar', 'iranrajo@gmail.com', '7461099376', 'Bihat', NULL, 'L3BR88', 1, '2020-01-11 20:33:58', '2020-01-11 20:33:58', 1),
(45, 45, 'suman', 'raj', 'suman000@gmail.com', '7979044700', 'Bengaluru, Karnatka', NULL, '8QR0JE', 1, '2020-01-12 11:50:04', '2020-01-12 11:50:04', 0),
(46, 46, 'Abcg', 'Hsbdbd', 'abcdefg@gmail.com', '9852365258', 'Hebebd', NULL, '1ER5I0', 1, '2020-01-12 11:50:25', '2020-01-12 11:50:25', 1),
(47, 47, 'Hsbsbd', 'Hsbbsbs', 'hhsbsb@jsj.xom', '9852314587', 'Gsbess', NULL, 'Y76M00', 1, '2020-01-12 11:51:23', '2020-01-12 11:51:23', 1),
(48, 48, 'Abhijeet', 'Kumar', 'qgabhi@gmail.com', '2583691479', 'Malhipur', NULL, '1482AO', 1, '2020-01-12 11:52:19', '2020-01-12 13:44:28', 0),
(49, 49, 'Laxman', 'Kumat', 'xyz@gmail.com', '1472583690', 'Malhipur', NULL, 'L7F834', 1, '2020-01-12 11:54:09', '2020-01-12 13:32:37', 0),
(50, 50, 'Abhi ', 'Singh', 'xyzc@gmail.com', '2580369741', 'Bihat', NULL, '24SM37', 1, '2020-01-12 11:54:52', '2020-01-12 13:32:24', 0),
(51, 51, 'Niraj', 'Narwal', 'nk1454913@gmail.com', '9608431620', 'Bihat', NULL, 'AG13W0', 1, '2020-01-12 11:55:13', '2020-01-12 11:55:13', 1),
(52, 52, 'Ram ', 'Kumar', 'xyzd@gmail.com', '3690852147', 'Samastipur', NULL, 'LWXAO5', 1, '2020-01-12 12:15:16', '2020-01-12 13:32:09', 0),
(53, 53, 'SHATRUGHAN ', 'SINHA ', 'sksinha2082@gmail.com', '8873080027', 'At+po-Kerai 01 ,Ps -Bibhutipur ,Samastipur ', NULL, 'Y4GFCS', 1, '2020-01-12 12:52:54', '2020-01-12 12:54:03', 0),
(54, 54, 'Hdhdbdb', 'Hshshs', 'sksinha2082@gmail.com', '8873080027', 'Hshsshssh', NULL, '1SRTL7', 1, '2020-01-12 13:18:31', '2020-01-12 13:19:12', 0),
(55, 55, 'Satrudhan ', 'Sinha', 'sksinha2082@gmail.com', '8873080027', 'Kalyanpur,Samastipur,848160', NULL, 'GI1BX0', 1, '2020-01-12 13:25:59', '2020-01-12 13:25:59', 1),
(56, 56, 'Laxman', 'Abhi', 'abhisingh12111998@gmail.com', '9801637547', 'Malhiour', NULL, 'OBY1R4', 1, '2020-01-12 13:31:12', '2020-01-12 13:31:12', 1),
(57, 57, 'Abhi', 'Singh', 'abcd@gmail.com', '7766833918', 'Malhiour', NULL, 'RE9XWZ', 1, '2020-01-12 13:36:08', '2020-01-12 13:36:08', 1),
(58, 58, 'Avijeet', 'Singh', 'qgabhi@gmail.com', '8709210509', 'Malhipur', NULL, 'ZBK1DU', 1, '2020-01-12 13:45:44', '2020-01-12 13:45:44', 1),
(59, 59, 'Alok', 'Kumar', 'alokkumar.begusarai@gmail.com', '8709921509', 'Malhipur', NULL, '8A1R4Q', 1, '2020-01-12 17:55:16', '2020-01-15 20:44:30', 0),
(60, 60, 'Vivek', 'Kumar', 'ak8280885@gmail.com', '+191748874', 'Baidhnath Pur', NULL, '29H73A', 1, '2020-01-13 17:49:52', '2020-01-13 17:49:52', 1),
(61, 61, 'Md Akbar', 'Akbar', 'amd255484@gmail.com', '7033820481', 'Malhipur Birpur Tola ', NULL, '7MTQZ8', 1, '2020-01-13 19:23:25', '2020-01-13 19:23:25', 1),
(62, 62, 'Ram ', 'Narayan', 'ramkumar@gmail.com', '7870284156', 'Simariya Ghat', NULL, '1FW2JI', 1, '2020-01-13 21:48:01', '2020-01-13 21:48:01', 1),
(63, 63, 'Dilip', 'kumat', 'dilip@gmail.com', '9738149531', 'BTm First stage', NULL, 'ZNP81K', 1, '2020-01-14 19:46:18', '2020-01-14 19:46:18', 1),
(64, 64, 'Alok', 'Kumar', 'alokkumar.Begusarai@gmail.com', '8709921509', 'Malhipur', NULL, 'GEWPN7', 1, '2020-01-15 21:08:53', '2020-01-15 21:08:53', 1),
(65, 65, 'Test', 'Last', 'sumanrajinbox555@gmail.com', '6262538526', 'Agsgs', NULL, 'S95DCE', 1, '2020-01-15 22:04:32', '2020-01-15 22:04:32', 1),
(66, 66, 'suman', 'raj', 'suman666@gmail.com', '79790477', 'Bengaluru, Karnatka', NULL, '325C9S', 1, '2020-01-15 22:05:43', '2020-01-15 22:05:43', 1),
(67, 67, 'Xyza', 'Kumar', 'xyz@gmail.com', '2131415161', 'Koju 851116', NULL, '1D6WXM', 1, '2020-01-16 13:03:57', '2020-01-16 13:03:57', 1),
(68, 68, 'Ghysh', 'Singh', 'ghy@gmail.com', '3121415161', 'Khoji 2 H ', NULL, '45POMK', 1, '2020-01-16 13:04:57', '2020-01-16 13:04:57', 1),
(69, 69, 'Mona', 'Kumari', 'mona@gmail.com', '8121314678', 'Singh 858116', NULL, '9P34S2', 1, '2020-01-16 13:05:43', '2020-01-19 18:31:30', 0),
(70, 70, 'Rahul', 'Kumar', 'rahul@gmail.com', '6131214578', 'Khoji 851116', NULL, 'DGON6T', 1, '2020-01-16 13:06:21', '2020-01-16 13:06:21', 1),
(71, 71, 'Tuna', 'Singh', 'tuna@gmail.com', '3154618790', 'Malhipur', NULL, '2VXI4R', 1, '2020-01-16 13:06:52', '2020-01-16 13:06:52', 1),
(72, 72, 'Tuk Tuk', 'Singh', 'tuktuk@gmail.com', '5141213761', 'Malhipur', NULL, 'M57DWT', 1, '2020-01-16 13:07:24', '2020-01-16 13:07:24', 1),
(73, 73, 'Sonali', 'Kumati', 'sonali@gmail.com', '9161321458', 'Malhipur 851116', NULL, '7NZOQL', 1, '2020-01-16 13:08:01', '2020-01-19 18:30:07', 0),
(74, 74, 'Roma', 'Kumari', 'romakumari@gmail.com', '6395384277', 'Kashha', NULL, 'B933V1', 1, '2020-01-16 21:11:59', '2020-01-16 21:11:59', 1),
(75, 75, 'Haka', 'Kumari', 'hakakumari@gmail.com', '6285389312', 'Malhipur', NULL, 'QLWU4T', 1, '2020-01-16 21:14:06', '2020-01-19 18:30:02', 0),
(76, 76, 'Haka', 'Kumari', 'ankitakumari@gmail.com', '6254789132', 'Malhipur', NULL, '5ICT19', 1, '2020-01-16 21:18:37', '2020-01-19 18:29:53', 0),
(77, 77, 'Isan', 'Kumar', 'isank620@gmail.com', '6205107818', 'Bihat', NULL, '0E8BCR', 1, '2020-01-17 11:48:34', '2020-01-17 11:48:34', 1),
(78, 78, 'Ankita', 'Kumari', 'ankitakumari@gmail.com', '8877365661', 'Malhipur', NULL, '5FU7XI', 1, '2020-01-19 18:33:54', '2020-01-19 18:33:54', 1),
(79, 79, 'Haka', 'Kumari', 'hakakumari@gmail.com', '8252302520', 'Malhipur', NULL, 'P9OD7Y', 1, '2020-01-19 18:35:07', '2020-01-19 18:35:07', 1),
(80, 80, 'Sonali', 'Kumari', 'sonali@gmail.com', '9431230942', 'Malhipyr', NULL, 'VYNF71', 1, '2020-01-19 18:37:31', '2020-01-19 22:21:10', 0),
(81, 81, 'Sonali', 'Kumari', 'sonali@gmail.com', '2211334455', 'Malhipu', NULL, '1LAZPF', 1, '2020-01-19 22:25:04', '2020-01-19 22:25:04', 1),
(82, 82, 'Haka', 'Kumari', 'haka@gmail.com', '2134569870', 'Singh', NULL, '55IG13', 1, '2020-01-19 22:29:11', '2020-01-19 22:29:11', 1),
(83, 83, 'Sangam', 'kumar', 'sangamkumar9973@gmail.com', '+173230443', 'hariPrasad', NULL, 'T98IMD', 1, '2020-01-21 20:10:42', '2020-01-21 20:10:42', 1),
(84, 84, 'Ishwar ', 'Kumar', 'ik5237116@gmail.com', '9960576544', 'Dodhi', NULL, '7S5YEU', 1, '2020-01-22 19:05:30', '2020-01-22 19:05:30', 1),
(85, 85, 'Kishan ', 'Kumar', 'kishanraj851126@gmail.com', '8709258042', 'Kashha,851126, Begusarai', NULL, '5ES2B0', 1, '2020-01-23 21:56:24', '2020-01-23 21:56:24', 1),
(86, 86, 'Prity', 'Kumari', 'rohitkumar@gmail.com', '9934810271', 'Malhipur,851116,btps', NULL, 'Q6H580', 1, '2020-01-25 21:16:42', '2020-01-25 21:16:42', 1);

-- --------------------------------------------------------

--
-- Table structure for table `referral_account`
--

CREATE TABLE `referral_account` (
  `id` int(8) NOT NULL,
  `referral_uid` int(8) NOT NULL,
  `r_code` varchar(10) NOT NULL,
  `redeem_id` varchar(20) NOT NULL,
  `redeem_uid` int(8) NOT NULL,
  `referral_price` float(7,2) NOT NULL,
  `redeem_date` datetime NOT NULL,
  `created_date` datetime NOT NULL,
  `active` int(1) NOT NULL
) ENGINE=MyISAM DEFAULT CHARSET=utf8;

--
-- Dumping data for table `referral_account`
--

INSERT INTO `referral_account` (`id`, `referral_uid`, `r_code`, `redeem_id`, `redeem_uid`, `referral_price`, `redeem_date`, `created_date`, `active`) VALUES
(1, 34, 'R18I8M', 'LO1IF3', 39, 10.00, '2020-01-11 18:17:19', '2020-01-11 18:17:19', 1),
(2, 3, '7L0J9N', '831JY7', 42, 10.00, '2020-01-11 18:28:50', '2020-01-11 18:28:50', 1),
(3, 3, '7L0J9N', 'LNR7T0', 43, 10.00, '2020-01-11 18:29:00', '2020-01-11 18:29:00', 1),
(4, 3, '7L0J9N', '8QR0JE', 45, 10.00, '2020-01-12 11:50:04', '2020-01-12 11:50:04', 1),
(5, 57, 'RE9XWZ', '325C9S', 66, 10.00, '2020-01-15 22:05:43', '2020-01-15 22:05:43', 1),
(6, 74, 'B933V1', '5FU7XI', 78, 0.00, '2020-01-19 18:33:54', '2020-01-19 18:33:54', 1),
(7, 74, 'B933V1', 'P9OD7Y', 79, 0.00, '2020-01-19 18:35:07', '2020-01-19 18:35:07', 1),
(8, 74, 'B933V1', 'VYNF71', 80, 0.00, '2020-01-19 18:37:31', '2020-01-19 18:37:31', 1),
(9, 74, 'B933V1', '1LAZPF', 81, 0.00, '2020-01-19 22:25:04', '2020-01-19 22:25:04', 1),
(10, 74, 'B933V1', '55IG13', 82, 0.00, '2020-01-19 22:29:11', '2020-01-19 22:29:11', 1),
(11, 58, 'ZBK1DU', 'Q6H580', 86, 10.00, '2020-01-25 21:16:42', '2020-01-25 21:16:42', 1);

-- --------------------------------------------------------

--
-- Table structure for table `referral_price`
--

CREATE TABLE `referral_price` (
  `id` int(8) NOT NULL,
  `referral_price` float(7,2) NOT NULL,
  `modified` datetime NOT NULL,
  `flag` int(11) NOT NULL
) ENGINE=InnoDB DEFAULT CHARSET=utf8;

--
-- Dumping data for table `referral_price`
--

INSERT INTO `referral_price` (`id`, `referral_price`, `modified`, `flag`) VALUES
(1, 0.00, '2020-01-11 10:00:00', 1),
(2, 5.00, '2020-01-11 10:05:00', 1);

-- --------------------------------------------------------

--
-- Table structure for table `student_result`
--

CREATE TABLE `student_result` (
  `id` int(11) NOT NULL,
  `user_id` int(11) NOT NULL,
  `title_id` int(11) NOT NULL,
  `video_id` int(8) NOT NULL,
  `total_question` int(11) NOT NULL,
  `total_answer` int(11) NOT NULL,
  `correct` int(11) NOT NULL,
  `wrong` int(11) NOT NULL,
  `modified` datetime NOT NULL,
  `status` int(8) NOT NULL
) ENGINE=InnoDB DEFAULT CHARSET=utf8 COLLATE=utf8_unicode_ci;

--
-- Dumping data for table `student_result`
--

INSERT INTO `student_result` (`id`, `user_id`, `title_id`, `video_id`, `total_question`, `total_answer`, `correct`, `wrong`, `modified`, `status`) VALUES
(1, 8, 0, 2, 5, 5, 4, 1, '2020-01-03 11:15:43', 1),
(2, 19, 0, 10, 10, 10, 10, 0, '2020-01-09 01:46:12', 1),
(3, 33, 0, 10, 10, 10, 9, 1, '2020-01-08 17:55:30', 1),
(4, 14, 0, 9, 17, 17, 16, 1, '2020-01-11 08:00:43', 1),
(5, 58, 1, 0, 10, 10, 2, 8, '2020-01-12 13:50:53', 1),
(6, 14, 1, 0, 10, 10, 2, 8, '2020-01-12 13:51:48', 1),
(7, 57, 1, 0, 10, 10, 2, 8, '2020-01-12 13:52:25', 1),
(8, 56, 1, 0, 10, 10, 2, 8, '2020-01-12 13:53:08', 1),
(9, 55, 1, 0, 10, 10, 2, 8, '2020-01-12 13:53:44', 1),
(10, 59, 0, 9, 17, 17, 17, 0, '2020-01-12 18:06:45', 1),
(11, 55, 0, 9, 17, 17, 17, 0, '2020-01-15 10:47:21', 1),
(12, 61, 0, 10, 10, 10, 10, 0, '2020-01-13 19:30:24', 1),
(13, 58, 0, 9, 17, 17, 17, 0, '2020-01-17 22:15:31', 1),
(14, 73, 1, 0, 11, 11, 5, 6, '2020-01-16 13:14:10', 1),
(15, 76, 1, 0, 11, 11, 4, 7, '2020-01-16 21:28:13', 1),
(16, 75, 1, 0, 11, 11, 5, 6, '2020-01-16 21:30:07', 1),
(17, 74, 1, 0, 11, 11, 5, 6, '2020-01-16 21:30:55', 1),
(18, 69, 1, 0, 11, 11, 3, 8, '2020-01-16 21:32:06', 1),
(19, 64, 1, 0, 11, 11, 5, 6, '2020-01-16 21:33:26', 1),
(20, 57, 2, 0, 4, 4, 2, 2, '2020-01-17 10:01:53', 1),
(21, 74, 0, 9, 17, 17, 17, 0, '2020-01-19 15:03:10', 1),
(22, 85, 0, 9, 17, 17, 17, 0, '2020-01-24 11:51:33', 1);

-- --------------------------------------------------------

--
-- Table structure for table `subject`
--

CREATE TABLE `subject` (
  `id` int(6) NOT NULL,
  `subjectName` varchar(5000) NOT NULL,
  `classid` int(5) NOT NULL,
  `session` varchar(20) NOT NULL,
  `modified` datetime NOT NULL,
  `active` int(1) NOT NULL,
  `month_id` int(8) NOT NULL
) ENGINE=MyISAM DEFAULT CHARSET=utf8;

--
-- Dumping data for table `subject`
--

INSERT INTO `subject` (`id`, `subjectName`, `classid`, `session`, `modified`, `active`, `month_id`) VALUES
(1, 'Hindi', 1, '2019-2020', '2020-01-03 11:21:15', 0, 1),
(2, 'Hindi', 4, '2019-2020', '2020-01-03 11:21:11', 0, 1),
(3, 'Hindi', 4, '2019-2020', '2020-01-04 19:50:23', 0, 1),
(4, 'Hindi', 7, '2019-2020', '2020-01-03 20:14:57', 0, 2),
(5, 'Hindi', 5, '2019-2020', '2020-01-04 19:50:26', 0, 3),
(6, 'HINDI', 5, '2019-2020', '2020-01-04 19:50:27', 0, 1),
(7, 'Hindi', 7, '2019-2020', '2020-01-04 19:50:31', 0, 1),
(8, 'Hindi 1', 5, '2019-2020', '2020-01-04 19:50:30', 0, 2),
(9, 'Hindi', 8, '2019-2020', '2020-01-04 19:56:23', 1, 1),
(10, 'Hindi', 9, '2019-2020', '2020-01-04 20:12:43', 1, 1),
(11, 'à¤¹à¤¿à¤¨à¥à¤¦à¥€ à¤µà¥à¤¯à¤¾à¤•à¤°à¤£ ', 10, '2019-2020', '2020-01-13 21:43:57', 1, 1),
(12, 'à¤­à¥Œà¤¤à¤•à¥€ ', 8, '2019-2020', '2020-01-13 22:11:47', 1, 1),
(13, 'à¤¹à¤¿à¤¨à¥à¤¦à¥€ à¤µà¥à¤¯à¤¾à¤•à¤°à¤£ ', 8, '2019-2020', '2020-01-19 07:29:09', 1, 1),
(14, 'HINDI', 8, '2019-2020', '2020-01-24 11:30:22', 0, 4),
(15, 'Hindi  Feb', 8, '2019-2020', '2020-01-24 11:32:07', 1, 2),
(16, 'Hindi March', 8, '2019-2020', '2020-01-24 11:32:40', 1, 3),
(17, 'Hindi April', 8, '2019-2020', '2020-01-24 11:33:36', 0, 3),
(18, 'Hindi April', 8, '2019-2020', '2020-01-24 11:33:54', 1, 4),
(19, 'Hindi May', 8, '2019-2020', '2020-01-24 11:34:09', 1, 5),
(20, 'Hindi June', 8, '2019-2020', '2020-01-24 11:34:27', 1, 6),
(21, 'Hindi july', 8, '2019-2020', '2020-01-24 11:34:48', 1, 7),
(22, 'Hindi Agu', 8, '2019-2020', '2020-01-24 11:35:04', 1, 8),
(23, 'Hindi Sept', 8, '2019-2020', '2020-01-24 11:35:25', 1, 9),
(24, 'Hindi Oct', 8, '2019-2020', '2020-01-24 11:35:43', 1, 10),
(25, 'Hindi  Nov', 8, '2019-2020', '2020-01-24 11:36:02', 1, 11),
(26, 'Hindi Dec', 8, '2019-2020', '2020-01-24 11:36:24', 1, 12),
(27, 'à¤­à¥Œà¤¤à¤•à¥€  Feb', 8, '2019-2020', '2020-01-24 12:15:50', 1, 2);

-- --------------------------------------------------------

--
-- Table structure for table `submit_exam`
--

CREATE TABLE `submit_exam` (
  `id` int(11) NOT NULL,
  `title_id` int(11) NOT NULL,
  `video_id` int(8) NOT NULL,
  `user_id` int(8) NOT NULL,
  `question_id` int(8) NOT NULL,
  `answer` varchar(50) COLLATE utf8_unicode_ci NOT NULL,
  `modified` datetime NOT NULL,
  `status` int(8) NOT NULL
) ENGINE=InnoDB DEFAULT CHARSET=utf8 COLLATE=utf8_unicode_ci;

--
-- Dumping data for table `submit_exam`
--

INSERT INTO `submit_exam` (`id`, `title_id`, `video_id`, `user_id`, `question_id`, `answer`, `modified`, `status`) VALUES
(1, 0, 2, 8, 1, '2', '2020-01-03 11:15:43', 1),
(2, 0, 2, 8, 2, '1', '2020-01-03 11:15:43', 1),
(3, 0, 2, 8, 3, '2', '2020-01-03 11:15:43', 1),
(4, 0, 2, 8, 4, '4', '2020-01-03 11:15:43', 1),
(5, 0, 2, 8, 5, '4', '2020-01-03 11:15:43', 1),
(6, 0, 10, 19, 14, '4', '2020-01-09 01:46:12', 1),
(7, 0, 10, 19, 15, '1', '2020-01-09 01:46:12', 1),
(8, 0, 10, 19, 16, '4', '2020-01-09 01:46:12', 1),
(9, 0, 10, 19, 18, '3', '2020-01-09 01:46:12', 1),
(10, 0, 10, 19, 23, '1', '2020-01-09 01:46:12', 1),
(11, 0, 10, 19, 25, '2', '2020-01-09 01:46:12', 1),
(12, 0, 10, 19, 27, '1', '2020-01-09 01:46:12', 1),
(13, 0, 10, 19, 29, '1', '2020-01-09 01:46:12', 1),
(14, 0, 10, 19, 30, '4', '2020-01-09 01:46:12', 1),
(15, 0, 10, 19, 31, '1', '2020-01-09 01:46:12', 1),
(16, 0, 10, 33, 14, '4', '2020-01-08 17:55:30', 1),
(17, 0, 10, 33, 15, '1', '2020-01-08 17:55:30', 1),
(18, 0, 10, 33, 16, '2', '2020-01-08 17:55:30', 1),
(19, 0, 10, 33, 18, '3', '2020-01-08 17:55:30', 1),
(20, 0, 10, 33, 23, '1', '2020-01-08 17:55:30', 1),
(21, 0, 10, 33, 25, '2', '2020-01-08 17:55:30', 1),
(22, 0, 10, 33, 27, '1', '2020-01-08 17:55:30', 1),
(23, 0, 10, 33, 29, '1', '2020-01-08 17:55:30', 1),
(24, 0, 10, 33, 30, '4', '2020-01-08 17:55:30', 1),
(25, 0, 10, 33, 31, '1', '2020-01-08 17:55:30', 1),
(26, 0, 9, 14, 6, '1', '2020-01-11 08:00:43', 1),
(27, 0, 9, 14, 7, '3', '2020-01-11 08:00:43', 1),
(28, 0, 9, 14, 8, '2', '2020-01-11 08:00:43', 1),
(29, 0, 9, 14, 9, '4', '2020-01-11 08:00:43', 1),
(30, 0, 9, 14, 10, '2', '2020-01-11 08:00:43', 1),
(31, 0, 9, 14, 11, '2', '2020-01-11 08:00:43', 1),
(32, 0, 9, 14, 12, '4', '2020-01-11 08:00:43', 1),
(33, 0, 9, 14, 13, '2', '2020-01-11 08:00:43', 1),
(34, 0, 9, 14, 17, '1', '2020-01-11 08:00:43', 1),
(35, 0, 9, 14, 19, '2', '2020-01-11 08:00:43', 1),
(36, 0, 9, 14, 20, '3', '2020-01-11 08:00:43', 1),
(37, 0, 9, 14, 21, '3', '2020-01-11 08:00:43', 1),
(38, 0, 9, 14, 22, '2', '2020-01-11 08:00:43', 1),
(39, 0, 9, 14, 24, '3', '2020-01-11 08:00:43', 1),
(40, 0, 9, 14, 26, '2', '2020-01-11 08:00:43', 1),
(41, 0, 9, 14, 28, '1', '2020-01-11 08:00:43', 1),
(42, 0, 9, 14, 32, '3', '2020-01-11 08:00:43', 1),
(43, 1, 0, 58, 33, '1', '2020-01-12 13:50:53', 1),
(44, 1, 0, 58, 34, '1', '2020-01-12 13:50:53', 1),
(45, 1, 0, 58, 35, '4', '2020-01-12 13:50:53', 1),
(46, 1, 0, 58, 36, '3', '2020-01-12 13:50:53', 1),
(47, 1, 0, 58, 37, '2', '2020-01-12 13:50:53', 1),
(48, 1, 0, 58, 38, '1', '2020-01-12 13:50:53', 1),
(49, 1, 0, 58, 39, '3', '2020-01-12 13:50:53', 1),
(50, 1, 0, 58, 40, '1', '2020-01-12 13:50:53', 1),
(51, 1, 0, 58, 41, '4', '2020-01-12 13:50:53', 1),
(52, 1, 0, 58, 42, '3', '2020-01-12 13:50:53', 1),
(53, 1, 0, 14, 33, '1', '2020-01-12 13:51:48', 1),
(54, 1, 0, 14, 34, '1', '2020-01-12 13:51:48', 1),
(55, 1, 0, 14, 35, '2', '2020-01-12 13:51:48', 1),
(56, 1, 0, 14, 36, '3', '2020-01-12 13:51:48', 1),
(57, 1, 0, 14, 37, '3', '2020-01-12 13:51:48', 1),
(58, 1, 0, 14, 38, '3', '2020-01-12 13:51:48', 1),
(59, 1, 0, 14, 39, '2', '2020-01-12 13:51:48', 1),
(60, 1, 0, 14, 40, '3', '2020-01-12 13:51:48', 1),
(61, 1, 0, 14, 41, '3', '2020-01-12 13:51:48', 1),
(62, 1, 0, 14, 42, '3', '2020-01-12 13:51:48', 1),
(63, 1, 0, 57, 33, '1', '2020-01-12 13:52:25', 1),
(64, 1, 0, 57, 34, '2', '2020-01-12 13:52:25', 1),
(65, 1, 0, 57, 35, '2', '2020-01-12 13:52:25', 1),
(66, 1, 0, 57, 36, '3', '2020-01-12 13:52:25', 1),
(67, 1, 0, 57, 37, '4', '2020-01-12 13:52:25', 1),
(68, 1, 0, 57, 38, '3', '2020-01-12 13:52:25', 1),
(69, 1, 0, 57, 39, '2', '2020-01-12 13:52:25', 1),
(70, 1, 0, 57, 40, '3', '2020-01-12 13:52:25', 1),
(71, 1, 0, 57, 41, '3', '2020-01-12 13:52:25', 1),
(72, 1, 0, 57, 42, '3', '2020-01-12 13:52:25', 1),
(73, 1, 0, 56, 33, '1', '2020-01-12 13:53:08', 1),
(74, 1, 0, 56, 34, '2', '2020-01-12 13:53:08', 1),
(75, 1, 0, 56, 35, '3', '2020-01-12 13:53:08', 1),
(76, 1, 0, 56, 36, '2', '2020-01-12 13:53:08', 1),
(77, 1, 0, 56, 37, '3', '2020-01-12 13:53:08', 1),
(78, 1, 0, 56, 38, '3', '2020-01-12 13:53:08', 1),
(79, 1, 0, 56, 39, '4', '2020-01-12 13:53:08', 1),
(80, 1, 0, 56, 40, '3', '2020-01-12 13:53:08', 1),
(81, 1, 0, 56, 41, '4', '2020-01-12 13:53:08', 1),
(82, 1, 0, 56, 42, '3', '2020-01-12 13:53:08', 1),
(83, 1, 0, 55, 33, '1', '2020-01-12 13:53:44', 1),
(84, 1, 0, 55, 34, '1', '2020-01-12 13:53:44', 1),
(85, 1, 0, 55, 35, '2', '2020-01-12 13:53:44', 1),
(86, 1, 0, 55, 36, '3', '2020-01-12 13:53:44', 1),
(87, 1, 0, 55, 37, '3', '2020-01-12 13:53:44', 1),
(88, 1, 0, 55, 38, '2', '2020-01-12 13:53:44', 1),
(89, 1, 0, 55, 39, '3', '2020-01-12 13:53:44', 1),
(90, 1, 0, 55, 40, '2', '2020-01-12 13:53:44', 1),
(91, 1, 0, 55, 41, '3', '2020-01-12 13:53:44', 1),
(92, 1, 0, 55, 42, '4', '2020-01-12 13:53:44', 1),
(93, 0, 9, 59, 6, '1', '2020-01-12 18:06:45', 1),
(94, 0, 9, 59, 7, '3', '2020-01-12 18:06:45', 1),
(95, 0, 9, 59, 8, '2', '2020-01-12 18:06:45', 1),
(96, 0, 9, 59, 9, '4', '2020-01-12 18:06:45', 1),
(97, 0, 9, 59, 10, '2', '2020-01-12 18:06:45', 1),
(98, 0, 9, 59, 11, '4', '2020-01-12 18:06:45', 1),
(99, 0, 9, 59, 12, '4', '2020-01-12 18:06:45', 1),
(100, 0, 9, 59, 13, '2', '2020-01-12 18:06:45', 1),
(101, 0, 9, 59, 17, '1', '2020-01-12 18:06:45', 1),
(102, 0, 9, 59, 19, '2', '2020-01-12 18:06:45', 1),
(103, 0, 9, 59, 20, '3', '2020-01-12 18:06:45', 1),
(104, 0, 9, 59, 21, '3', '2020-01-12 18:06:45', 1),
(105, 0, 9, 59, 22, '2', '2020-01-12 18:06:45', 1),
(106, 0, 9, 59, 24, '3', '2020-01-12 18:06:45', 1),
(107, 0, 9, 59, 26, '2', '2020-01-12 18:06:45', 1),
(108, 0, 9, 59, 28, '1', '2020-01-12 18:06:45', 1),
(109, 0, 9, 59, 32, '3', '2020-01-12 18:06:45', 1),
(110, 0, 9, 55, 6, '1', '2020-01-15 10:47:21', 1),
(111, 0, 9, 55, 7, '3', '2020-01-15 10:47:21', 1),
(112, 0, 9, 55, 8, '2', '2020-01-15 10:47:21', 1),
(113, 0, 9, 55, 9, '4', '2020-01-15 10:47:21', 1),
(114, 0, 9, 55, 10, '2', '2020-01-15 10:47:21', 1),
(115, 0, 9, 55, 11, '4', '2020-01-15 10:47:21', 1),
(116, 0, 9, 55, 12, '4', '2020-01-15 10:47:21', 1),
(117, 0, 9, 55, 13, '2', '2020-01-15 10:47:21', 1),
(118, 0, 9, 55, 17, '1', '2020-01-15 10:47:21', 1),
(119, 0, 9, 55, 19, '2', '2020-01-15 10:47:21', 1),
(120, 0, 9, 55, 20, '3', '2020-01-15 10:47:21', 1),
(121, 0, 9, 55, 21, '3', '2020-01-15 10:47:21', 1),
(122, 0, 9, 55, 22, '2', '2020-01-15 10:47:21', 1),
(123, 0, 9, 55, 24, '3', '2020-01-15 10:47:21', 1),
(124, 0, 9, 55, 26, '2', '2020-01-15 10:47:21', 1),
(125, 0, 9, 55, 28, '1', '2020-01-15 10:47:21', 1),
(126, 0, 9, 55, 32, '3', '2020-01-15 10:47:21', 1),
(127, 0, 10, 61, 14, '4', '2020-01-13 19:30:24', 1),
(128, 0, 10, 61, 15, '1', '2020-01-13 19:30:24', 1),
(129, 0, 10, 61, 16, '4', '2020-01-13 19:30:24', 1),
(130, 0, 10, 61, 18, '3', '2020-01-13 19:30:24', 1),
(131, 0, 10, 61, 23, '1', '2020-01-13 19:30:24', 1),
(132, 0, 10, 61, 25, '2', '2020-01-13 19:30:24', 1),
(133, 0, 10, 61, 27, '1', '2020-01-13 19:30:24', 1),
(134, 0, 10, 61, 29, '1', '2020-01-13 19:30:24', 1),
(135, 0, 10, 61, 30, '4', '2020-01-13 19:30:24', 1),
(136, 0, 10, 61, 31, '1', '2020-01-13 19:30:24', 1),
(137, 0, 9, 58, 6, '1', '2020-01-17 22:15:31', 1),
(138, 0, 9, 58, 7, '3', '2020-01-17 22:15:31', 1),
(139, 0, 9, 58, 8, '2', '2020-01-17 22:15:31', 1),
(140, 0, 9, 58, 9, '4', '2020-01-17 22:15:31', 1),
(141, 0, 9, 58, 10, '2', '2020-01-17 22:15:31', 1),
(142, 0, 9, 58, 11, '4', '2020-01-17 22:15:31', 1),
(143, 0, 9, 58, 12, '4', '2020-01-17 22:15:31', 1),
(144, 0, 9, 58, 13, '2', '2020-01-17 22:15:31', 1),
(145, 0, 9, 58, 17, '1', '2020-01-17 22:15:31', 1),
(146, 0, 9, 58, 19, '2', '2020-01-17 22:15:31', 1),
(147, 0, 9, 58, 20, '3', '2020-01-17 22:15:31', 1),
(148, 0, 9, 58, 21, '3', '2020-01-17 22:15:31', 1),
(149, 0, 9, 58, 22, '2', '2020-01-17 22:15:31', 1),
(150, 0, 9, 58, 24, '3', '2020-01-17 22:15:31', 1),
(151, 0, 9, 58, 26, '2', '2020-01-17 22:15:31', 1),
(152, 0, 9, 58, 28, '1', '2020-01-17 22:15:31', 1),
(153, 0, 9, 58, 32, '3', '2020-01-17 22:15:31', 1),
(154, 1, 0, 73, 33, '1', '2020-01-16 13:14:10', 1),
(155, 1, 0, 73, 34, '1', '2020-01-16 13:14:10', 1),
(156, 1, 0, 73, 35, '4', '2020-01-16 13:14:10', 1),
(157, 1, 0, 73, 36, '3', '2020-01-16 13:14:10', 1),
(158, 1, 0, 73, 37, '1', '2020-01-16 13:14:10', 1),
(159, 1, 0, 73, 38, '2', '2020-01-16 13:14:10', 1),
(160, 1, 0, 73, 39, '2', '2020-01-16 13:14:10', 1),
(161, 1, 0, 73, 40, '2', '2020-01-16 13:14:10', 1),
(162, 1, 0, 73, 41, '4', '2020-01-16 13:14:10', 1),
(163, 1, 0, 73, 42, '1', '2020-01-16 13:14:10', 1),
(164, 1, 0, 73, 43, '1', '2020-01-16 13:14:10', 1),
(165, 1, 0, 76, 33, '1', '2020-01-16 21:28:13', 1),
(166, 1, 0, 76, 34, '1', '2020-01-16 21:28:13', 1),
(167, 1, 0, 76, 35, '4', '2020-01-16 21:28:13', 1),
(168, 1, 0, 76, 36, '3', '2020-01-16 21:28:13', 1),
(169, 1, 0, 76, 37, '2', '2020-01-16 21:28:13', 1),
(170, 1, 0, 76, 38, '2', '2020-01-16 21:28:13', 1),
(171, 1, 0, 76, 39, '3', '2020-01-16 21:28:13', 1),
(172, 1, 0, 76, 40, '2', '2020-01-16 21:28:13', 1),
(173, 1, 0, 76, 41, '2', '2020-01-16 21:28:13', 1),
(174, 1, 0, 76, 42, '1', '2020-01-16 21:28:13', 1),
(175, 1, 0, 76, 43, '2', '2020-01-16 21:28:13', 1),
(176, 1, 0, 75, 33, '1', '2020-01-16 21:30:07', 1),
(177, 1, 0, 75, 34, '1', '2020-01-16 21:30:07', 1),
(178, 1, 0, 75, 35, '4', '2020-01-16 21:30:07', 1),
(179, 1, 0, 75, 36, '3', '2020-01-16 21:30:07', 1),
(180, 1, 0, 75, 37, '1', '2020-01-16 21:30:07', 1),
(181, 1, 0, 75, 38, '2', '2020-01-16 21:30:07', 1),
(182, 1, 0, 75, 39, '2', '2020-01-16 21:30:07', 1),
(183, 1, 0, 75, 40, '2', '2020-01-16 21:30:07', 1),
(184, 1, 0, 75, 41, '4', '2020-01-16 21:30:07', 1),
(185, 1, 0, 75, 42, '1', '2020-01-16 21:30:07', 1),
(186, 1, 0, 75, 43, '1', '2020-01-16 21:30:07', 1),
(187, 1, 0, 74, 33, '1', '2020-01-16 21:30:55', 1),
(188, 1, 0, 74, 34, '1', '2020-01-16 21:30:55', 1),
(189, 1, 0, 74, 35, '4', '2020-01-16 21:30:55', 1),
(190, 1, 0, 74, 36, '3', '2020-01-16 21:30:55', 1),
(191, 1, 0, 74, 37, '1', '2020-01-16 21:30:55', 1),
(192, 1, 0, 74, 38, '2', '2020-01-16 21:30:55', 1),
(193, 1, 0, 74, 39, '2', '2020-01-16 21:30:55', 1),
(194, 1, 0, 74, 40, '2', '2020-01-16 21:30:55', 1),
(195, 1, 0, 74, 41, '4', '2020-01-16 21:30:55', 1),
(196, 1, 0, 74, 42, '1', '2020-01-16 21:30:55', 1),
(197, 1, 0, 74, 43, '1', '2020-01-16 21:30:55', 1),
(198, 1, 0, 69, 33, '1', '2020-01-16 21:32:06', 1),
(199, 1, 0, 69, 34, '1', '2020-01-16 21:32:06', 1),
(200, 1, 0, 69, 35, '1', '2020-01-16 21:32:06', 1),
(201, 1, 0, 69, 36, '3', '2020-01-16 21:32:06', 1),
(202, 1, 0, 69, 37, '2', '2020-01-16 21:32:06', 1),
(203, 1, 0, 69, 38, '3', '2020-01-16 21:32:06', 1),
(204, 1, 0, 69, 39, '3', '2020-01-16 21:32:06', 1),
(205, 1, 0, 69, 40, '2', '2020-01-16 21:32:06', 1),
(206, 1, 0, 69, 41, '3', '2020-01-16 21:32:06', 1),
(207, 1, 0, 69, 42, '2', '2020-01-16 21:32:06', 1),
(208, 1, 0, 69, 43, '1', '2020-01-16 21:32:06', 1),
(209, 1, 0, 64, 33, '1', '2020-01-16 21:33:26', 1),
(210, 1, 0, 64, 34, '1', '2020-01-16 21:33:26', 1),
(211, 1, 0, 64, 35, '1', '2020-01-16 21:33:26', 1),
(212, 1, 0, 64, 36, '3', '2020-01-16 21:33:26', 1),
(213, 1, 0, 64, 37, '2', '2020-01-16 21:33:26', 1),
(214, 1, 0, 64, 38, '2', '2020-01-16 21:33:26', 1),
(215, 1, 0, 64, 39, '2', '2020-01-16 21:33:26', 1),
(216, 1, 0, 64, 40, '1', '2020-01-16 21:33:26', 1),
(217, 1, 0, 64, 41, '3', '2020-01-16 21:33:26', 1),
(218, 1, 0, 64, 42, '2', '2020-01-16 21:33:26', 1),
(219, 1, 0, 64, 43, '1', '2020-01-16 21:33:26', 1),
(220, 2, 0, 57, 44, '4', '2020-01-17 10:01:53', 1),
(221, 2, 0, 57, 45, '4', '2020-01-17 10:01:53', 1),
(222, 2, 0, 57, 46, '3', '2020-01-17 10:01:53', 1),
(223, 2, 0, 57, 47, '3', '2020-01-17 10:01:53', 1),
(224, 0, 9, 74, 6, '1', '2020-01-19 15:03:10', 1),
(225, 0, 9, 74, 7, '3', '2020-01-19 15:03:10', 1),
(226, 0, 9, 74, 8, '2', '2020-01-19 15:03:10', 1),
(227, 0, 9, 74, 9, '4', '2020-01-19 15:03:10', 1),
(228, 0, 9, 74, 10, '2', '2020-01-19 15:03:10', 1),
(229, 0, 9, 74, 11, '4', '2020-01-19 15:03:10', 1),
(230, 0, 9, 74, 12, '4', '2020-01-19 15:03:10', 1),
(231, 0, 9, 74, 13, '2', '2020-01-19 15:03:10', 1),
(232, 0, 9, 74, 17, '1', '2020-01-19 15:03:10', 1),
(233, 0, 9, 74, 19, '2', '2020-01-19 15:03:10', 1),
(234, 0, 9, 74, 20, '3', '2020-01-19 15:03:10', 1),
(235, 0, 9, 74, 21, '3', '2020-01-19 15:03:10', 1),
(236, 0, 9, 74, 22, '2', '2020-01-19 15:03:10', 1),
(237, 0, 9, 74, 24, '3', '2020-01-19 15:03:10', 1),
(238, 0, 9, 74, 26, '2', '2020-01-19 15:03:10', 1),
(239, 0, 9, 74, 28, '1', '2020-01-19 15:03:10', 1),
(240, 0, 9, 74, 32, '3', '2020-01-19 15:03:10', 1),
(241, 0, 9, 85, 6, '1', '2020-01-24 11:51:33', 1),
(242, 0, 9, 85, 7, '3', '2020-01-24 11:51:33', 1),
(243, 0, 9, 85, 8, '2', '2020-01-24 11:51:33', 1),
(244, 0, 9, 85, 9, '4', '2020-01-24 11:51:33', 1),
(245, 0, 9, 85, 10, '2', '2020-01-24 11:51:33', 1),
(246, 0, 9, 85, 11, '4', '2020-01-24 11:51:33', 1),
(247, 0, 9, 85, 12, '4', '2020-01-24 11:51:33', 1),
(248, 0, 9, 85, 13, '2', '2020-01-24 11:51:33', 1),
(249, 0, 9, 85, 17, '1', '2020-01-24 11:51:33', 1),
(250, 0, 9, 85, 19, '2', '2020-01-24 11:51:33', 1),
(251, 0, 9, 85, 20, '3', '2020-01-24 11:51:33', 1),
(252, 0, 9, 85, 21, '3', '2020-01-24 11:51:33', 1),
(253, 0, 9, 85, 22, '2', '2020-01-24 11:51:33', 1),
(254, 0, 9, 85, 24, '3', '2020-01-24 11:51:33', 1),
(255, 0, 9, 85, 26, '2', '2020-01-24 11:51:33', 1),
(256, 0, 9, 85, 28, '1', '2020-01-24 11:51:33', 1),
(257, 0, 9, 85, 32, '3', '2020-01-24 11:51:33', 1);

-- --------------------------------------------------------

--
-- Table structure for table `thumb`
--

CREATE TABLE `thumb` (
  `id` int(8) NOT NULL,
  `video_id` int(8) NOT NULL,
  `thumb_url` varchar(300) NOT NULL,
  `status` int(8) NOT NULL,
  `modified` datetime NOT NULL
) ENGINE=InnoDB DEFAULT CHARSET=utf8;

--
-- Dumping data for table `thumb`
--

INSERT INTO `thumb` (`id`, `video_id`, `thumb_url`, `status`, `modified`) VALUES
(1, 1, '../thumb/thumb_20200102175424_0.jpg', 0, '2020-01-03 09:27:40'),
(2, 2, '../thumb/thumb_20200103110616_0.jpg', 0, '2020-01-03 11:21:34'),
(3, 3, '../thumb/thumb_20200103112542_0.jpg', 0, '2020-01-04 19:52:05'),
(4, 4, '../thumb/thumb_20200103112850_0.jpg', 0, '2020-01-03 20:16:04'),
(5, 5, '../thumb/thumb_20200103113550_0.jpg', 0, '2020-01-04 19:52:07'),
(6, 6, '../thumb/thumb_20200103114405_0.jpg', 0, '2020-01-04 19:52:10'),
(7, 7, '../thumb/thumb_20200103202339_0.jpg', 0, '2020-01-04 19:52:12'),
(8, 8, '../thumb/thumb_20200104180008_0.jpg', 0, '2020-01-04 19:52:14'),
(9, 9, '../thumb/thumb_20200104200723_0.jpg', 1, '0000-00-00 00:00:00'),
(10, 10, '../thumb/thumb_20200104201613_0.jpg', 1, '0000-00-00 00:00:00'),
(11, 11, '../thumb/thumb_20200113214619_0.jpg', 1, '0000-00-00 00:00:00'),
(12, 12, '../thumb/thumb_20200113215602_0.jpg', 1, '0000-00-00 00:00:00'),
(13, 13, '../thumb/thumb_20200113221648_0.jpg', 1, '0000-00-00 00:00:00'),
(14, 14, '../thumb/thumb_20200117220436_0.jpg', 1, '0000-00-00 00:00:00'),
(15, 15, '../thumb/thumb_20200117221716_0.jpg', 1, '0000-00-00 00:00:00'),
(16, 16, '../thumb/thumb_20200117223136_0.jpg', 1, '0000-00-00 00:00:00'),
(17, 17, '../thumb/thumb_20200117223529_0.jpg', 1, '0000-00-00 00:00:00'),
(18, 18, '../thumb/thumb_20200119072603_0.jpg', 1, '0000-00-00 00:00:00'),
(19, 19, '../thumb/thumb_20200119105009_0.gif', 0, '2020-01-24 11:24:49'),
(20, 20, '../thumb/thumb_20200119105229_0.gif', 0, '2020-01-24 11:24:43'),
(21, 21, '../thumb/thumb_20200119182852_0.jpg', 0, '2020-01-24 11:27:36'),
(22, 22, '../thumb/thumb_20200124120244_0.jpg', 1, '0000-00-00 00:00:00'),
(23, 23, '../thumb/thumb_20200124121136_0.jpg', 1, '0000-00-00 00:00:00'),
(24, 24, '../thumb/thumb_20200124122141_0.jpg', 1, '0000-00-00 00:00:00'),
(25, 25, '../thumb/thumb_20200124123039_0.jpg', 1, '0000-00-00 00:00:00'),
(26, 26, '../thumb/thumb_20200124123643_0.jpg', 1, '0000-00-00 00:00:00');

-- --------------------------------------------------------

--
-- Table structure for table `users`
--

CREATE TABLE `users` (
  `id` int(8) NOT NULL,
  `email` varchar(50) NOT NULL,
  `password` char(64) NOT NULL,
  `created` datetime NOT NULL,
  `modified` timestamp NOT NULL DEFAULT CURRENT_TIMESTAMP,
  `active` int(1) NOT NULL
) ENGINE=MyISAM DEFAULT CHARSET=utf8;

--
-- Dumping data for table `users`
--

INSERT INTO `users` (`id`, `email`, `password`, `created`, `modified`, `active`) VALUES
(1, 'abhisingh12111998@gmail.com', 'e10adc3949ba59abbe56e057f20f883e', '2020-01-02 17:55:21', '2020-01-03 16:25:57', 0),
(2, 'qgabhi@gmail.com', 'e10adc3949ba59abbe56e057f20f883e', '2020-01-02 17:58:07', '2020-01-03 16:25:50', 0),
(3, 'akbar1991ali@yahoo.com', 'e10adc3949ba59abbe56e057f20f883e', '2020-01-02 18:26:23', '2020-01-03 01:26:23', 1),
(4, 'sumanrajinbox@gmail.com', 'e10adc3949ba59abbe56e057f20f883e', '2020-01-02 18:53:00', '2020-01-03 01:53:00', 1),
(5, 'abc@gmail.com', 'e10adc3949ba59abbe56e057f20f883e', '2020-01-02 21:48:46', '2020-01-03 16:25:44', 0),
(6, 'qgabhi@gmail.com', 'e10adc3949ba59abbe56e057f20f883e', '2020-01-03 09:33:01', '2020-01-04 03:18:07', 0),
(7, 'gudduroy1112@gmail.com', 'e10adc3949ba59abbe56e057f20f883e', '2020-01-03 10:44:07', '2020-01-04 03:18:12', 0),
(8, 'abc@gmail.com', 'e10adc3949ba59abbe56e057f20f883e', '2020-01-03 11:07:51', '2020-01-05 02:53:04', 0),
(9, 'abcd@gmail.com', 'e10adc3949ba59abbe56e057f20f883e', '2020-01-03 11:37:44', '2020-01-05 02:53:10', 0),
(10, 'qgabhi@gmail.com', 'e10adc3949ba59abbe56e057f20f883e', '2020-01-03 20:18:50', '2020-01-05 02:53:16', 0),
(11, 'kishanyadav8709258042@gmail.com', '3e43d387367068631282049e28a63aeb', '2020-01-03 20:54:01', '2020-01-24 04:56:20', 0),
(12, 'kanchankri15feb@gmail.com', '358c850b3836ae02b1d8b319d86d435f', '2020-01-04 08:11:41', '2020-01-04 15:11:41', 1),
(13, 'kunalkishor453@gmail.com', '6fa95a05ec8d85327a5dc24a984156ab', '2020-01-04 11:18:11', '2020-01-04 18:18:11', 1),
(14, 'abc@gmail.com', 'e10adc3949ba59abbe56e057f20f883e', '2020-01-04 20:10:52', '2020-01-05 03:10:52', 1),
(15, 'abcd@gmail.com', 'e10adc3949ba59abbe56e057f20f883e', '2020-01-04 20:11:48', '2020-01-12 20:33:42', 0),
(16, 'kishanraj851126@gmail.com', 'd461af8383a60793587b6a1cdb0f2bdd', '2020-01-05 01:41:11', '2020-01-24 04:55:58', 0),
(17, 'kishanraj851126@gmail.co', 'd461af8383a60793587b6a1cdb0f2bdd', '2020-01-05 11:32:28', '2020-01-24 04:55:33', 0),
(18, 'uttamkumaruk469610@gmail.com', '88865f898802ca9c30c6229f32024622', '2020-01-05 11:40:30', '2020-01-05 18:40:30', 1),
(19, '6204555641.sauravkumar@gmail.com', '2f290b81a08bb82fcadd10147aca8ad8', '2020-01-05 13:25:33', '2020-01-05 20:25:33', 1),
(20, 'jatankumarjk7@gmail.com', '63b9010a523471ac0ef31242aed3474e', '2020-01-05 22:17:55', '2020-01-06 05:17:55', 1),
(21, 'gudduroy1112@gmail.com', 'e10adc3949ba59abbe56e057f20f883e', '2020-01-06 17:19:02', '2020-01-07 00:19:02', 1),
(22, 'abhshekk0101@gmail.com', '27f230443117773d916582f02489768e', '2020-01-07 11:26:57', '2020-01-07 18:26:57', 1),
(23, 'niteshraj119n@gmail.com', '8af95fe2ab1a54b488ef8efb3f3b0797', '2020-01-07 13:15:13', '2020-01-07 20:15:13', 1),
(24, 'bantikr7352@gmail.com', '8af95fe2ab1a54b488ef8efb3f3b0797', '2020-01-07 13:19:05', '2020-01-07 20:19:05', 1),
(25, 'prkraj05@gmail.com', 'bfcb36b99d4ff6145ee816a8acea5c80', '2020-01-07 22:30:34', '2020-01-08 05:30:34', 1),
(26, 'saurabhvidut@gmail.com', '2f290b81a08bb82fcadd10147aca8ad8', '2020-01-07 22:36:27', '2020-01-08 05:36:27', 1),
(27, 'sauravkumar@gmail.com', '2f290b81a08bb82fcadd10147aca8ad8', '2020-01-07 22:42:26', '2020-01-08 05:42:26', 1),
(28, 'zxaditya3978@gmail.com', 'ee92b6d2e6de843aef97fd22e8cc0c77', '2020-01-08 06:35:01', '2020-01-08 13:35:01', 1),
(29, 'ranshroy858@gmail.com', 'ee92b6d2e6de843aef97fd22e8cc0c77', '2020-01-08 06:52:10', '2020-01-08 13:52:10', 1),
(30, 'rajashutosh797@gmail.com', '21cfc8d5eab083340088feed15c2664f', '2020-01-08 10:44:56', '2020-01-08 17:44:56', 1),
(31, 'jatankumarji@gmail.com', '6e606497e5349634a111c8ffb4f56b08', '2020-01-08 13:46:58', '2020-01-08 20:46:58', 1),
(32, 'anshu6206234571@gmail.com', '2d8d05db0393260de39cf013e8b53946', '2020-01-08 17:31:07', '2020-01-09 00:33:00', 0),
(33, 'anshu6206234571@gmail.com', 'e10adc3949ba59abbe56e057f20f883e', '2020-01-08 17:33:07', '2020-01-09 00:33:07', 1),
(34, 'Mihirraj123@gmail.com', '3e43d387367068631282049e28a63aeb', '2020-01-09 21:17:58', '2020-01-10 04:17:58', 1),
(35, 'john@gmail.com', 'e10adc3949ba59abbe56e057f20f883e', '2020-01-11 10:55:56', '2020-01-11 17:55:56', 1),
(36, 'doe@gmail.com', 'e10adc3949ba59abbe56e057f20f883e', '2020-01-11 17:47:45', '2020-01-12 00:47:45', 1),
(37, 'ancd@gmsil.com', 'e10adc3949ba59abbe56e057f20f883e', '2020-01-11 18:11:38', '2020-01-12 01:11:38', 1),
(38, 'abcde@gmail.com', 'ffe7a019bc8c991d28b894b9aaac2ff7', '2020-01-11 18:14:34', '2020-01-12 01:14:34', 1),
(39, 'suma9228@gmail.com', 'e10adc3949ba59abbe56e057f20f883e', '2020-01-11 18:17:19', '2020-01-12 01:17:19', 1),
(40, 'abcdef@gmail.com', 'e10adc3949ba59abbe56e057f20f883e', '2020-01-11 18:17:32', '2020-01-12 01:17:32', 1),
(41, 'suma928@gmail.com', 'e10adc3949ba59abbe56e057f20f883e', '2020-01-11 18:19:47', '2020-01-12 01:19:47', 1),
(42, 'suma926@gmail.com', 'e10adc3949ba59abbe56e057f20f883e', '2020-01-11 18:28:50', '2020-01-12 01:28:50', 1),
(43, 'suma925@gmail.com', 'e10adc3949ba59abbe56e057f20f883e', '2020-01-11 18:29:00', '2020-01-12 01:29:00', 1),
(44, 'iranrajo@gmail.com', 'c21bc50362eddc58b7d2b15fccf29a8c', '2020-01-11 20:33:58', '2020-01-12 03:33:58', 1),
(45, 'suman000@gmail.com', 'e10adc3949ba59abbe56e057f20f883e', '2020-01-12 11:50:04', '2020-01-12 18:50:04', 0),
(46, 'abcdefg@gmail.com', 'e10adc3949ba59abbe56e057f20f883e', '2020-01-12 11:50:25', '2020-01-12 18:50:25', 1),
(47, 'hhsbsb@jsj.xom', 'e10adc3949ba59abbe56e057f20f883e', '2020-01-12 11:51:23', '2020-01-12 18:51:23', 1),
(48, 'qgabhi@gmail.com', 'e10adc3949ba59abbe56e057f20f883e', '2020-01-12 11:52:19', '2020-01-12 20:44:28', 0),
(49, 'xyz@gmail.com', 'e10adc3949ba59abbe56e057f20f883e', '2020-01-12 11:54:09', '2020-01-12 20:32:37', 0),
(50, 'xyzc@gmail.com', 'e10adc3949ba59abbe56e057f20f883e', '2020-01-12 11:54:52', '2020-01-12 20:32:24', 0),
(51, 'nk1454913@gmail.com', '6251357129171e792e6eb63f1451f12f', '2020-01-12 11:55:13', '2020-01-12 18:55:13', 1),
(52, 'xyzd@gmail.com', 'e10adc3949ba59abbe56e057f20f883e', '2020-01-12 12:15:16', '2020-01-12 20:32:09', 0),
(53, 'sksinha2082@gmail.com', 'f0dbf5e751161c3c66919aa081b96c22', '2020-01-12 12:52:54', '2020-01-12 19:54:03', 0),
(54, 'sksinha2082@gmail.com', 'e10adc3949ba59abbe56e057f20f883e', '2020-01-12 13:18:31', '2020-01-12 20:19:12', 0),
(55, 'sksinha2082@gmail.com', 'e10adc3949ba59abbe56e057f20f883e', '2020-01-12 13:25:59', '2020-01-12 20:25:59', 1),
(56, 'abhisingh12111998@gmail.com', 'e10adc3949ba59abbe56e057f20f883e', '2020-01-12 13:31:12', '2020-01-12 20:31:12', 1),
(57, 'abcd@gmail.com', 'e10adc3949ba59abbe56e057f20f883e', '2020-01-12 13:36:08', '2020-01-12 20:36:08', 1),
(58, 'qgabhi@gmail.com', 'e10adc3949ba59abbe56e057f20f883e', '2020-01-12 13:45:44', '2020-01-12 20:45:44', 1),
(59, 'alokkumar.begusarai@gmail.com', 'e10adc3949ba59abbe56e057f20f883e', '2020-01-12 17:55:16', '2020-01-16 03:44:30', 0),
(60, 'ak8280885@gmail.com', '2a1b8f7f877e54ad6db79ebcded69ae9', '2020-01-13 17:49:52', '2020-01-14 00:49:52', 1),
(61, 'amd255484@gmail.com', '202c17b467c13da25408492529384f51', '2020-01-13 19:23:25', '2020-01-14 02:23:25', 1),
(62, 'ramkumar@gmail.com', '9cbf8a4dcb8e30682b927f352d6559a0', '2020-01-13 21:48:01', '2020-01-14 04:48:01', 1),
(63, 'dilip@gmail.com', 'e10adc3949ba59abbe56e057f20f883e', '2020-01-14 19:46:18', '2020-01-15 02:46:18', 1),
(64, 'alokkumar.Begusarai@gmail.com', 'e10adc3949ba59abbe56e057f20f883e', '2020-01-15 21:08:53', '2020-01-16 04:08:53', 1),
(65, 'sumanrajinbox555@gmail.com', 'e10adc3949ba59abbe56e057f20f883e', '2020-01-15 22:04:32', '2020-01-16 05:04:32', 1),
(66, 'suman666@gmail.com', 'e10adc3949ba59abbe56e057f20f883e', '2020-01-15 22:05:43', '2020-01-16 05:05:43', 1),
(67, 'xyz@gmail.com', 'e10adc3949ba59abbe56e057f20f883e', '2020-01-16 13:03:57', '2020-01-16 20:03:57', 1),
(68, 'ghy@gmail.com', 'e10adc3949ba59abbe56e057f20f883e', '2020-01-16 13:04:57', '2020-01-16 20:04:57', 1),
(69, 'mona@gmail.com', 'e10adc3949ba59abbe56e057f20f883e', '2020-01-16 13:05:43', '2020-01-20 01:31:30', 0),
(70, 'rahul@gmail.com', 'e10adc3949ba59abbe56e057f20f883e', '2020-01-16 13:06:21', '2020-01-16 20:06:21', 1),
(71, 'tuna@gmail.com', 'e10adc3949ba59abbe56e057f20f883e', '2020-01-16 13:06:52', '2020-01-16 20:06:52', 1),
(72, 'tuktuk@gmail.com', 'e10adc3949ba59abbe56e057f20f883e', '2020-01-16 13:07:24', '2020-01-16 20:07:24', 1),
(73, 'sonali@gmail.com', 'e10adc3949ba59abbe56e057f20f883e', '2020-01-16 13:08:01', '2020-01-20 01:30:07', 0),
(74, 'romakumari@gmail.com', 'e10adc3949ba59abbe56e057f20f883e', '2020-01-16 21:11:59', '2020-01-17 04:11:59', 1),
(75, 'hakakumari@gmail.com', 'e10adc3949ba59abbe56e057f20f883e', '2020-01-16 21:14:06', '2020-01-20 01:30:02', 0),
(76, 'ankitakumari@gmail.com', 'e10adc3949ba59abbe56e057f20f883e', '2020-01-16 21:18:37', '2020-01-20 01:29:53', 0),
(77, 'isank620@gmail.com', '9f6f45075cf49c5b01bdcd0254358fed', '2020-01-17 11:48:34', '2020-01-17 18:48:34', 1),
(78, 'ankitakumari@gmail.com', 'e10adc3949ba59abbe56e057f20f883e', '2020-01-19 18:33:54', '2020-01-20 01:33:54', 1),
(79, 'hakakumari@gmail.com', 'e10adc3949ba59abbe56e057f20f883e', '2020-01-19 18:35:07', '2020-01-20 01:35:07', 1),
(80, 'sonali@gmail.com', 'e10adc3949ba59abbe56e057f20f883e', '2020-01-19 18:37:31', '2020-01-20 05:21:10', 0),
(81, 'sonali@gmail.com', 'e10adc3949ba59abbe56e057f20f883e', '2020-01-19 22:25:04', '2020-01-20 05:25:04', 1),
(82, 'haka@gmail.com', 'e10adc3949ba59abbe56e057f20f883e', '2020-01-19 22:29:11', '2020-01-20 05:29:11', 1),
(83, 'sangamkumar9973@gmail.com', '58bde2e6d0ddd99cf7f24069a9869c24', '2020-01-21 20:10:42', '2020-01-22 03:10:42', 1),
(84, 'ik5237116@gmail.com', '9529e56b5a95b4bbfe5ea75068cf442a', '2020-01-22 19:05:30', '2020-01-23 02:05:30', 1),
(85, 'kishanraj851126@gmail.com', 'e10adc3949ba59abbe56e057f20f883e', '2020-01-23 21:56:24', '2020-01-24 04:56:24', 1),
(86, 'rohitkumar@gmail.com', 'e10adc3949ba59abbe56e057f20f883e', '2020-01-25 21:16:42', '2020-01-26 04:16:42', 1);

-- --------------------------------------------------------

--
-- Table structure for table `video`
--

CREATE TABLE `video` (
  `id` int(8) NOT NULL,
  `class_id` int(4) NOT NULL,
  `subject_id` int(4) NOT NULL,
  `chapter_id` int(8) NOT NULL,
  `month_id` int(8) NOT NULL,
  `session` varchar(300) NOT NULL,
  `video_title` varchar(300) NOT NULL,
  `video_name` varchar(300) NOT NULL,
  `video_description` varchar(10000) NOT NULL,
  `video_url` varchar(300) NOT NULL,
  `modified` datetime NOT NULL,
  `status` int(8) NOT NULL
) ENGINE=InnoDB DEFAULT CHARSET=utf8;

--
-- Dumping data for table `video`
--

INSERT INTO `video` (`id`, `class_id`, `subject_id`, `chapter_id`, `month_id`, `session`, `video_title`, `video_name`, `video_description`, `video_url`, `modified`, `status`) VALUES
(1, 1, 1, 1, 1, '19-20', 'à¤¶à¥à¤°à¤® à¤µà¤¿à¤­à¤¾à¤œà¤¨ à¤”à¤° à¤œà¤¾à¤¤à¤¿ à¤ªà¥à¤°à¤¥à¤¾ ', 'video_20200102175424_0.mp4', 'à¤¶à¥à¤°à¤® à¤µà¤¿à¤­à¤¾à¤œà¤¨ à¤”à¤° à¤œà¤¾à¤¤à¤¿ à¤ªà¥à¤°à¤¥à¤¾ ', '../video/video_20200102175424_0.mp4', '0000-00-00 00:00:00', 0),
(2, 4, 2, 2, 1, '19-20', 'à¤¶à¥à¤°à¤® à¤µà¤¿à¤­à¤¾à¤œà¤¨ à¤”à¤° à¤œà¤¾à¤¤à¤¿ à¤ªà¥à¤°à¤¥à¤¾ ', 'video_20200103110616_0.mp4', 'à¤¶à¥à¤°à¤® à¤µà¤¿à¤­à¤¾à¤œà¤¨ à¤”à¤° à¤œà¤¾à¤¤à¤¿ à¤ªà¥à¤°à¤¥à¤¾ ', '../video/video_20200103110616_0.mp4', '0000-00-00 00:00:00', 0),
(3, 4, 3, 3, 1, '19-20', 'à¤•à¤¾à¤°à¤• ', 'video_20200103112542_0.mp4', 'à¤•à¤¾à¤°à¤• ', '../video/video_20200103112542_0.mp4', '0000-00-00 00:00:00', 0),
(4, 7, 4, 4, 2, '19-20', 'à¤•à¤¾à¤°à¤• ', 'video_20200103112850_0.mp4', 'à¤•à¤¾à¤°à¤• ', '../video/video_20200103112850_0.mp4', '0000-00-00 00:00:00', 0),
(5, 5, 5, 5, 3, '19-20', 'à¤¸à¤®à¤¾à¤¸ ', 'video_20200103113550_0.mp4', 'à¤¸à¤®à¤¾à¤¸ ', '../video/video_20200103113550_0.mp4', '0000-00-00 00:00:00', 0),
(6, 5, 6, 6, 1, '19-20', 'à¤µà¤¿à¤¶à¥‡à¤·à¤£ ', 'video_20200103114405_0.mp4', 'à¤µà¤¿à¤¶à¥‡à¤·à¤£ ', '../video/video_20200103114405_0.mp4', '0000-00-00 00:00:00', 0),
(7, 7, 7, 7, 1, '19-20', 'à¤—à¥‹à¤§à¥à¤²à¥€ (chapter 1 to 3)', 'video_20200103202339_0.mp4', 'à¤—à¥‹à¤§à¥à¤²à¥€ (chapter 1 to 3)', '../video/video_20200103202339_0.mp4', '0000-00-00 00:00:00', 0),
(8, 5, 8, 8, 2, '19-20', 'à¤²à¤•à¥à¤·à¥à¤®à¤£', 'video_20200104180008_0.mp4', 'à¤²à¤•à¥à¤·à¥à¤®à¤£', '../video/video_20200104180008_0.mp4', '0000-00-00 00:00:00', 0),
(9, 8, 9, 10, 1, '19-20', 'à¤¦à¤¹à¥€ à¤µà¤¾à¤²à¥€ à¤®à¤‚à¤—à¤®à¥à¤®à¤¾ ', 'video_20200104200723_0.mp4', 'à¤¦à¤¹à¥€ à¤µà¤¾à¤²à¥€ à¤®à¤‚à¤—à¤®à¥à¤®à¤¾ ', '../video/video_20200104200723_0.mp4', '0000-00-00 00:00:00', 1),
(10, 9, 10, 11, 1, '19-20', 'à¤—à¥‹à¤§à¥à¤²à¥€ (chapter 1 To 3 )', 'video_20200104201613_0.mp4', 'à¤—à¥‹à¤§à¥à¤²à¥€ (chapter 1 To 3 )', '../video/video_20200104201613_0.mp4', '0000-00-00 00:00:00', 1),
(11, 10, 11, 12, 1, '19-20', 'à¤­à¤¾à¤·à¤¾ ', 'video_20200113214619_0.mp4', 'à¤­à¤¾à¤·à¤¾ ', '../video/video_20200113214619_0.mp4', '0000-00-00 00:00:00', 1),
(12, 10, 11, 13, 1, '19-20', 'à¤ªà¤°à¥à¤¯à¤¾à¤¯à¤µà¤¾à¤šà¥€ à¤¶à¤¬à¥à¤¦ ', 'video_20200113215602_0.mp4', 'à¤ªà¤°à¥à¤¯à¤¾à¤¯à¤µà¤¾à¤šà¥€ à¤¶à¤¬à¥à¤¦ ', '../video/video_20200113215602_0.mp4', '0000-00-00 00:00:00', 1),
(13, 8, 12, 14, 1, '19-20', 'à¤ªà¥à¤°à¤•à¤¾à¤¶ à¤•à¤¾ à¤ªà¤°à¤¾à¤µà¤°à¥à¤¤à¤¨ part 1 ', 'video_20200113221648_0.mp4', 'à¤ªà¥à¤°à¤•à¤¾à¤¶ à¤•à¤¾ à¤ªà¤°à¤¾à¤µà¤°à¥à¤¤à¤¨ part 1 ', '../video/video_20200113221648_0.mp4', '0000-00-00 00:00:00', 1),
(14, 8, 12, 14, 1, '19-20', 'à¤ªà¥à¤°à¤•à¤¾à¤¶ à¤•à¤¾ à¤ªà¤°à¤¾à¤µà¤°à¥à¤¤à¤¨ ', 'video_20200117220436_0.mp4', 'à¤ªà¥à¤°à¤•à¤¾à¤¶ à¤•à¤¾ à¤ªà¤°à¤¾à¤µà¤°à¥à¤¤à¤¨ ', '../video/video_20200117220436_0.mp4', '0000-00-00 00:00:00', 1),
(15, 8, 9, 9, 1, '19-20', 'à¤¶à¥à¤°à¤® à¤µà¤¿à¤­à¤¾à¤œà¤¨ à¤”à¤° à¤œà¤¾à¤¤à¤¿ à¤ªà¥à¤°à¤¥à¤¾ ', 'video_20200117221716_0.mp4', 'à¤¶à¥à¤°à¤® à¤µà¤¿à¤­à¤¾à¤œà¤¨ à¤”à¤° à¤œà¤¾à¤¤à¤¿ à¤ªà¥à¤°à¤¥à¤¾ ', '../video/video_20200117221716_0.mp4', '0000-00-00 00:00:00', 1),
(16, 8, 12, 14, 1, '19-20', 'à¤ªà¥à¤°à¤•à¤¾à¤¶ à¤•à¤¾ à¤ªà¤°à¤¾à¤µà¤°à¥à¤¤à¤¨ ', 'video_20200117223136_0.mp4', 'à¤ªà¥à¤°à¤•à¤¾à¤¶ à¤•à¤¾ à¤ªà¤°à¤¾à¤µà¤°à¥à¤¤à¤¨ ', '../video/video_20200117223136_0.mp4', '0000-00-00 00:00:00', 1),
(17, 8, 12, 14, 1, '19-20', 'à¤ªà¥à¤°à¤•à¤¾à¤¶ à¤•à¤¾ à¤ªà¤°à¤¾à¤µà¤°à¥à¤¤à¤¨ ', 'video_20200117223529_0.mp4', 'à¤ªà¥à¤°à¤•à¤¾à¤¶ à¤•à¤¾ à¤ªà¤°à¤¾à¤µà¤°à¥à¤¤à¤¨ ', '../video/video_20200117223529_0.mp4', '0000-00-00 00:00:00', 1),
(18, 8, 12, 14, 1, '19-20', 'à¤ªà¥à¤°à¤•à¤¾à¤¶ à¤•à¤¾ à¤ªà¤°à¤¾à¤µà¤°à¥à¤¤à¤¨ ', 'video_20200119072603_0.mp4', 'à¤ªà¥à¤°à¤•à¤¾à¤¶ à¤•à¤¾ à¤ªà¤°à¤¾à¤µà¤°à¥à¤¤à¤¨ ', '../video/video_20200119072603_0.mp4', '0000-00-00 00:00:00', 1),
(19, 8, 9, 9, 2, '19-20', 'v title', 'video_20200119105009_0.mp4', 'v desc', '../video/video_20200119105009_0.mp4', '0000-00-00 00:00:00', 0),
(20, 8, 9, 9, 3, '19-20', 's title', 'video_20200119105229_0.mp4', '', '../video/video_20200119105229_0.mp4', '0000-00-00 00:00:00', 0),
(21, 8, 14, 16, 4, '19-20', 'à¤¦à¤¹à¥€ à¤µà¤¾à¤²à¥€ à¤®à¤‚à¤—à¤®à¥à¤®à¤¾ ', 'video_20200119182852_0.mp4', 'à¤¦à¤¹à¥€ à¤µà¤¾à¤²à¥€ à¤®à¤‚à¤—à¤®à¥à¤®à¤¾ ', '../video/video_20200119182852_0.mp4', '0000-00-00 00:00:00', 0),
(22, 8, 15, 17, 2, '19-20', 'à¤µà¤¿à¤· à¤•à¥‡ à¤¦à¤¾à¤‚à¤¤ ', 'video_20200124120244_0.mp4', 'à¤µà¤¿à¤· à¤•à¥‡ à¤¦à¤¾à¤‚à¤¤', '../video/video_20200124120244_0.mp4', '0000-00-00 00:00:00', 1),
(23, 8, 13, 18, 1, '19-20', 'à¤µà¤°à¥à¤£ à¤µà¤¿à¤šà¤¾à¤° ', 'video_20200124121136_0.mp4', 'à¤µà¤°à¥à¤£ à¤µà¤¿à¤šà¤¾à¤° ', '../video/video_20200124121136_0.mp4', '0000-00-00 00:00:00', 1),
(24, 8, 27, 19, 2, '19-20', 'à¤ªà¥à¤°à¤•à¤¾à¤¶ à¤•à¤¾ à¤…à¤ªà¤µà¤°à¥à¤¤à¤¨  1 ', 'video_20200124122141_0.mp4', 'à¤ªà¥à¤°à¤•à¤¾à¤¶ à¤•à¤¾ à¤…à¤ªà¤µà¤°à¥à¤¤à¤¨  1', '../video/video_20200124122141_0.mp4', '0000-00-00 00:00:00', 1),
(25, 8, 27, 19, 2, '19-20', 'à¤ªà¥à¤°à¤•à¤¾à¤¶ à¤•à¤¾ à¤…à¤ªà¤µà¤°à¥à¤¤à¤¨  2 ', 'video_20200124123039_0.mp4', 'à¤ªà¥à¤°à¤•à¤¾à¤¶ à¤•à¤¾ à¤…à¤ªà¤µà¤°à¥à¤¤à¤¨  2', '../video/video_20200124123039_0.mp4', '0000-00-00 00:00:00', 1),
(26, 8, 27, 19, 2, '19-20', 'à¤ªà¥à¤°à¤•à¤¾à¤¶ à¤•à¤¾ à¤…à¤ªà¤µà¤°à¥à¤¤à¤¨  3', 'video_20200124123643_0.mp4', 'à¤ªà¥à¤°à¤•à¤¾à¤¶ à¤•à¤¾ à¤…à¤ªà¤µà¤°à¥à¤¤à¤¨  3', '../video/video_20200124123643_0.mp4', '0000-00-00 00:00:00', 1);

--
-- Indexes for dumped tables
--

--
-- Indexes for table `admin_forgot`
--
ALTER TABLE `admin_forgot`
  ADD PRIMARY KEY (`id`);

--
-- Indexes for table `auth`
--
ALTER TABLE `auth`
  ADD PRIMARY KEY (`id`);

--
-- Indexes for table `chapter`
--
ALTER TABLE `chapter`
  ADD PRIMARY KEY (`id`);

--
-- Indexes for table `class`
--
ALTER TABLE `class`
  ADD PRIMARY KEY (`id`);

--
-- Indexes for table `course_details`
--
ALTER TABLE `course_details`
  ADD PRIMARY KEY (`id`);

--
-- Indexes for table `exam_question_setup`
--
ALTER TABLE `exam_question_setup`
  ADD PRIMARY KEY (`id`);

--
-- Indexes for table `exam_title_master`
--
ALTER TABLE `exam_title_master`
  ADD PRIMARY KEY (`id`);

--
-- Indexes for table `exam_user_log`
--
ALTER TABLE `exam_user_log`
  ADD PRIMARY KEY (`id`);

--
-- Indexes for table `fee`
--
ALTER TABLE `fee`
  ADD PRIMARY KEY (`id`);

--
-- Indexes for table `forgot_password`
--
ALTER TABLE `forgot_password`
  ADD PRIMARY KEY (`id`);

--
-- Indexes for table `login`
--
ALTER TABLE `login`
  ADD PRIMARY KEY (`id`);

--
-- Indexes for table `month`
--
ALTER TABLE `month`
  ADD PRIMARY KEY (`id`);

--
-- Indexes for table `notification`
--
ALTER TABLE `notification`
  ADD PRIMARY KEY (`id`);

--
-- Indexes for table `payment`
--
ALTER TABLE `payment`
  ADD PRIMARY KEY (`id`);

--
-- Indexes for table `payment_data`
--
ALTER TABLE `payment_data`
  ADD PRIMARY KEY (`id`);

--
-- Indexes for table `payment_details`
--
ALTER TABLE `payment_details`
  ADD PRIMARY KEY (`id`);

--
-- Indexes for table `pdf`
--
ALTER TABLE `pdf`
  ADD PRIMARY KEY (`id`);

--
-- Indexes for table `profile`
--
ALTER TABLE `profile`
  ADD PRIMARY KEY (`id`);

--
-- Indexes for table `referral_account`
--
ALTER TABLE `referral_account`
  ADD PRIMARY KEY (`id`);

--
-- Indexes for table `referral_price`
--
ALTER TABLE `referral_price`
  ADD PRIMARY KEY (`id`);

--
-- Indexes for table `student_result`
--
ALTER TABLE `student_result`
  ADD PRIMARY KEY (`id`);

--
-- Indexes for table `subject`
--
ALTER TABLE `subject`
  ADD PRIMARY KEY (`id`);

--
-- Indexes for table `submit_exam`
--
ALTER TABLE `submit_exam`
  ADD PRIMARY KEY (`id`);

--
-- Indexes for table `thumb`
--
ALTER TABLE `thumb`
  ADD PRIMARY KEY (`id`);

--
-- Indexes for table `users`
--
ALTER TABLE `users`
  ADD PRIMARY KEY (`id`);

--
-- Indexes for table `video`
--
ALTER TABLE `video`
  ADD PRIMARY KEY (`id`);

--
-- AUTO_INCREMENT for dumped tables
--

--
-- AUTO_INCREMENT for table `admin_forgot`
--
ALTER TABLE `admin_forgot`
  MODIFY `id` int(8) NOT NULL AUTO_INCREMENT;

--
-- AUTO_INCREMENT for table `auth`
--
ALTER TABLE `auth`
  MODIFY `id` int(8) NOT NULL AUTO_INCREMENT, AUTO_INCREMENT=218;

--
-- AUTO_INCREMENT for table `chapter`
--
ALTER TABLE `chapter`
  MODIFY `id` int(8) NOT NULL AUTO_INCREMENT, AUTO_INCREMENT=20;

--
-- AUTO_INCREMENT for table `class`
--
ALTER TABLE `class`
  MODIFY `id` int(8) NOT NULL AUTO_INCREMENT, AUTO_INCREMENT=11;

--
-- AUTO_INCREMENT for table `course_details`
--
ALTER TABLE `course_details`
  MODIFY `id` int(10) NOT NULL AUTO_INCREMENT, AUTO_INCREMENT=87;

--
-- AUTO_INCREMENT for table `exam_question_setup`
--
ALTER TABLE `exam_question_setup`
  MODIFY `id` int(8) NOT NULL AUTO_INCREMENT, AUTO_INCREMENT=49;

--
-- AUTO_INCREMENT for table `exam_title_master`
--
ALTER TABLE `exam_title_master`
  MODIFY `id` int(8) NOT NULL AUTO_INCREMENT, AUTO_INCREMENT=3;

--
-- AUTO_INCREMENT for table `exam_user_log`
--
ALTER TABLE `exam_user_log`
  MODIFY `id` int(8) NOT NULL AUTO_INCREMENT, AUTO_INCREMENT=13;

--
-- AUTO_INCREMENT for table `fee`
--
ALTER TABLE `fee`
  MODIFY `id` int(8) NOT NULL AUTO_INCREMENT, AUTO_INCREMENT=31;

--
-- AUTO_INCREMENT for table `forgot_password`
--
ALTER TABLE `forgot_password`
  MODIFY `id` int(8) NOT NULL AUTO_INCREMENT, AUTO_INCREMENT=3;

--
-- AUTO_INCREMENT for table `login`
--
ALTER TABLE `login`
  MODIFY `id` int(8) NOT NULL AUTO_INCREMENT, AUTO_INCREMENT=9;

--
-- AUTO_INCREMENT for table `month`
--
ALTER TABLE `month`
  MODIFY `id` int(2) NOT NULL AUTO_INCREMENT, AUTO_INCREMENT=13;

--
-- AUTO_INCREMENT for table `notification`
--
ALTER TABLE `notification`
  MODIFY `id` int(10) NOT NULL AUTO_INCREMENT;

--
-- AUTO_INCREMENT for table `payment`
--
ALTER TABLE `payment`
  MODIFY `id` int(8) NOT NULL AUTO_INCREMENT, AUTO_INCREMENT=133;

--
-- AUTO_INCREMENT for table `payment_data`
--
ALTER TABLE `payment_data`
  MODIFY `id` int(8) NOT NULL AUTO_INCREMENT, AUTO_INCREMENT=80;

--
-- AUTO_INCREMENT for table `payment_details`
--
ALTER TABLE `payment_details`
  MODIFY `id` int(8) NOT NULL AUTO_INCREMENT, AUTO_INCREMENT=66;

--
-- AUTO_INCREMENT for table `pdf`
--
ALTER TABLE `pdf`
  MODIFY `id` int(8) NOT NULL AUTO_INCREMENT, AUTO_INCREMENT=10;

--
-- AUTO_INCREMENT for table `profile`
--
ALTER TABLE `profile`
  MODIFY `id` int(8) NOT NULL AUTO_INCREMENT, AUTO_INCREMENT=87;

--
-- AUTO_INCREMENT for table `referral_account`
--
ALTER TABLE `referral_account`
  MODIFY `id` int(8) NOT NULL AUTO_INCREMENT, AUTO_INCREMENT=12;

--
-- AUTO_INCREMENT for table `referral_price`
--
ALTER TABLE `referral_price`
  MODIFY `id` int(8) NOT NULL AUTO_INCREMENT, AUTO_INCREMENT=3;

--
-- AUTO_INCREMENT for table `student_result`
--
ALTER TABLE `student_result`
  MODIFY `id` int(11) NOT NULL AUTO_INCREMENT, AUTO_INCREMENT=23;

--
-- AUTO_INCREMENT for table `subject`
--
ALTER TABLE `subject`
  MODIFY `id` int(6) NOT NULL AUTO_INCREMENT, AUTO_INCREMENT=28;

--
-- AUTO_INCREMENT for table `submit_exam`
--
ALTER TABLE `submit_exam`
  MODIFY `id` int(11) NOT NULL AUTO_INCREMENT, AUTO_INCREMENT=258;

--
-- AUTO_INCREMENT for table `thumb`
--
ALTER TABLE `thumb`
  MODIFY `id` int(8) NOT NULL AUTO_INCREMENT, AUTO_INCREMENT=27;

--
-- AUTO_INCREMENT for table `users`
--
ALTER TABLE `users`
  MODIFY `id` int(8) NOT NULL AUTO_INCREMENT, AUTO_INCREMENT=87;

--
-- AUTO_INCREMENT for table `video`
--
ALTER TABLE `video`
  MODIFY `id` int(8) NOT NULL AUTO_INCREMENT, AUTO_INCREMENT=27;
COMMIT;

/*!40101 SET CHARACTER_SET_CLIENT=@OLD_CHARACTER_SET_CLIENT */;
/*!40101 SET CHARACTER_SET_RESULTS=@OLD_CHARACTER_SET_RESULTS */;
/*!40101 SET COLLATION_CONNECTION=@OLD_COLLATION_CONNECTION */;
